{
  "type": "FeatureCollection",
  "features": [
    {
      "type": "Feature",
      "id": "BLDG-217529760",
      "properties": {
        "building_type": "temple",
        "osm_id": 217529760,
        "centroid": {
          "lat": 12.9675083,
          "lon": 77.63977544
        },
        "area_m2": 161.2898986463538,
        "levels": 2,
        "height": 6.4
      },
      "geometry": {
        "type": "Polygon",
        "coordinates": [
          [
            [
              77.6397358,
              12.9675477
            ],
            [
              77.6398518,
              12.9675222
            ],
            [
              77.6398349,
              12.9674492
            ],
            [
              77.6397189,
              12.9674747
            ],
            [
              77.6397358,
              12.9675477
            ]
          ]
        ]
      }
    },
    {
      "type": "Feature",
      "id": "BLDG-286435021",
      "properties": {
        "building_type": "commercial",
        "osm_id": 286435021,
        "centroid": {
          "lat": 12.97023474,
          "lon": 77.63613292
        },
        "area_m2": 245.14847279721775,
        "levels": 2,
        "height": 6.4
      },
      "geometry": {
        "type": "Polygon",
        "coordinates": [
          [
            [
              77.6360858,
              12.9701762
            ],
            [
              77.6360767,
              12.9703147
            ],
            [
              77.6362036,
              12.9703225
            ],
            [
              77.6362127,
              12.9701841
            ],
            [
              77.6360858,
              12.9701762
            ]
          ]
        ]
      }
    },
    {
      "type": "Feature",
      "id": "BLDG-313835091",
      "properties": {
        "building_type": "commercial",
        "osm_id": 313835091,
        "centroid": {
          "lat": 12.96835312,
          "lon": 77.64021952
        },
        "area_m2": 118.00142047207065,
        "levels": 4,
        "height": 12.8
      },
      "geometry": {
        "type": "Polygon",
        "coordinates": [
          [
            [
              77.6401918,
              12.9684076
            ],
            [
              77.6402591,
              12.9684086
            ],
            [
              77.6402611,
              12.9682714
            ],
            [
              77.6401938,
              12.9682704
            ],
            [
              77.6401918,
              12.9684076
            ]
          ]
        ]
      }
    },
    {
      "type": "Feature",
      "id": "BLDG-346248869",
      "properties": {
        "building_type": "yes",
        "osm_id": 346248869,
        "centroid": {
          "lat": 12.97087842,
          "lon": 77.63565082
        },
        "area_m2": 4008.8226579281454,
        "levels": 5,
        "height": 16.0
      },
      "geometry": {
        "type": "Polygon",
        "coordinates": [
          [
            [
              77.6355999,
              12.9705664
            ],
            [
              77.6354301,
              12.9713059
            ],
            [
              77.6358364,
              12.9713672
            ],
            [
              77.6357878,
              12.9705862
            ],
            [
              77.6355999,
              12.9705664
            ]
          ]
        ]
      }
    },
    {
      "type": "Feature",
      "id": "BLDG-346436208",
      "properties": {
        "building_type": "commercial",
        "osm_id": 346436208,
        "centroid": {
          "lat": 12.970234266666667,
          "lon": 77.63823452222222
        },
        "area_m2": 360.61275295558147,
        "levels": 2,
        "height": 6.4
      },
      "geometry": {
        "type": "Polygon",
        "coordinates": [
          [
            [
              77.638322,
              12.9701305
            ],
            [
              77.6382087,
              12.9701238
            ],
            [
              77.6382005,
              12.970255
            ],
            [
              77.6381719,
              12.9702533
            ],
            [
              77.6381682,
              12.9703121
            ],
            [
              77.6382022,
              12.9703141
            ],
            [
              77.6382037,
              12.9702913
            ],
            [
              77.6383115,
              12.9702978
            ],
            [
              77.638322,
              12.9701305
            ]
          ]
        ]
      }
    },
    {
      "type": "Feature",
      "id": "BLDG-346436217",
      "properties": {
        "building_type": "yes",
        "osm_id": 346436217,
        "centroid": {
          "lat": 12.9689072,
          "lon": 77.63540753999999
        },
        "area_m2": 378.8151823144181,
        "levels": 2,
        "height": 6.4
      },
      "geometry": {
        "type": "Polygon",
        "coordinates": [
          [
            [
              77.6353403,
              12.968871
            ],
            [
              77.6354447,
              12.9690077
            ],
            [
              77.6355084,
              12.9689615
            ],
            [
              77.635404,
              12.9688248
            ],
            [
              77.6353403,
              12.968871
            ]
          ]
        ]
      }
    },
    {
      "type": "Feature",
      "id": "BLDG-346436231",
      "properties": {
        "building_type": "residential",
        "osm_id": 346436231,
        "centroid": {
          "lat": 12.96786056,
          "lon": 77.63612338
        },
        "area_m2": 703.8877643376904,
        "levels": 2,
        "height": 6.4
      },
      "geometry": {
        "type": "Polygon",
        "coordinates": [
          [
            [
              77.6360187,
              12.9678907
            ],
            [
              77.6360716,
              12.9679622
            ],
            [
              77.6362804,
              12.9678153
            ],
            [
              77.6362275,
              12.9677439
            ],
            [
              77.6360187,
              12.9678907
            ]
          ]
        ]
      }
    },
    {
      "type": "Feature",
      "id": "BLDG-346436234",
      "properties": {
        "building_type": "yes",
        "osm_id": 346436234,
        "centroid": {
          "lat": 12.966948519999999,
          "lon": 77.63665205999999
        },
        "area_m2": 113.54836464440952,
        "levels": 2,
        "height": 6.4
      },
      "geometry": {
        "type": "Polygon",
        "coordinates": [
          [
            [
              77.6366135,
              12.9669571
            ],
            [
              77.6366561,
              12.9669942
            ],
            [
              77.6367099,
              12.9669356
            ],
            [
              77.6366673,
              12.9668986
            ],
            [
              77.6366135,
              12.9669571
            ]
          ]
        ]
      }
    },
    {
      "type": "Feature",
      "id": "BLDG-346436236",
      "properties": {
        "building_type": "house",
        "osm_id": 346436236,
        "centroid": {
          "lat": 12.969692499999999,
          "lon": 77.63639616
        },
        "area_m2": 184.16494404718875,
        "levels": 3,
        "height": 9.600000000000001
      },
      "geometry": {
        "type": "Polygon",
        "coordinates": [
          [
            [
              77.6364318,
              12.9697516
            ],
            [
              77.6364379,
              12.9696077
            ],
            [
              77.6363426,
              12.9696039
            ],
            [
              77.6363367,
              12.9697477
            ],
            [
              77.6364318,
              12.9697516
            ]
          ]
        ]
      }
    },
    {
      "type": "Feature",
      "id": "BLDG-346436254",
      "properties": {
        "building_type": "yes",
        "osm_id": 346436254,
        "centroid": {
          "lat": 12.966995020000002,
          "lon": 77.63763168
        },
        "area_m2": 141.28478377967392,
        "levels": 2,
        "height": 6.4
      },
      "geometry": {
        "type": "Polygon",
        "coordinates": [
          [
            [
              77.6375943,
              12.9670321
            ],
            [
              77.6377029,
              12.9670099
            ],
            [
              77.6376877,
              12.9669394
            ],
            [
              77.6375792,
              12.9669616
            ],
            [
              77.6375943,
              12.9670321
            ]
          ]
        ]
      }
    },
    {
      "type": "Feature",
      "id": "BLDG-346436256",
      "properties": {
        "building_type": "yes",
        "osm_id": 346436256,
        "centroid": {
          "lat": 12.968204259999998,
          "lon": 77.63679835999999
        },
        "area_m2": 191.41104734739423,
        "levels": 2,
        "height": 6.4
      },
      "geometry": {
        "type": "Polygon",
        "coordinates": [
          [
            [
              77.6367588,
              12.9682567
            ],
            [
              77.6368675,
              12.9682484
            ],
            [
              77.6368577,
              12.9681256
            ],
            [
              77.636749,
              12.9681339
            ],
            [
              77.6367588,
              12.9682567
            ]
          ]
        ]
      }
    },
    {
      "type": "Feature",
      "id": "BLDG-346436282",
      "properties": {
        "building_type": "residential",
        "osm_id": 346436282,
        "centroid": {
          "lat": 12.968288760000002,
          "lon": 77.63545146
        },
        "area_m2": 494.6861786382106,
        "levels": 2,
        "height": 6.4
      },
      "geometry": {
        "type": "Polygon",
        "coordinates": [
          [
            [
              77.6353498,
              12.9682334
            ],
            [
              77.6353318,
              12.9683153
            ],
            [
              77.635604,
              12.9683718
            ],
            [
              77.6356219,
              12.9682899
            ],
            [
              77.6353498,
              12.9682334
            ]
          ]
        ]
      }
    },
    {
      "type": "Feature",
      "id": "BLDG-346436285",
      "properties": {
        "building_type": "yes",
        "osm_id": 346436285,
        "centroid": {
          "lat": 12.96940152,
          "lon": 77.63856768000001
        },
        "area_m2": 155.46292811780447,
        "levels": 2,
        "height": 6.4
      },
      "geometry": {
        "type": "Polygon",
        "coordinates": [
          [
            [
              77.6385147,
              12.9694342
            ],
            [
              77.6386422,
              12.969441
            ],
            [
              77.6386471,
              12.9693525
            ],
            [
              77.6385197,
              12.9693457
            ],
            [
              77.6385147,
              12.9694342
            ]
          ]
        ]
      }
    },
    {
      "type": "Feature",
      "id": "BLDG-346436287",
      "properties": {
        "building_type": "yes",
        "osm_id": 346436287,
        "centroid": {
          "lat": 12.96726592,
          "lon": 77.63597306
        },
        "area_m2": 174.9089160094705,
        "levels": 2,
        "height": 6.4
      },
      "geometry": {
        "type": "Polygon",
        "coordinates": [
          [
            [
              77.6359325,
              12.9673104
            ],
            [
              77.6360091,
              12.9673248
            ],
            [
              77.6360339,
              12.9671992
            ],
            [
              77.6359573,
              12.9671848
            ],
            [
              77.6359325,
              12.9673104
            ]
          ]
        ]
      }
    },
    {
      "type": "Feature",
      "id": "BLDG-346436291",
      "properties": {
        "building_type": "house",
        "osm_id": 346436291,
        "centroid": {
          "lat": 12.969293519999999,
          "lon": 77.63727116
        },
        "area_m2": 317.1188836933594,
        "levels": 2,
        "height": 6.4
      },
      "geometry": {
        "type": "Polygon",
        "coordinates": [
          [
            [
              77.6372155,
              12.9693653
            ],
            [
              77.6373507,
              12.969368
            ],
            [
              77.6373547,
              12.9691859
            ],
            [
              77.6372194,
              12.9691831
            ],
            [
              77.6372155,
              12.9693653
            ]
          ]
        ]
      }
    },
    {
      "type": "Feature",
      "id": "BLDG-346436297",
      "properties": {
        "building_type": "yes",
        "osm_id": 346436297,
        "centroid": {
          "lat": 12.969789879999999,
          "lon": 77.63516064000001
        },
        "area_m2": 384.2441845262137,
        "levels": 2,
        "height": 6.4
      },
      "geometry": {
        "type": "Polygon",
        "coordinates": [
          [
            [
              77.6351656,
              12.969861
            ],
            [
              77.6352471,
              12.9697973
            ],
            [
              77.6351532,
              12.9696832
            ],
            [
              77.6350717,
              12.9697469
            ],
            [
              77.6351656,
              12.969861
            ]
          ]
        ]
      }
    },
    {
      "type": "Feature",
      "id": "BLDG-346436308",
      "properties": {
        "building_type": "office",
        "osm_id": 346436308,
        "centroid": {
          "lat": 12.967404199999999,
          "lon": 77.636965
        },
        "area_m2": 273.6851409094982,
        "levels": 2,
        "height": 6.4
      },
      "geometry": {
        "type": "Polygon",
        "coordinates": [
          [
            [
              77.6369116,
              12.9673728
            ],
            [
              77.6368588,
              12.967463
            ],
            [
              77.6370753,
              12.967452
            ],
            [
              77.6370677,
              12.9673604
            ],
            [
              77.6369116,
              12.9673728
            ]
          ]
        ]
      }
    },
    {
      "type": "Feature",
      "id": "BLDG-346436310",
      "properties": {
        "building_type": "commercial",
        "osm_id": 346436310,
        "centroid": {
          "lat": 12.970272959999999,
          "lon": 77.63892854000001
        },
        "area_m2": 258.64341770547344,
        "levels": 4,
        "height": 12.8
      },
      "geometry": {
        "type": "Polygon",
        "coordinates": [
          [
            [
              77.6389647,
              12.9703474
            ],
            [
              77.6389759,
              12.9701673
            ],
            [
              77.6388743,
              12.9701613
            ],
            [
              77.6388631,
              12.9703414
            ],
            [
              77.6389647,
              12.9703474
            ]
          ]
        ]
      }
    },
    {
      "type": "Feature",
      "id": "BLDG-346436318",
      "properties": {
        "building_type": "yes",
        "osm_id": 346436318,
        "centroid": {
          "lat": 12.9675384,
          "lon": 77.6387145090909
        },
        "area_m2": 309.4300868482899,
        "levels": 2,
        "height": 6.4
      },
      "geometry": {
        "type": "Polygon",
        "coordinates": [
          [
            [
              77.6386633,
              12.9675771
            ],
            [
              77.6387281,
              12.9675452
            ],
            [
              77.6387364,
              12.9675612
            ],
            [
              77.6387705,
              12.9675444
            ],
            [
              77.6387783,
              12.9675595
            ],
            [
              77.638817,
              12.9675405
            ],
            [
              77.6387636,
              12.9674375
            ],
            [
              77.6386371,
              12.9674999
            ],
            [
              77.6386565,
              12.9675373
            ],
            [
              77.6386455,
              12.9675427
            ],
            [
              77.6386633,
              12.9675771
            ]
          ]
        ]
      }
    },
    {
      "type": "Feature",
      "id": "BLDG-346436334",
      "properties": {
        "building_type": "yes",
        "osm_id": 346436334,
        "centroid": {
          "lat": 12.967147120000002,
          "lon": 77.63625277999999
        },
        "area_m2": 296.2192642387363,
        "levels": 2,
        "height": 6.4
      },
      "geometry": {
        "type": "Polygon",
        "coordinates": [
          [
            [
              77.6361929,
              12.9671844
            ],
            [
              77.6363009,
              12.9672181
            ],
            [
              77.6363426,
              12.9670912
            ],
            [
              77.6362346,
              12.9670575
            ],
            [
              77.6361929,
              12.9671844
            ]
          ]
        ]
      }
    },
    {
      "type": "Feature",
      "id": "BLDG-346436343",
      "properties": {
        "building_type": "yes",
        "osm_id": 346436343,
        "centroid": {
          "lat": 12.96726362,
          "lon": 77.63608504
        },
        "area_m2": 152.20451647165424,
        "levels": 2,
        "height": 6.4
      },
      "geometry": {
        "type": "Polygon",
        "coordinates": [
          [
            [
              77.6360378,
              12.9672902
            ],
            [
              77.6361389,
              12.9673093
            ],
            [
              77.6361559,
              12.9672237
            ],
            [
              77.6360548,
              12.9672047
            ],
            [
              77.6360378,
              12.9672902
            ]
          ]
        ]
      }
    },
    {
      "type": "Feature",
      "id": "BLDG-346436351",
      "properties": {
        "building_type": "yes",
        "osm_id": 346436351,
        "centroid": {
          "lat": 12.97166068,
          "lon": 77.63825812
        },
        "area_m2": 182.8282387496282,
        "levels": 2,
        "height": 6.4
      },
      "geometry": {
        "type": "Polygon",
        "coordinates": [
          [
            [
              77.6383056,
              12.9717057
            ],
            [
              77.6383122,
              12.9716007
            ],
            [
              77.6381869,
              12.9715932
            ],
            [
              77.6381803,
              12.9716981
            ],
            [
              77.6383056,
              12.9717057
            ]
          ]
        ]
      }
    },
    {
      "type": "Feature",
      "id": "BLDG-346436363",
      "properties": {
        "building_type": "yes",
        "osm_id": 346436363,
        "centroid": {
          "lat": 12.968248499999998,
          "lon": 77.6384406
        },
        "area_m2": 153.12538799172404,
        "levels": 2,
        "height": 6.4
      },
      "geometry": {
        "type": "Polygon",
        "coordinates": [
          [
            [
              77.6384721,
              12.9683005
            ],
            [
              77.6384805,
              12.9681761
            ],
            [
              77.6383934,
              12.9681705
            ],
            [
              77.6383849,
              12.9682949
            ],
            [
              77.6384721,
              12.9683005
            ]
          ]
        ]
      }
    },
    {
      "type": "Feature",
      "id": "BLDG-346436366",
      "properties": {
        "building_type": "commercial",
        "osm_id": 346436366,
        "centroid": {
          "lat": 12.969688719999999,
          "lon": 77.63612201999999
        },
        "area_m2": 238.75929505064536,
        "levels": 4,
        "height": 12.8
      },
      "geometry": {
        "type": "Polygon",
        "coordinates": [
          [
            [
              77.6360761,
              12.969752
            ],
            [
              77.6361822,
              12.9697573
            ],
            [
              77.6361909,
              12.9695938
            ],
            [
              77.6360848,
              12.9695885
            ],
            [
              77.6360761,
              12.969752
            ]
          ]
        ]
      }
    },
    {
      "type": "Feature",
      "id": "BLDG-346436378",
      "properties": {
        "building_type": "yes",
        "osm_id": 346436378,
        "centroid": {
          "lat": 12.96694158,
          "lon": 77.63750898
        },
        "area_m2": 143.5003460091477,
        "levels": 2,
        "height": 6.4
      },
      "geometry": {
        "type": "Polygon",
        "coordinates": [
          [
            [
              77.6374743,
              12.9669805
            ],
            [
              77.6375775,
              12.9669594
            ],
            [
              77.637561,
              12.9668832
            ],
            [
              77.6374578,
              12.9669043
            ],
            [
              77.6374743,
              12.9669805
            ]
          ]
        ]
      }
    },
    {
      "type": "Feature",
      "id": "BLDG-346436379",
      "properties": {
        "building_type": "yes",
        "osm_id": 346436379,
        "centroid": {
          "lat": 12.96731274,
          "lon": 77.63631252
        },
        "area_m2": 135.34827957957998,
        "levels": 2,
        "height": 6.4
      },
      "geometry": {
        "type": "Polygon",
        "coordinates": [
          [
            [
              77.6362736,
              12.9673455
            ],
            [
              77.63635,
              12.967361
            ],
            [
              77.6363709,
              12.9672636
            ],
            [
              77.6362945,
              12.9672481
            ],
            [
              77.6362736,
              12.9673455
            ]
          ]
        ]
      }
    },
    {
      "type": "Feature",
      "id": "BLDG-346436380",
      "properties": {
        "building_type": "apartments",
        "osm_id": 346436380,
        "centroid": {
          "lat": 12.97020366,
          "lon": 77.63783598
        },
        "area_m2": 314.92919555310283,
        "levels": 3,
        "height": 9.600000000000001
      },
      "geometry": {
        "type": "Polygon",
        "coordinates": [
          [
            [
              77.6378831,
              12.9702782
            ],
            [
              77.6378928,
              12.9700984
            ],
            [
              77.6377653,
              12.9700919
            ],
            [
              77.6377556,
              12.9702716
            ],
            [
              77.6378831,
              12.9702782
            ]
          ]
        ]
      }
    },
    {
      "type": "Feature",
      "id": "BLDG-346436384",
      "properties": {
        "building_type": "retail",
        "osm_id": 346436384,
        "centroid": {
          "lat": 12.96730718,
          "lon": 77.63670408
        },
        "area_m2": 179.93970351881364,
        "levels": 4,
        "height": 12.8
      },
      "geometry": {
        "type": "Polygon",
        "coordinates": [
          [
            [
              77.6366608,
              12.9673418
            ],
            [
              77.6367057,
              12.9673661
            ],
            [
              77.6367689,
              12.9672552
            ],
            [
              77.6367242,
              12.967231
            ],
            [
              77.6366608,
              12.9673418
            ]
          ]
        ]
      }
    },
    {
      "type": "Feature",
      "id": "BLDG-346436431",
      "properties": {
        "building_type": "retail",
        "osm_id": 346436431,
        "centroid": {
          "lat": 12.9680213,
          "lon": 77.63631312
        },
        "area_m2": 151.40673171356852,
        "levels": 2,
        "height": 6.4
      },
      "geometry": {
        "type": "Polygon",
        "coordinates": [
          [
            [
              77.636271,
              12.9680447
            ],
            [
              77.636333,
              12.9680738
            ],
            [
              77.6363763,
              12.9679862
            ],
            [
              77.6363143,
              12.9679571
            ],
            [
              77.636271,
              12.9680447
            ]
          ]
        ]
      }
    },
    {
      "type": "Feature",
      "id": "BLDG-346436441",
      "properties": {
        "building_type": "yes",
        "osm_id": 346436441,
        "centroid": {
          "lat": 12.966927219999999,
          "lon": 77.63576564
        },
        "area_m2": 102.17460313212808,
        "levels": 2,
        "height": 6.4
      },
      "geometry": {
        "type": "Polygon",
        "coordinates": [
          [
            [
              77.6357276,
              12.9669392
            ],
            [
              77.6357974,
              12.9669678
            ],
            [
              77.6358227,
              12.9669093
            ],
            [
              77.6357529,
              12.9668806
            ],
            [
              77.6357276,
              12.9669392
            ]
          ]
        ]
      }
    },
    {
      "type": "Feature",
      "id": "BLDG-346436449",
      "properties": {
        "building_type": "yes",
        "osm_id": 346436449,
        "centroid": {
          "lat": 12.969312919999998,
          "lon": 77.63753892
        },
        "area_m2": 182.03230214654076,
        "levels": 2,
        "height": 6.4
      },
      "geometry": {
        "type": "Polygon",
        "coordinates": [
          [
            [
              77.6375003,
              12.9693715
            ],
            [
              77.637591,
              12.9693748
            ],
            [
              77.6375968,
              12.9692251
            ],
            [
              77.6375062,
              12.9692217
            ],
            [
              77.6375003,
              12.9693715
            ]
          ]
        ]
      }
    },
    {
      "type": "Feature",
      "id": "BLDG-346436459",
      "properties": {
        "building_type": "yes",
        "osm_id": 346436459,
        "centroid": {
          "lat": 12.96707666,
          "lon": 77.63764766
        },
        "area_m2": 147.7531855904221,
        "levels": 2,
        "height": 6.4
      },
      "geometry": {
        "type": "Polygon",
        "coordinates": [
          [
            [
              77.6376134,
              12.9671167
            ],
            [
              77.6377161,
              12.9670957
            ],
            [
              77.6376991,
              12.9670166
            ],
            [
              77.6375963,
              12.9670376
            ],
            [
              77.6376134,
              12.9671167
            ]
          ]
        ]
      }
    },
    {
      "type": "Feature",
      "id": "BLDG-346436460",
      "properties": {
        "building_type": "yes",
        "osm_id": 346436460,
        "centroid": {
          "lat": 12.96818154,
          "lon": 77.63696206
        },
        "area_m2": 303.2267097626065,
        "levels": 2,
        "height": 6.4
      },
      "geometry": {
        "type": "Polygon",
        "coordinates": [
          [
            [
              77.6369129,
              12.9682481
            ],
            [
              77.6370483,
              12.9682378
            ],
            [
              77.6370358,
              12.9680817
            ],
            [
              77.6369004,
              12.968092
            ],
            [
              77.6369129,
              12.9682481
            ]
          ]
        ]
      }
    },
    {
      "type": "Feature",
      "id": "BLDG-346436471",
      "properties": {
        "building_type": "detached",
        "osm_id": 346436471,
        "centroid": {
          "lat": 12.970385236363636,
          "lon": 77.63801233636364
        },
        "area_m2": 252.71923446581656,
        "levels": 2,
        "height": 6.4
      },
      "geometry": {
        "type": "Polygon",
        "coordinates": [
          [
            [
              77.6379638,
              12.9703064
            ],
            [
              77.6379584,
              12.9704162
            ],
            [
              77.6379629,
              12.9704164
            ],
            [
              77.6379611,
              12.970451
            ],
            [
              77.6379979,
              12.9704527
            ],
            [
              77.6379996,
              12.9704181
            ],
            [
              77.6380656,
              12.9704212
            ],
            [
              77.6380682,
              12.9703676
            ],
            [
              77.6380958,
              12.9703689
            ],
            [
              77.6380986,
              12.9703127
            ],
            [
              77.6379638,
              12.9703064
            ]
          ]
        ]
      }
    },
    {
      "type": "Feature",
      "id": "BLDG-346436474",
      "properties": {
        "building_type": "yes",
        "osm_id": 346436474,
        "centroid": {
          "lat": 12.96883622,
          "lon": 77.63549434
        },
        "area_m2": 295.8222816108937,
        "levels": 2,
        "height": 6.4
      },
      "geometry": {
        "type": "Polygon",
        "coordinates": [
          [
            [
              77.6354358,
              12.9687983
            ],
            [
              77.6355342,
              12.9689277
            ],
            [
              77.6355822,
              12.9688931
            ],
            [
              77.6354837,
              12.9687637
            ],
            [
              77.6354358,
              12.9687983
            ]
          ]
        ]
      }
    },
    {
      "type": "Feature",
      "id": "BLDG-346436475",
      "properties": {
        "building_type": "yes",
        "osm_id": 346436475,
        "centroid": {
          "lat": 12.96681758,
          "lon": 77.63883308
        },
        "area_m2": 194.67672839277316,
        "levels": 2,
        "height": 6.4
      },
      "geometry": {
        "type": "Polygon",
        "coordinates": [
          [
            [
              77.638795,
              12.9668616
            ],
            [
              77.638915,
              12.9667877
            ],
            [
              77.6388939,
              12.9667552
            ],
            [
              77.6387665,
              12.9668218
            ],
            [
              77.638795,
              12.9668616
            ]
          ]
        ]
      }
    },
    {
      "type": "Feature",
      "id": "BLDG-346436476",
      "properties": {
        "building_type": "yes",
        "osm_id": 346436476,
        "centroid": {
          "lat": 12.96961488,
          "lon": 77.63772024
        },
        "area_m2": 147.02550731805024,
        "levels": 2,
        "height": 6.4
      },
      "geometry": {
        "type": "Polygon",
        "coordinates": [
          [
            [
              77.6376889,
              12.9696743
            ],
            [
              77.6377632,
              12.9696762
            ],
            [
              77.6377672,
              12.9695258
            ],
            [
              77.637693,
              12.9695238
            ],
            [
              77.6376889,
              12.9696743
            ]
          ]
        ]
      }
    },
    {
      "type": "Feature",
      "id": "BLDG-346436484",
      "properties": {
        "building_type": "yes",
        "osm_id": 346436484,
        "centroid": {
          "lat": 12.9671482,
          "lon": 77.63614342000001
        },
        "area_m2": 205.77302101061355,
        "levels": 2,
        "height": 6.4
      },
      "geometry": {
        "type": "Polygon",
        "coordinates": [
          [
            [
              77.6361622,
              12.9672052
            ],
            [
              77.6361973,
              12.9670857
            ],
            [
              77.6361153,
              12.9670627
            ],
            [
              77.6360801,
              12.9671822
            ],
            [
              77.6361622,
              12.9672052
            ]
          ]
        ]
      }
    },
    {
      "type": "Feature",
      "id": "BLDG-346436485",
      "properties": {
        "building_type": "residential",
        "osm_id": 346436485,
        "centroid": {
          "lat": 12.968159420000001,
          "lon": 77.63554703999999
        },
        "area_m2": 403.45656624840586,
        "levels": 2,
        "height": 6.4
      },
      "geometry": {
        "type": "Polygon",
        "coordinates": [
          [
            [
              77.6354468,
              12.9681121
            ],
            [
              77.6354337,
              12.9681862
            ],
            [
              77.6356974,
              12.9682304
            ],
            [
              77.6357105,
              12.9681563
            ],
            [
              77.6354468,
              12.9681121
            ]
          ]
        ]
      }
    },
    {
      "type": "Feature",
      "id": "BLDG-346436492",
      "properties": {
        "building_type": "yes",
        "osm_id": 346436492,
        "centroid": {
          "lat": 12.9672529,
          "lon": 77.63587996
        },
        "area_m2": 123.17155846994554,
        "levels": 2,
        "height": 6.4
      },
      "geometry": {
        "type": "Polygon",
        "coordinates": [
          [
            [
              77.635844,
              12.967285
            ],
            [
              77.6359105,
              12.9673005
            ],
            [
              77.6359339,
              12.9672047
            ],
            [
              77.6358674,
              12.9671893
            ],
            [
              77.635844,
              12.967285
            ]
          ]
        ]
      }
    },
    {
      "type": "Feature",
      "id": "BLDG-346436493",
      "properties": {
        "building_type": "yes",
        "osm_id": 346436493,
        "centroid": {
          "lat": 12.9703481,
          "lon": 77.63790634444445
        },
        "area_m2": 237.03694246477383,
        "levels": 2,
        "height": 6.4
      },
      "geometry": {
        "type": "Polygon",
        "coordinates": [
          [
            [
              77.6379073,
              12.9702985
            ],
            [
              77.6379066,
              12.9703145
            ],
            [
              77.6378355,
              12.9703115
            ],
            [
              77.6378297,
              12.9704408
            ],
            [
              77.6379237,
              12.9704448
            ],
            [
              77.6379274,
              12.9703611
            ],
            [
              77.6379584,
              12.9703624
            ],
            [
              77.6379612,
              12.9703008
            ],
            [
              77.6379073,
              12.9702985
            ]
          ]
        ]
      }
    },
    {
      "type": "Feature",
      "id": "BLDG-346436497",
      "properties": {
        "building_type": "apartments",
        "osm_id": 346436497,
        "centroid": {
          "lat": 12.96930806,
          "lon": 77.63743652000001
        },
        "area_m2": 220.90542678300636,
        "levels": 2,
        "height": 6.4
      },
      "geometry": {
        "type": "Polygon",
        "coordinates": [
          [
            [
              77.6374813,
              12.9693667
            ],
            [
              77.6374865,
              12.9692241
            ],
            [
              77.6373693,
              12.9692201
            ],
            [
              77.6373642,
              12.9693627
            ],
            [
              77.6374813,
              12.9693667
            ]
          ]
        ]
      }
    },
    {
      "type": "Feature",
      "id": "BLDG-346436498",
      "properties": {
        "building_type": "yes",
        "osm_id": 346436498,
        "centroid": {
          "lat": 12.972142479999999,
          "lon": 77.63850058
        },
        "area_m2": 966.3957867913904,
        "levels": 2,
        "height": 6.4
      },
      "geometry": {
        "type": "Polygon",
        "coordinates": [
          [
            [
              77.6384568,
              12.9724262
            ],
            [
              77.6385302,
              12.9724297
            ],
            [
              77.6385663,
              12.9717169
            ],
            [
              77.6384928,
              12.9717134
            ],
            [
              77.6384568,
              12.9724262
            ]
          ]
        ]
      }
    },
    {
      "type": "Feature",
      "id": "BLDG-346436509",
      "properties": {
        "building_type": "yes",
        "osm_id": 346436509,
        "centroid": {
          "lat": 12.967648539999999,
          "lon": 77.63695820000001
        },
        "area_m2": 568.6437204009844,
        "levels": 2,
        "height": 6.4
      },
      "geometry": {
        "type": "Polygon",
        "coordinates": [
          [
            [
              77.6370324,
              12.9677343
            ],
            [
              77.637006,
              12.9675027
            ],
            [
              77.6368469,
              12.9675199
            ],
            [
              77.6368733,
              12.9677515
            ],
            [
              77.6370324,
              12.9677343
            ]
          ]
        ]
      }
    },
    {
      "type": "Feature",
      "id": "BLDG-346436510",
      "properties": {
        "building_type": "detached",
        "osm_id": 346436510,
        "centroid": {
          "lat": 12.970442499999999,
          "lon": 77.6386416
        },
        "area_m2": 214.59239280095832,
        "levels": 2,
        "height": 6.4
      },
      "geometry": {
        "type": "Polygon",
        "coordinates": [
          [
            [
              77.6385944,
              12.9704962
            ],
            [
              77.6387034,
              12.9705029
            ],
            [
              77.6387124,
              12.9703619
            ],
            [
              77.6386034,
              12.9703553
            ],
            [
              77.6385944,
              12.9704962
            ]
          ]
        ]
      }
    },
    {
      "type": "Feature",
      "id": "BLDG-346436513",
      "properties": {
        "building_type": "yes",
        "osm_id": 346436513,
        "centroid": {
          "lat": 12.966900939999999,
          "lon": 77.6376154
        },
        "area_m2": 130.59828764518454,
        "levels": 2,
        "height": 6.4
      },
      "geometry": {
        "type": "Polygon",
        "coordinates": [
          [
            [
              77.6375676,
              12.9668826
            ],
            [
              77.6375821,
              12.9669499
            ],
            [
              77.6376871,
              12.9669284
            ],
            [
              77.6376726,
              12.9668612
            ],
            [
              77.6375676,
              12.9668826
            ]
          ]
        ]
      }
    },
    {
      "type": "Feature",
      "id": "BLDG-346436518",
      "properties": {
        "building_type": "yes",
        "osm_id": 346436518,
        "centroid": {
          "lat": 12.970373555555556,
          "lon": 77.63829603333335
        },
        "area_m2": 186.1382753913098,
        "levels": 2,
        "height": 6.4
      },
      "geometry": {
        "type": "Polygon",
        "coordinates": [
          [
            [
              77.6382316,
              12.9703426
            ],
            [
              77.6382272,
              12.9704457
            ],
            [
              77.6383171,
              12.9704494
            ],
            [
              77.6383198,
              12.970387
            ],
            [
              77.6383507,
              12.9703882
            ],
            [
              77.6383532,
              12.970331
            ],
            [
              77.6383169,
              12.9703295
            ],
            [
              77.6383162,
              12.970346
            ],
            [
              77.6382316,
              12.9703426
            ]
          ]
        ]
      }
    },
    {
      "type": "Feature",
      "id": "BLDG-346436520",
      "properties": {
        "building_type": "commercial",
        "osm_id": 346436520,
        "centroid": {
          "lat": 12.969213400000001,
          "lon": 77.6361159
        },
        "area_m2": 163.53416880928032,
        "levels": 2,
        "height": 6.4
      },
      "geometry": {
        "type": "Polygon",
        "coordinates": [
          [
            [
              77.6360783,
              12.9692654
            ],
            [
              77.6361628,
              12.969271
            ],
            [
              77.6361723,
              12.9691354
            ],
            [
              77.6360878,
              12.9691298
            ],
            [
              77.6360783,
              12.9692654
            ]
          ]
        ]
      }
    },
    {
      "type": "Feature",
      "id": "BLDG-346436529",
      "properties": {
        "building_type": "yes",
        "osm_id": 346436529,
        "centroid": {
          "lat": 12.96721436,
          "lon": 77.63648436000001
        },
        "area_m2": 212.5424248149412,
        "levels": 2,
        "height": 6.4
      },
      "geometry": {
        "type": "Polygon",
        "coordinates": [
          [
            [
              77.6364312,
              12.9672303
            ],
            [
              77.6365176,
              12.9672753
            ],
            [
              77.6365641,
              12.9671904
            ],
            [
              77.6364777,
              12.9671455
            ],
            [
              77.6364312,
              12.9672303
            ]
          ]
        ]
      }
    },
    {
      "type": "Feature",
      "id": "BLDG-346436545",
      "properties": {
        "building_type": "yes",
        "osm_id": 346436545,
        "centroid": {
          "lat": 12.968884780000002,
          "lon": 77.63587714
        },
        "area_m2": 42.59862540213419,
        "levels": 2,
        "height": 6.4
      },
      "geometry": {
        "type": "Polygon",
        "coordinates": [
          [
            [
              77.6358537,
              12.9689051
            ],
            [
              77.6359078,
              12.9689092
            ],
            [
              77.6359123,
              12.9688543
            ],
            [
              77.6358582,
              12.9688502
            ],
            [
              77.6358537,
              12.9689051
            ]
          ]
        ]
      }
    },
    {
      "type": "Feature",
      "id": "BLDG-346436574",
      "properties": {
        "building_type": "yes",
        "osm_id": 346436574,
        "centroid": {
          "lat": 12.968167220000002,
          "lon": 77.63588758
        },
        "area_m2": 188.69463647179768,
        "levels": 2,
        "height": 6.4
      },
      "geometry": {
        "type": "Polygon",
        "coordinates": [
          [
            [
              77.6358367,
              12.9681758
            ],
            [
              77.6358816,
              12.9682253
            ],
            [
              77.6359639,
              12.9681543
            ],
            [
              77.635919,
              12.9681049
            ],
            [
              77.6358367,
              12.9681758
            ]
          ]
        ]
      }
    },
    {
      "type": "Feature",
      "id": "BLDG-346436579",
      "properties": {
        "building_type": "yes",
        "osm_id": 346436579,
        "centroid": {
          "lat": 12.967155159999999,
          "lon": 77.63639476
        },
        "area_m2": 157.32635616193494,
        "levels": 2,
        "height": 6.4
      },
      "geometry": {
        "type": "Polygon",
        "coordinates": [
          [
            [
              77.6363495,
              12.967167
            ],
            [
              77.6364149,
              12.9672086
            ],
            [
              77.6364627,
              12.9671374
            ],
            [
              77.6363972,
              12.9670958
            ],
            [
              77.6363495,
              12.967167
            ]
          ]
        ]
      }
    },
    {
      "type": "Feature",
      "id": "BLDG-346436580",
      "properties": {
        "building_type": "detached",
        "osm_id": 346436580,
        "centroid": {
          "lat": 12.970354319999998,
          "lon": 77.63775538
        },
        "area_m2": 155.28784669786438,
        "levels": 3,
        "height": 9.600000000000001
      },
      "geometry": {
        "type": "Polygon",
        "coordinates": [
          [
            [
              77.6377082,
              12.9703922
            ],
            [
              77.6378204,
              12.9703983
            ],
            [
              77.6378261,
              12.9702975
            ],
            [
              77.637714,
              12.9702914
            ],
            [
              77.6377082,
              12.9703922
            ]
          ]
        ]
      }
    },
    {
      "type": "Feature",
      "id": "BLDG-346436590",
      "properties": {
        "building_type": "house",
        "osm_id": 346436590,
        "centroid": {
          "lat": 12.96952044,
          "lon": 77.63626556
        },
        "area_m2": 130.07082564202918,
        "levels": 2,
        "height": 6.4
      },
      "geometry": {
        "type": "Polygon",
        "coordinates": [
          [
            [
              77.6363014,
              12.9695612
            ],
            [
              77.6363084,
              12.969466
            ],
            [
              77.6362118,
              12.9694593
            ],
            [
              77.6362048,
              12.9695545
            ],
            [
              77.6363014,
              12.9695612
            ]
          ]
        ]
      }
    },
    {
      "type": "Feature",
      "id": "BLDG-346436609",
      "properties": {
        "building_type": "commercial",
        "osm_id": 346436609,
        "centroid": {
          "lat": 12.96902692,
          "lon": 77.63620682
        },
        "area_m2": 294.18161724841093,
        "levels": 2,
        "height": 6.4
      },
      "geometry": {
        "type": "Polygon",
        "coordinates": [
          [
            [
              77.6361379,
              12.9689762
            ],
            [
              77.6361299,
              12.969091
            ],
            [
              77.6363102,
              12.969103
            ],
            [
              77.6363182,
              12.9689882
            ],
            [
              77.6361379,
              12.9689762
            ]
          ]
        ]
      }
    },
    {
      "type": "Feature",
      "id": "BLDG-346436615",
      "properties": {
        "building_type": "yes",
        "osm_id": 346436615,
        "centroid": {
          "lat": 12.9671615,
          "lon": 77.63766505999999
        },
        "area_m2": 163.19312352134872,
        "levels": 2,
        "height": 6.4
      },
      "geometry": {
        "type": "Polygon",
        "coordinates": [
          [
            [
              77.6376258,
              12.9672018
            ],
            [
              77.6377406,
              12.9671784
            ],
            [
              77.6377239,
              12.967101
            ],
            [
              77.6376092,
              12.9671245
            ],
            [
              77.6376258,
              12.9672018
            ]
          ]
        ]
      }
    },
    {
      "type": "Feature",
      "id": "BLDG-346436617",
      "properties": {
        "building_type": "yes",
        "osm_id": 346436617,
        "centroid": {
          "lat": 12.9695617,
          "lon": 77.63753022
        },
        "area_m2": 140.40654291834403,
        "levels": 2,
        "height": 6.4
      },
      "geometry": {
        "type": "Polygon",
        "coordinates": [
          [
            [
              77.6374845,
              12.9695987
            ],
            [
              77.6375955,
              12.9696023
            ],
            [
              77.6375988,
              12.9695062
            ],
            [
              77.6374878,
              12.9695026
            ],
            [
              77.6374845,
              12.9695987
            ]
          ]
        ]
      }
    },
    {
      "type": "Feature",
      "id": "BLDG-346436621",
      "properties": {
        "building_type": "residential",
        "osm_id": 346436621,
        "centroid": {
          "lat": 12.968688199999999,
          "lon": 77.63516086
        },
        "area_m2": 343.9776780079409,
        "levels": 2,
        "height": 6.4
      },
      "geometry": {
        "type": "Polygon",
        "coordinates": [
          [
            [
              77.6350787,
              12.9686412
            ],
            [
              77.6350626,
              12.9687073
            ],
            [
              77.6352841,
              12.9687587
            ],
            [
              77.6353002,
              12.9686926
            ],
            [
              77.6350787,
              12.9686412
            ]
          ]
        ]
      }
    },
    {
      "type": "Feature",
      "id": "BLDG-346436624",
      "properties": {
        "building_type": "yes",
        "osm_id": 346436624,
        "centroid": {
          "lat": 12.96939356,
          "lon": 77.63831655999999
        },
        "area_m2": 254.06370196800384,
        "levels": 2,
        "height": 6.4
      },
      "geometry": {
        "type": "Polygon",
        "coordinates": [
          [
            [
              77.6382475,
              12.9694342
            ],
            [
              77.6384139,
              12.9694431
            ],
            [
              77.6384202,
              12.9693326
            ],
            [
              77.6382537,
              12.9693237
            ],
            [
              77.6382475,
              12.9694342
            ]
          ]
        ]
      }
    },
    {
      "type": "Feature",
      "id": "BLDG-346436632",
      "properties": {
        "building_type": "yes",
        "osm_id": 346436632,
        "centroid": {
          "lat": 12.967222459999999,
          "lon": 77.6356834
        },
        "area_m2": 193.25636351539117,
        "levels": 2,
        "height": 6.4
      },
      "geometry": {
        "type": "Polygon",
        "coordinates": [
          [
            [
              77.6357397,
              12.9672127
            ],
            [
              77.6356264,
              12.9671692
            ],
            [
              77.6355989,
              12.9672371
            ],
            [
              77.6357123,
              12.9672806
            ],
            [
              77.6357397,
              12.9672127
            ]
          ]
        ]
      }
    },
    {
      "type": "Feature",
      "id": "BLDG-346436633",
      "properties": {
        "building_type": "yes",
        "osm_id": 346436633,
        "centroid": {
          "lat": 12.96807902,
          "lon": 77.6383309
        },
        "area_m2": 220.95372509798077,
        "levels": 2,
        "height": 6.4
      },
      "geometry": {
        "type": "Polygon",
        "coordinates": [
          [
            [
              77.6382857,
              12.9681361
            ],
            [
              77.6383861,
              12.9681441
            ],
            [
              77.6383987,
              12.9679934
            ],
            [
              77.6382983,
              12.9679854
            ],
            [
              77.6382857,
              12.9681361
            ]
          ]
        ]
      }
    },
    {
      "type": "Feature",
      "id": "BLDG-346436650",
      "properties": {
        "building_type": "retail",
        "osm_id": 346436650,
        "centroid": {
          "lat": 12.9702509,
          "lon": 77.6385197
        },
        "area_m2": 221.87780007907963,
        "levels": 2,
        "height": 6.4
      },
      "geometry": {
        "type": "Polygon",
        "coordinates": [
          [
            [
              77.6385569,
              12.9703151
            ],
            [
              77.6385665,
              12.9701607
            ],
            [
              77.6384639,
              12.9701546
            ],
            [
              77.6384543,
              12.970309
            ],
            [
              77.6385569,
              12.9703151
            ]
          ]
        ]
      }
    },
    {
      "type": "Feature",
      "id": "BLDG-346436653",
      "properties": {
        "building_type": "apartments",
        "osm_id": 346436653,
        "centroid": {
          "lat": 12.967092959999999,
          "lon": 77.63874636
        },
        "area_m2": 1218.9352579669599,
        "levels": 2,
        "height": 6.4
      },
      "geometry": {
        "type": "Polygon",
        "coordinates": [
          [
            [
              77.6387157,
              12.9672154
            ],
            [
              77.6389156,
              12.9670666
            ],
            [
              77.6387924,
              12.9669093
            ],
            [
              77.6385924,
              12.9670581
            ],
            [
              77.6387157,
              12.9672154
            ]
          ]
        ]
      }
    },
    {
      "type": "Feature",
      "id": "BLDG-346436715",
      "properties": {
        "building_type": "yes",
        "osm_id": 346436715,
        "centroid": {
          "lat": 12.96684102,
          "lon": 77.6367595
        },
        "area_m2": 189.43537501754543,
        "levels": 2,
        "height": 6.4
      },
      "geometry": {
        "type": "Polygon",
        "coordinates": [
          [
            [
              77.6367095,
              12.9668543
            ],
            [
              77.6367575,
              12.9668992
            ],
            [
              77.6368345,
              12.9668211
            ],
            [
              77.6367865,
              12.9667762
            ],
            [
              77.6367095,
              12.9668543
            ]
          ]
        ]
      }
    },
    {
      "type": "Feature",
      "id": "BLDG-346436717",
      "properties": {
        "building_type": "yes",
        "osm_id": 346436717,
        "centroid": {
          "lat": 12.96727554,
          "lon": 77.63657128
        },
        "area_m2": 127.52234999340871,
        "levels": 2,
        "height": 6.4
      },
      "geometry": {
        "type": "Polygon",
        "coordinates": [
          [
            [
              77.6365253,
              12.9672761
            ],
            [
              77.636617,
              12.9673204
            ],
            [
              77.6366403,
              12.9672747
            ],
            [
              77.6365485,
              12.9672304
            ],
            [
              77.6365253,
              12.9672761
            ]
          ]
        ]
      }
    },
    {
      "type": "Feature",
      "id": "BLDG-346436720",
      "properties": {
        "building_type": "yes",
        "osm_id": 346436720,
        "centroid": {
          "lat": 12.96731924,
          "lon": 77.63621304
        },
        "area_m2": 259.54260427584836,
        "levels": 2,
        "height": 6.4
      },
      "geometry": {
        "type": "Polygon",
        "coordinates": [
          [
            [
              77.6362394,
              12.9673878
            ],
            [
              77.6362679,
              12.9672328
            ],
            [
              77.6361735,
              12.9672164
            ],
            [
              77.636145,
              12.9673714
            ],
            [
              77.6362394,
              12.9673878
            ]
          ]
        ]
      }
    },
    {
      "type": "Feature",
      "id": "BLDG-346436728",
      "properties": {
        "building_type": "yes",
        "osm_id": 346436728,
        "centroid": {
          "lat": 12.966798639999999,
          "lon": 77.63780987999999
        },
        "area_m2": 158.97564522103423,
        "levels": 3,
        "height": 9.600000000000001
      },
      "geometry": {
        "type": "Polygon",
        "coordinates": [
          [
            [
              77.6377578,
              12.9667778
            ],
            [
              77.6377742,
              12.9668534
            ],
            [
              77.637888,
              12.9668299
            ],
            [
              77.6378716,
              12.9667543
            ],
            [
              77.6377578,
              12.9667778
            ]
          ]
        ]
      }
    },
    {
      "type": "Feature",
      "id": "BLDG-346436733",
      "properties": {
        "building_type": "college",
        "osm_id": 346436733,
        "centroid": {
          "lat": 12.972048611111111,
          "lon": 77.63828204444445
        },
        "area_m2": 1853.7326451016504,
        "levels": 2,
        "height": 6.4
      },
      "geometry": {
        "type": "Polygon",
        "coordinates": [
          [
            [
              77.638295,
              12.9719477
            ],
            [
              77.6383053,
              12.9717889
            ],
            [
              77.6381728,
              12.9717808
            ],
            [
              77.6381355,
              12.9723535
            ],
            [
              77.6382681,
              12.9723617
            ],
            [
              77.638282,
              12.9721475
            ],
            [
              77.6383902,
              12.9721051
            ],
            [
              77.6383945,
              12.9720046
            ],
            [
              77.638295,
              12.9719477
            ]
          ]
        ]
      }
    },
    {
      "type": "Feature",
      "id": "BLDG-346436759",
      "properties": {
        "building_type": "residential",
        "osm_id": 346436759,
        "centroid": {
          "lat": 12.967993279999998,
          "lon": 77.63580484
        },
        "area_m2": 790.3497657672929,
        "levels": 2,
        "height": 6.4
      },
      "geometry": {
        "type": "Polygon",
        "coordinates": [
          [
            [
              77.6357114,
              12.9680637
            ],
            [
              77.6357839,
              12.968113
            ],
            [
              77.635945,
              12.9678876
            ],
            [
              77.6358725,
              12.9678384
            ],
            [
              77.6357114,
              12.9680637
            ]
          ]
        ]
      }
    },
    {
      "type": "Feature",
      "id": "BLDG-346436764",
      "properties": {
        "building_type": "yes",
        "osm_id": 346436764,
        "centroid": {
          "lat": 12.9696982,
          "lon": 77.63527598
        },
        "area_m2": 107.71326225657843,
        "levels": 2,
        "height": 6.4
      },
      "geometry": {
        "type": "Polygon",
        "coordinates": [
          [
            [
              77.6352732,
              12.9697356
            ],
            [
              77.6353234,
              12.9696997
            ],
            [
              77.6352802,
              12.9696421
            ],
            [
              77.6352299,
              12.969678
            ],
            [
              77.6352732,
              12.9697356
            ]
          ]
        ]
      }
    },
    {
      "type": "Feature",
      "id": "BLDG-346436780",
      "properties": {
        "building_type": "yes",
        "osm_id": 346436780,
        "centroid": {
          "lat": 12.969876160000002,
          "lon": 77.63892306
        },
        "area_m2": 183.84767831079117,
        "levels": 2,
        "height": 6.4
      },
      "geometry": {
        "type": "Polygon",
        "coordinates": [
          [
            [
              77.6388825,
              12.9699309
            ],
            [
              77.6389754,
              12.9699361
            ],
            [
              77.6389838,
              12.9697941
            ],
            [
              77.6388911,
              12.9697888
            ],
            [
              77.6388825,
              12.9699309
            ]
          ]
        ]
      }
    },
    {
      "type": "Feature",
      "id": "BLDG-346436785",
      "properties": {
        "building_type": "yes",
        "osm_id": 346436785,
        "centroid": {
          "lat": 12.967462722222223,
          "lon": 77.63891895555555
        },
        "area_m2": 1472.7705285531224,
        "levels": 2,
        "height": 6.4
      },
      "geometry": {
        "type": "Polygon",
        "coordinates": [
          [
            [
              77.6388825,
              12.967637
            ],
            [
              77.6390252,
              12.9675637
            ],
            [
              77.6389656,
              12.9674535
            ],
            [
              77.6389776,
              12.9674473
            ],
            [
              77.6389655,
              12.9674249
            ],
            [
              77.6389736,
              12.9674207
            ],
            [
              77.6388805,
              12.9672484
            ],
            [
              77.6387176,
              12.967332
            ],
            [
              77.6388825,
              12.967637
            ]
          ]
        ]
      }
    },
    {
      "type": "Feature",
      "id": "BLDG-346436804",
      "properties": {
        "building_type": "residential",
        "osm_id": 346436804,
        "centroid": {
          "lat": 12.968429879999999,
          "lon": 77.6353357
        },
        "area_m2": 499.7752444757554,
        "levels": 2,
        "height": 6.4
      },
      "geometry": {
        "type": "Polygon",
        "coordinates": [
          [
            [
              77.6352337,
              12.9683742
            ],
            [
              77.6352155,
              12.9684548
            ],
            [
              77.6354887,
              12.9685134
            ],
            [
              77.6355069,
              12.9684328
            ],
            [
              77.6352337,
              12.9683742
            ]
          ]
        ]
      }
    },
    {
      "type": "Feature",
      "id": "BLDG-346436806",
      "properties": {
        "building_type": "yes",
        "osm_id": 346436806,
        "centroid": {
          "lat": 12.969414359999998,
          "lon": 77.63869464
        },
        "area_m2": 133.13431908389938,
        "levels": 2,
        "height": 6.4
      },
      "geometry": {
        "type": "Polygon",
        "coordinates": [
          [
            [
              77.6386532,
              12.9694519
            ],
            [
              77.6387512,
              12.9694571
            ],
            [
              77.6387568,
              12.9693581
            ],
            [
              77.6386588,
              12.9693528
            ],
            [
              77.6386532,
              12.9694519
            ]
          ]
        ]
      }
    },
    {
      "type": "Feature",
      "id": "BLDG-346436809",
      "properties": {
        "building_type": "yes",
        "osm_id": 346436809,
        "centroid": {
          "lat": 12.967095259999999,
          "lon": 77.63594898
        },
        "area_m2": 161.6311903453921,
        "levels": 2,
        "height": 6.4
      },
      "geometry": {
        "type": "Polygon",
        "coordinates": [
          [
            [
              77.6359085,
              12.967129
            ],
            [
              77.6359641,
              12.9671516
            ],
            [
              77.6360098,
              12.9670446
            ],
            [
              77.635954,
              12.9670221
            ],
            [
              77.6359085,
              12.967129
            ]
          ]
        ]
      }
    },
    {
      "type": "Feature",
      "id": "BLDG-346436811",
      "properties": {
        "building_type": "yes",
        "osm_id": 346436811,
        "centroid": {
          "lat": 12.96810576,
          "lon": 77.63601732
        },
        "area_m2": 64.93992506244012,
        "levels": 2,
        "height": 6.4
      },
      "geometry": {
        "type": "Polygon",
        "coordinates": [
          [
            [
              77.636016,
              12.9681347
            ],
            [
              77.6360541,
              12.9681055
            ],
            [
              77.6360193,
              12.9680624
            ],
            [
              77.6359812,
              12.9680915
            ],
            [
              77.636016,
              12.9681347
            ]
          ]
        ]
      }
    },
    {
      "type": "Feature",
      "id": "BLDG-346436839",
      "properties": {
        "building_type": "yes",
        "osm_id": 346436839,
        "centroid": {
          "lat": 12.96685784,
          "lon": 77.63749922
        },
        "area_m2": 127.34160093000051,
        "levels": 2,
        "height": 6.4
      },
      "geometry": {
        "type": "Polygon",
        "coordinates": [
          [
            [
              77.6374659,
              12.9668942
            ],
            [
              77.6375644,
              12.9668741
            ],
            [
              77.6375492,
              12.9668033
            ],
            [
              77.6374507,
              12.9668234
            ],
            [
              77.6374659,
              12.9668942
            ]
          ]
        ]
      }
    },
    {
      "type": "Feature",
      "id": "BLDG-346436842",
      "properties": {
        "building_type": "yes",
        "osm_id": 346436842,
        "centroid": {
          "lat": 12.97203132,
          "lon": 77.6388063
        },
        "area_m2": 749.2492507879491,
        "levels": 2,
        "height": 6.4
      },
      "geometry": {
        "type": "Polygon",
        "coordinates": [
          [
            [
              77.6387577,
              12.9722276
            ],
            [
              77.6388521,
              12.9722325
            ],
            [
              77.6388792,
              12.9717369
            ],
            [
              77.6387848,
              12.971732
            ],
            [
              77.6387577,
              12.9722276
            ]
          ]
        ]
      }
    },
    {
      "type": "Feature",
      "id": "BLDG-346436843",
      "properties": {
        "building_type": "commercial",
        "osm_id": 346436843,
        "centroid": {
          "lat": 12.9702632,
          "lon": 77.63867869999999
        },
        "area_m2": 298.95834572935615,
        "levels": 3,
        "height": 9.600000000000001
      },
      "geometry": {
        "type": "Polygon",
        "coordinates": [
          [
            [
              77.6387238,
              12.9703361
            ],
            [
              77.638734,
              12.9701606
            ],
            [
              77.638611,
              12.9701538
            ],
            [
              77.6386009,
              12.9703294
            ],
            [
              77.6387238,
              12.9703361
            ]
          ]
        ]
      }
    },
    {
      "type": "Feature",
      "id": "BLDG-346436846",
      "properties": {
        "building_type": "yes",
        "osm_id": 346436846,
        "centroid": {
          "lat": 12.967407952941176,
          "lon": 77.63868291764706
        },
        "area_m2": 216.78651647793504,
        "levels": 2,
        "height": 6.4
      },
      "geometry": {
        "type": "Polygon",
        "coordinates": [
          [
            [
              77.6386447,
              12.9674879
            ],
            [
              77.6387523,
              12.967432
            ],
            [
              77.6387378,
              12.9674053
            ],
            [
              77.6387461,
              12.967401
            ],
            [
              77.6387301,
              12.9673719
            ],
            [
              77.6387218,
              12.9673762
            ],
            [
              77.6387068,
              12.9673487
            ],
            [
              77.638682,
              12.9673616
            ],
            [
              77.638687,
              12.9673707
            ],
            [
              77.6386733,
              12.9673778
            ],
            [
              77.6386786,
              12.9673876
            ],
            [
              77.6386536,
              12.9674005
            ],
            [
              77.6386565,
              12.9674058
            ],
            [
              77.6386274,
              12.9674209
            ],
            [
              77.638641,
              12.9674458
            ],
            [
              77.6386259,
              12.9674536
            ],
            [
              77.6386447,
              12.9674879
            ]
          ]
        ]
      }
    },
    {
      "type": "Feature",
      "id": "BLDG-346436862",
      "properties": {
        "building_type": "retail",
        "osm_id": 346436862,
        "centroid": {
          "lat": 12.967437219999999,
          "lon": 77.63662786
        },
        "area_m2": 179.5093309931759,
        "levels": 3,
        "height": 9.600000000000001
      },
      "geometry": {
        "type": "Polygon",
        "coordinates": [
          [
            [
              77.6365831,
              12.9674657
            ],
            [
              77.6366415,
              12.9674952
            ],
            [
              77.636695,
              12.9673945
            ],
            [
              77.6366366,
              12.967365
            ],
            [
              77.6365831,
              12.9674657
            ]
          ]
        ]
      }
    },
    {
      "type": "Feature",
      "id": "BLDG-346436864",
      "properties": {
        "building_type": "residential",
        "osm_id": 346436864,
        "centroid": {
          "lat": 12.968552299999999,
          "lon": 77.6352452
        },
        "area_m2": 382.4450720972547,
        "levels": 2,
        "height": 6.4
      },
      "geometry": {
        "type": "Polygon",
        "coordinates": [
          [
            [
              77.6351505,
              12.9685055
            ],
            [
              77.6351362,
              12.968569
            ],
            [
              77.6353873,
              12.9686225
            ],
            [
              77.6354015,
              12.968559
            ],
            [
              77.6351505,
              12.9685055
            ]
          ]
        ]
      }
    },
    {
      "type": "Feature",
      "id": "BLDG-346436871",
      "properties": {
        "building_type": "yes",
        "osm_id": 346436871,
        "centroid": {
          "lat": 12.969355416666666,
          "lon": 77.63815156666666
        },
        "area_m2": 161.13095773867755,
        "levels": 2,
        "height": 6.4
      },
      "geometry": {
        "type": "Polygon",
        "coordinates": [
          [
            [
              77.6381023,
              12.9693219
            ],
            [
              77.638096,
              12.9694122
            ],
            [
              77.6382222,
              12.9694206
            ],
            [
              77.6382285,
              12.9693303
            ],
            [
              77.6381581,
              12.9693256
            ],
            [
              77.6381023,
              12.9693219
            ]
          ]
        ]
      }
    },
    {
      "type": "Feature",
      "id": "BLDG-346436872",
      "properties": {
        "building_type": "yes",
        "osm_id": 346436872,
        "centroid": {
          "lat": 12.967108640000001,
          "lon": 77.63603132
        },
        "area_m2": 308.66618485013583,
        "levels": 2,
        "height": 6.4
      },
      "geometry": {
        "type": "Polygon",
        "coordinates": [
          [
            [
              77.6359762,
              12.9671584
            ],
            [
              77.6360564,
              12.9671871
            ],
            [
              77.636114,
              12.967034
            ],
            [
              77.6360338,
              12.9670053
            ],
            [
              77.6359762,
              12.9671584
            ]
          ]
        ]
      }
    },
    {
      "type": "Feature",
      "id": "BLDG-346436879",
      "properties": {
        "building_type": "yes",
        "osm_id": 346436879,
        "centroid": {
          "lat": 12.97165524,
          "lon": 77.6383477
        },
        "area_m2": 40,
        "levels": 2,
        "height": 6.4
      },
      "geometry": {
        "type": "Polygon",
        "coordinates": [
          [
            [
              77.6383333,
              12.9716891
            ],
            [
              77.6383654,
              12.9716904
            ],
            [
              77.6383693,
              12.9716045
            ],
            [
              77.6383372,
              12.9716031
            ],
            [
              77.6383333,
              12.9716891
            ]
          ]
        ]
      }
    },
    {
      "type": "Feature",
      "id": "BLDG-346436881",
      "properties": {
        "building_type": "retail",
        "osm_id": 346436881,
        "centroid": {
          "lat": 12.97018942,
          "lon": 77.637699
        },
        "area_m2": 260.89631252369486,
        "levels": 4,
        "height": 12.8
      },
      "geometry": {
        "type": "Polygon",
        "coordinates": [
          [
            [
              77.6377377,
              12.9702625
            ],
            [
              77.6377473,
              12.9700853
            ],
            [
              77.6376409,
              12.9700798
            ],
            [
              77.6376314,
              12.970257
            ],
            [
              77.6377377,
              12.9702625
            ]
          ]
        ]
      }
    },
    {
      "type": "Feature",
      "id": "BLDG-346436889",
      "properties": {
        "building_type": "yes",
        "osm_id": 346436889,
        "centroid": {
          "lat": 12.96808562,
          "lon": 77.63843614
        },
        "area_m2": 191.57356132483673,
        "levels": 2,
        "height": 6.4
      },
      "geometry": {
        "type": "Polygon",
        "coordinates": [
          [
            [
              77.6383972,
              12.9681442
            ],
            [
              77.6384819,
              12.9681509
            ],
            [
              77.6384945,
              12.9679977
            ],
            [
              77.6384099,
              12.9679911
            ],
            [
              77.6383972,
              12.9681442
            ]
          ]
        ]
      }
    },
    {
      "type": "Feature",
      "id": "BLDG-346436913",
      "properties": {
        "building_type": "retail",
        "osm_id": 346436913,
        "centroid": {
          "lat": 12.967711360000001,
          "lon": 77.63645814
        },
        "area_m2": 164.48165368551165,
        "levels": 2,
        "height": 6.4
      },
      "geometry": {
        "type": "Polygon",
        "coordinates": [
          [
            [
              77.6364125,
              12.9677307
            ],
            [
              77.6364857,
              12.967765
            ],
            [
              77.6365266,
              12.9676824
            ],
            [
              77.6364534,
              12.967648
            ],
            [
              77.6364125,
              12.9677307
            ]
          ]
        ]
      }
    },
    {
      "type": "Feature",
      "id": "BLDG-346436946",
      "properties": {
        "building_type": "yes",
        "osm_id": 346436946,
        "centroid": {
          "lat": 12.96683398,
          "lon": 77.63581908
        },
        "area_m2": 231.84783010309383,
        "levels": 2,
        "height": 6.4
      },
      "geometry": {
        "type": "Polygon",
        "coordinates": [
          [
            [
              77.6357592,
              12.9668445
            ],
            [
              77.6358744,
              12.9668942
            ],
            [
              77.6359089,
              12.9668182
            ],
            [
              77.6357937,
              12.9667685
            ],
            [
              77.6357592,
              12.9668445
            ]
          ]
        ]
      }
    },
    {
      "type": "Feature",
      "id": "BLDG-346436948",
      "properties": {
        "building_type": "retail",
        "osm_id": 346436948,
        "centroid": {
          "lat": 12.96767155,
          "lon": 77.636786025
        },
        "area_m2": 305.3578731349293,
        "levels": 2,
        "height": 6.4
      },
      "geometry": {
        "type": "Polygon",
        "coordinates": [
          [
            [
              77.6367409,
              12.9677595
            ],
            [
              77.6368544,
              12.9677503
            ],
            [
              77.636835,
              12.9675464
            ],
            [
              77.6368149,
              12.9675542
            ],
            [
              77.6367867,
              12.9676111
            ],
            [
              77.6367773,
              12.9676666
            ],
            [
              77.6367381,
              12.9677248
            ],
            [
              77.6367409,
              12.9677595
            ]
          ]
        ]
      }
    },
    {
      "type": "Feature",
      "id": "BLDG-346436954",
      "properties": {
        "building_type": "apartments",
        "osm_id": 346436954,
        "centroid": {
          "lat": 12.969704957142856,
          "lon": 77.63652785714285
        },
        "area_m2": 179.91814175846295,
        "levels": 2,
        "height": 6.4
      },
      "geometry": {
        "type": "Polygon",
        "coordinates": [
          [
            [
              77.6364764,
              12.9697623
            ],
            [
              77.636553,
              12.9697676
            ],
            [
              77.636558,
              12.9696986
            ],
            [
              77.6365694,
              12.9696994
            ],
            [
              77.6365748,
              12.9696253
            ],
            [
              77.636487,
              12.9696192
            ],
            [
              77.6364764,
              12.9697623
            ]
          ]
        ]
      }
    },
    {
      "type": "Feature",
      "id": "BLDG-346436959",
      "properties": {
        "building_type": "yes",
        "osm_id": 346436959,
        "centroid": {
          "lat": 12.966879914285714,
          "lon": 77.63658535714286
        },
        "area_m2": 314.0254501983536,
        "levels": 2,
        "height": 6.4
      },
      "geometry": {
        "type": "Polygon",
        "coordinates": [
          [
            [
              77.6365028,
              12.9669006
            ],
            [
              77.6365746,
              12.9669623
            ],
            [
              77.6366409,
              12.9668891
            ],
            [
              77.6366229,
              12.9668737
            ],
            [
              77.6366537,
              12.9668397
            ],
            [
              77.6365998,
              12.9667934
            ],
            [
              77.6365028,
              12.9669006
            ]
          ]
        ]
      }
    },
    {
      "type": "Feature",
      "id": "BLDG-346436964",
      "properties": {
        "building_type": "retail",
        "osm_id": 346436964,
        "centroid": {
          "lat": 12.968232685714286,
          "lon": 77.63665608571429
        },
        "area_m2": 253.99199374616154,
        "levels": 2,
        "height": 6.4
      },
      "geometry": {
        "type": "Polygon",
        "coordinates": [
          [
            [
              77.636709,
              12.9682785
            ],
            [
              77.6366964,
              12.968122
            ],
            [
              77.6365808,
              12.9681309
            ],
            [
              77.636592,
              12.9682703
            ],
            [
              77.636652,
              12.9682658
            ],
            [
              77.6366534,
              12.9682828
            ],
            [
              77.636709,
              12.9682785
            ]
          ]
        ]
      }
    },
    {
      "type": "Feature",
      "id": "BLDG-346436969",
      "properties": {
        "building_type": "apartments",
        "osm_id": 346436969,
        "centroid": {
          "lat": 12.969252671428572,
          "lon": 77.63679724285714
        },
        "area_m2": 206.7771825064163,
        "levels": 2,
        "height": 6.4
      },
      "geometry": {
        "type": "Polygon",
        "coordinates": [
          [
            [
              77.6368097,
              12.9693155
            ],
            [
              77.6368144,
              12.969231
            ],
            [
              77.6368441,
              12.9692326
            ],
            [
              77.6368468,
              12.9691847
            ],
            [
              77.6367317,
              12.9691785
            ],
            [
              77.6367243,
              12.9693109
            ],
            [
              77.6368097,
              12.9693155
            ]
          ]
        ]
      }
    },
    {
      "type": "Feature",
      "id": "BLDG-346436974",
      "properties": {
        "building_type": "yes",
        "osm_id": 346436974,
        "centroid": {
          "lat": 12.9670459375,
          "lon": 77.6357509125
        },
        "area_m2": 212.94532152667776,
        "levels": 2,
        "height": 6.4
      },
      "geometry": {
        "type": "Polygon",
        "coordinates": [
          [
            [
              77.635682,
              12.9670611
            ],
            [
              77.6357517,
              12.9670877
            ],
            [
              77.6357593,
              12.9670906
            ],
            [
              77.6357801,
              12.9670385
            ],
            [
              77.6358087,
              12.9670493
            ],
            [
              77.6358246,
              12.9670098
            ],
            [
              77.6357189,
              12.9669694
            ],
            [
              77.635682,
              12.9670611
            ]
          ]
        ]
      }
    },
    {
      "type": "Feature",
      "id": "BLDG-346436979",
      "properties": {
        "building_type": "yes",
        "osm_id": 346436979,
        "centroid": {
          "lat": 12.966871044444444,
          "lon": 77.6385561888889
        },
        "area_m2": 1299.9096091472068,
        "levels": 2,
        "height": 6.4
      },
      "geometry": {
        "type": "Polygon",
        "coordinates": [
          [
            [
              77.6385723,
              12.9670392
            ],
            [
              77.6387788,
              12.966893
            ],
            [
              77.6386603,
              12.9667341
            ],
            [
              77.6385511,
              12.9668115
            ],
            [
              77.6385121,
              12.9667592
            ],
            [
              77.638433,
              12.9668153
            ],
            [
              77.638472,
              12.9668675
            ],
            [
              77.6384538,
              12.9668804
            ],
            [
              77.6385723,
              12.9670392
            ]
          ]
        ]
      }
    },
    {
      "type": "Feature",
      "id": "BLDG-346436982",
      "properties": {
        "building_type": "yes",
        "osm_id": 346436982,
        "centroid": {
          "lat": 12.968234322222223,
          "lon": 77.63834596666668
        },
        "area_m2": 189.09827245122275,
        "levels": 2,
        "height": 6.4
      },
      "geometry": {
        "type": "Polygon",
        "coordinates": [
          [
            [
              77.6383663,
              12.9682961
            ],
            [
              77.6383694,
              12.9682523
            ],
            [
              77.6383542,
              12.9682512
            ],
            [
              77.6383574,
              12.9682071
            ],
            [
              77.6383726,
              12.9682082
            ],
            [
              77.6383763,
              12.9681575
            ],
            [
              77.6382806,
              12.9681509
            ],
            [
              77.6382706,
              12.9682895
            ],
            [
              77.6383663,
              12.9682961
            ]
          ]
        ]
      }
    },
    {
      "type": "Feature",
      "id": "BLDG-346436984",
      "properties": {
        "building_type": "retail",
        "osm_id": 346436984,
        "centroid": {
          "lat": 12.968225485714285,
          "lon": 77.63652134285714
        },
        "area_m2": 233.1470795521121,
        "levels": 2,
        "height": 6.4
      },
      "geometry": {
        "type": "Polygon",
        "coordinates": [
          [
            [
              77.6365748,
              12.9682948
            ],
            [
              77.6365607,
              12.9681199
            ],
            [
              77.6364915,
              12.9681252
            ],
            [
              77.6364991,
              12.9682197
            ],
            [
              77.636471,
              12.9682218
            ],
            [
              77.6364775,
              12.9683022
            ],
            [
              77.6365748,
              12.9682948
            ]
          ]
        ]
      }
    },
    {
      "type": "Feature",
      "id": "BLDG-346453462",
      "properties": {
        "building_type": "house",
        "osm_id": 346453462,
        "centroid": {
          "lat": 12.971064100000001,
          "lon": 77.64023748
        },
        "area_m2": 121.70745404428364,
        "levels": 2,
        "height": 6.4
      },
      "geometry": {
        "type": "Polygon",
        "coordinates": [
          [
            [
              77.6401907,
              12.9710969
            ],
            [
              77.6403068,
              12.9710982
            ],
            [
              77.6403076,
              12.9710148
            ],
            [
              77.6401916,
              12.9710137
            ],
            [
              77.6401907,
              12.9710969
            ]
          ]
        ]
      }
    },
    {
      "type": "Feature",
      "id": "BLDG-346453463",
      "properties": {
        "building_type": "apartments",
        "osm_id": 346453463,
        "centroid": {
          "lat": 12.970934360000001,
          "lon": 77.63996596
        },
        "area_m2": 155.40797646522222,
        "levels": 2,
        "height": 6.4
      },
      "geometry": {
        "type": "Polygon",
        "coordinates": [
          [
            [
              77.6399132,
              12.9709704
            ],
            [
              77.640043,
              12.9709732
            ],
            [
              77.640045,
              12.9708803
            ],
            [
              77.6399154,
              12.9708775
            ],
            [
              77.6399132,
              12.9709704
            ]
          ]
        ]
      }
    },
    {
      "type": "Feature",
      "id": "BLDG-346453470",
      "properties": {
        "building_type": "apartments",
        "osm_id": 346453470,
        "centroid": {
          "lat": 12.97094668,
          "lon": 77.64024886
        },
        "area_m2": 198.08434738190712,
        "levels": 2,
        "height": 6.4
      },
      "geometry": {
        "type": "Polygon",
        "coordinates": [
          [
            [
              77.640188,
              12.9709856
            ],
            [
              77.6403372,
              12.9709898
            ],
            [
              77.6403401,
              12.9708883
            ],
            [
              77.640191,
              12.9708841
            ],
            [
              77.640188,
              12.9709856
            ]
          ]
        ]
      }
    },
    {
      "type": "Feature",
      "id": "BLDG-346453472",
      "properties": {
        "building_type": "yes",
        "osm_id": 346453472,
        "centroid": {
          "lat": 12.970759820000001,
          "lon": 77.64075340000001
        },
        "area_m2": 199.24560162559249,
        "levels": 2,
        "height": 6.4
      },
      "geometry": {
        "type": "Polygon",
        "coordinates": [
          [
            [
              77.6406927,
              12.9707994
            ],
            [
              77.6408416,
              12.9708032
            ],
            [
              77.6408444,
              12.9707005
            ],
            [
              77.6406956,
              12.9706966
            ],
            [
              77.6406927,
              12.9707994
            ]
          ]
        ]
      }
    },
    {
      "type": "Feature",
      "id": "BLDG-346453476",
      "properties": {
        "building_type": "yes",
        "osm_id": 346453476,
        "centroid": {
          "lat": 12.97115368,
          "lon": 77.6397889
        },
        "area_m2": 180.64557361021625,
        "levels": 2,
        "height": 6.4
      },
      "geometry": {
        "type": "Polygon",
        "coordinates": [
          [
            [
              77.6397293,
              12.9711916
            ],
            [
              77.639877,
              12.9711934
            ],
            [
              77.6398783,
              12.9710968
            ],
            [
              77.6397306,
              12.971095
            ],
            [
              77.6397293,
              12.9711916
            ]
          ]
        ]
      }
    },
    {
      "type": "Feature",
      "id": "BLDG-346453483",
      "properties": {
        "building_type": "yes",
        "osm_id": 346453483,
        "centroid": {
          "lat": 12.97136236,
          "lon": 77.63977308
        },
        "area_m2": 135.79380693760956,
        "levels": 2,
        "height": 6.4
      },
      "geometry": {
        "type": "Polygon",
        "coordinates": [
          [
            [
              77.6397191,
              12.9713924
            ],
            [
              77.639852,
              12.9713957
            ],
            [
              77.639854,
              12.9713173
            ],
            [
              77.6397212,
              12.971314
            ],
            [
              77.6397191,
              12.9713924
            ]
          ]
        ]
      }
    },
    {
      "type": "Feature",
      "id": "BLDG-346453486",
      "properties": {
        "building_type": "detached",
        "osm_id": 346453486,
        "centroid": {
          "lat": 12.97082628,
          "lon": 77.64042728000001
        },
        "area_m2": 240.73225675454552,
        "levels": 2,
        "height": 6.4
      },
      "geometry": {
        "type": "Polygon",
        "coordinates": [
          [
            [
              77.640369,
              12.9708763
            ],
            [
              77.6405103,
              12.9708808
            ],
            [
              77.6405147,
              12.9707513
            ],
            [
              77.6403734,
              12.9707467
            ],
            [
              77.640369,
              12.9708763
            ]
          ]
        ]
      }
    },
    {
      "type": "Feature",
      "id": "BLDG-346453503",
      "properties": {
        "building_type": "house",
        "osm_id": 346453503,
        "centroid": {
          "lat": 12.971392439999999,
          "lon": 77.64022822
        },
        "area_m2": 140.498457557216,
        "levels": 2,
        "height": 6.4
      },
      "geometry": {
        "type": "Polygon",
        "coordinates": [
          [
            [
              77.6401821,
              12.9714296
            ],
            [
              77.6402947,
              12.9714326
            ],
            [
              77.6402974,
              12.9713367
            ],
            [
              77.6401848,
              12.9713337
            ],
            [
              77.6401821,
              12.9714296
            ]
          ]
        ]
      }
    },
    {
      "type": "Feature",
      "id": "BLDG-346453507",
      "properties": {
        "building_type": "house",
        "osm_id": 346453507,
        "centroid": {
          "lat": 12.971045379999998,
          "lon": 77.63996492
        },
        "area_m2": 151.67298852757443,
        "levels": 2,
        "height": 6.4
      },
      "geometry": {
        "type": "Polygon",
        "coordinates": [
          [
            [
              77.6399122,
              12.9710805
            ],
            [
              77.6400419,
              12.9710833
            ],
            [
              77.640044,
              12.9709927
            ],
            [
              77.6399143,
              12.9709899
            ],
            [
              77.6399122,
              12.9710805
            ]
          ]
        ]
      }
    },
    {
      "type": "Feature",
      "id": "BLDG-346453513",
      "properties": {
        "building_type": "house",
        "osm_id": 346453513,
        "centroid": {
          "lat": 12.97127928,
          "lon": 77.64022967999999
        },
        "area_m2": 172.9092177032407,
        "levels": 2,
        "height": 6.4
      },
      "geometry": {
        "type": "Polygon",
        "coordinates": [
          [
            [
              77.6401739,
              12.9713172
            ],
            [
              77.6403112,
              12.9713201
            ],
            [
              77.6403134,
              12.9712224
            ],
            [
              77.640176,
              12.9712195
            ],
            [
              77.6401739,
              12.9713172
            ]
          ]
        ]
      }
    },
    {
      "type": "Feature",
      "id": "BLDG-346453519",
      "properties": {
        "building_type": "yes",
        "osm_id": 346453519,
        "centroid": {
          "lat": 12.97130574,
          "lon": 77.64073572
        },
        "area_m2": 256.9359735017583,
        "levels": 2,
        "height": 6.4
      },
      "geometry": {
        "type": "Polygon",
        "coordinates": [
          [
            [
              77.6406641,
              12.9713477
            ],
            [
              77.6408393,
              12.9713535
            ],
            [
              77.6408431,
              12.9712428
            ],
            [
              77.640668,
              12.971237
            ],
            [
              77.6406641,
              12.9713477
            ]
          ]
        ]
      }
    },
    {
      "type": "Feature",
      "id": "BLDG-346453520",
      "properties": {
        "building_type": "yes",
        "osm_id": 346453520,
        "centroid": {
          "lat": 12.9712663,
          "lon": 77.63995098000001
        },
        "area_m2": 132.25657104455308,
        "levels": 2,
        "height": 6.4
      },
      "geometry": {
        "type": "Polygon",
        "coordinates": [
          [
            [
              77.6399039,
              12.9713008
            ],
            [
              77.6400196,
              12.9713033
            ],
            [
              77.6400216,
              12.9712145
            ],
            [
              77.6399059,
              12.9712121
            ],
            [
              77.6399039,
              12.9713008
            ]
          ]
        ]
      }
    },
    {
      "type": "Feature",
      "id": "BLDG-346453529",
      "properties": {
        "building_type": "yes",
        "osm_id": 346453529,
        "centroid": {
          "lat": 12.97147446,
          "lon": 77.63976751999999
        },
        "area_m2": 143.64561060680634,
        "levels": 2,
        "height": 6.4
      },
      "geometry": {
        "type": "Polygon",
        "coordinates": [
          [
            [
              77.6397167,
              12.9715094
            ],
            [
              77.6398421,
              12.9715116
            ],
            [
              77.6398437,
              12.9714221
            ],
            [
              77.6397184,
              12.9714198
            ],
            [
              77.6397167,
              12.9715094
            ]
          ]
        ]
      }
    },
    {
      "type": "Feature",
      "id": "BLDG-346453535",
      "properties": {
        "building_type": "yes",
        "osm_id": 346453535,
        "centroid": {
          "lat": 12.97150948,
          "lon": 77.64038818
        },
        "area_m2": 193.96851732445427,
        "levels": 2,
        "height": 6.4
      },
      "geometry": {
        "type": "Polygon",
        "coordinates": [
          [
            [
              77.6403272,
              12.9715488
            ],
            [
              77.6404778,
              12.9715513
            ],
            [
              77.6404796,
              12.9714505
            ],
            [
              77.6403291,
              12.971448
            ],
            [
              77.6403272,
              12.9715488
            ]
          ]
        ]
      }
    },
    {
      "type": "Feature",
      "id": "BLDG-346453536",
      "properties": {
        "building_type": "yes",
        "osm_id": 346453536,
        "centroid": {
          "lat": 12.97062128,
          "lon": 77.6407551
        },
        "area_m2": 235.98953423302723,
        "levels": 2,
        "height": 6.4
      },
      "geometry": {
        "type": "Polygon",
        "coordinates": [
          [
            [
              77.6406872,
              12.970664
            ],
            [
              77.6408549,
              12.970667
            ],
            [
              77.640857,
              12.9705572
            ],
            [
              77.6406892,
              12.9705542
            ],
            [
              77.6406872,
              12.970664
            ]
          ]
        ]
      }
    },
    {
      "type": "Feature",
      "id": "BLDG-346453537",
      "properties": {
        "building_type": "apartments",
        "osm_id": 346453537,
        "centroid": {
          "lat": 12.971818039999999,
          "lon": 77.63992995999999
        },
        "area_m2": 157.65163056262773,
        "levels": 2,
        "height": 6.4
      },
      "geometry": {
        "type": "Polygon",
        "coordinates": [
          [
            [
              77.6398775,
              12.9718534
            ],
            [
              77.6400052,
              12.971858
            ],
            [
              77.6400086,
              12.971765
            ],
            [
              77.639881,
              12.9717604
            ],
            [
              77.6398775,
              12.9718534
            ]
          ]
        ]
      }
    },
    {
      "type": "Feature",
      "id": "BLDG-346453543",
      "properties": {
        "building_type": "yes",
        "osm_id": 346453543,
        "centroid": {
          "lat": 12.971582219999998,
          "lon": 77.6407111
        },
        "area_m2": 209.77426572850297,
        "levels": 2,
        "height": 6.4
      },
      "geometry": {
        "type": "Polygon",
        "coordinates": [
          [
            [
              77.6406481,
              12.9716225
            ],
            [
              77.6408029,
              12.9716262
            ],
            [
              77.6408056,
              12.9715218
            ],
            [
              77.6406508,
              12.9715181
            ],
            [
              77.6406481,
              12.9716225
            ]
          ]
        ]
      }
    },
    {
      "type": "Feature",
      "id": "BLDG-346453546",
      "properties": {
        "building_type": "apartments",
        "osm_id": 346453546,
        "centroid": {
          "lat": 12.971038920000002,
          "lon": 77.63982940000001
        },
        "area_m2": 147.41534376236842,
        "levels": 2,
        "height": 6.4
      },
      "geometry": {
        "type": "Polygon",
        "coordinates": [
          [
            [
              77.6398834,
              12.9710734
            ],
            [
              77.6398853,
              12.9709902
            ],
            [
              77.6397484,
              12.9709872
            ],
            [
              77.6397465,
              12.9710704
            ],
            [
              77.6398834,
              12.9710734
            ]
          ]
        ]
      }
    },
    {
      "type": "Feature",
      "id": "BLDG-346453555",
      "properties": {
        "building_type": "house",
        "osm_id": 346453555,
        "centroid": {
          "lat": 12.9711566,
          "lon": 77.63995678
        },
        "area_m2": 178.58648807545907,
        "levels": 2,
        "height": 6.4
      },
      "geometry": {
        "type": "Polygon",
        "coordinates": [
          [
            [
              77.6399061,
              12.9711995
            ],
            [
              77.6400294,
              12.9712031
            ],
            [
              77.6400328,
              12.9710922
            ],
            [
              77.6399095,
              12.9710887
            ],
            [
              77.6399061,
              12.9711995
            ]
          ]
        ]
      }
    },
    {
      "type": "Feature",
      "id": "BLDG-346453567",
      "properties": {
        "building_type": "detached",
        "osm_id": 346453567,
        "centroid": {
          "lat": 12.97081006,
          "lon": 77.63982994
        },
        "area_m2": 174.471520490458,
        "levels": 1,
        "height": 3.2
      },
      "geometry": {
        "type": "Polygon",
        "coordinates": [
          [
            [
              77.6398782,
              12.9708547
            ],
            [
              77.6398814,
              12.9707466
            ],
            [
              77.6397575,
              12.9707432
            ],
            [
              77.6397544,
              12.9708511
            ],
            [
              77.6398782,
              12.9708547
            ]
          ]
        ]
      }
    },
    {
      "type": "Feature",
      "id": "BLDG-346453573",
      "properties": {
        "building_type": "house",
        "osm_id": 346453573,
        "centroid": {
          "lat": 12.97149302,
          "lon": 77.63993788
        },
        "area_m2": 171.53419410923402,
        "levels": 2,
        "height": 6.4
      },
      "geometry": {
        "type": "Polygon",
        "coordinates": [
          [
            [
              77.639878,
              12.9715263
            ],
            [
              77.6400246,
              12.9715312
            ],
            [
              77.6400277,
              12.9714431
            ],
            [
              77.6398811,
              12.9714382
            ],
            [
              77.639878,
              12.9715263
            ]
          ]
        ]
      }
    },
    {
      "type": "Feature",
      "id": "BLDG-346453577",
      "properties": {
        "building_type": "yes",
        "osm_id": 346453577,
        "centroid": {
          "lat": 12.971627860000002,
          "lon": 77.64038054
        },
        "area_m2": 113.64409882050563,
        "levels": 2,
        "height": 6.4
      },
      "geometry": {
        "type": "Polygon",
        "coordinates": [
          [
            [
              77.6403333,
              12.9716571
            ],
            [
              77.6404497,
              12.9716596
            ],
            [
              77.6404514,
              12.971584
            ],
            [
              77.640335,
              12.9715815
            ],
            [
              77.6403333,
              12.9716571
            ]
          ]
        ]
      }
    },
    {
      "type": "Feature",
      "id": "BLDG-346453580",
      "properties": {
        "building_type": "apartments",
        "osm_id": 346453580,
        "centroid": {
          "lat": 12.97150508,
          "lon": 77.64022317999999
        },
        "area_m2": 182.55040020683984,
        "levels": 2,
        "height": 6.4
      },
      "geometry": {
        "type": "Polygon",
        "coordinates": [
          [
            [
              77.64017,
              12.9715465
            ],
            [
              77.6402995,
              12.9715504
            ],
            [
              77.640303,
              12.971443
            ],
            [
              77.6401734,
              12.971439
            ],
            [
              77.64017,
              12.9715465
            ]
          ]
        ]
      }
    },
    {
      "type": "Feature",
      "id": "BLDG-346453582",
      "properties": {
        "building_type": "yes",
        "osm_id": 346453582,
        "centroid": {
          "lat": 12.971587719999999,
          "lon": 77.63978418
        },
        "area_m2": 181.0018969260209,
        "levels": 2,
        "height": 6.4
      },
      "geometry": {
        "type": "Polygon",
        "coordinates": [
          [
            [
              77.6398444,
              12.9716257
            ],
            [
              77.6398465,
              12.9715342
            ],
            [
              77.6396939,
              12.9715308
            ],
            [
              77.6396917,
              12.9716222
            ],
            [
              77.6398444,
              12.9716257
            ]
          ]
        ]
      }
    },
    {
      "type": "Feature",
      "id": "BLDG-346453583",
      "properties": {
        "building_type": "apartments",
        "osm_id": 346453583,
        "centroid": {
          "lat": 12.970930319999999,
          "lon": 77.63981140000001
        },
        "area_m2": 169.11188549804257,
        "levels": 2,
        "height": 6.4
      },
      "geometry": {
        "type": "Polygon",
        "coordinates": [
          [
            [
              77.6397548,
              12.9709656
            ],
            [
              77.6398931,
              12.97097
            ],
            [
              77.6398963,
              12.9708774
            ],
            [
              77.639758,
              12.970873
            ],
            [
              77.6397548,
              12.9709656
            ]
          ]
        ]
      }
    },
    {
      "type": "Feature",
      "id": "BLDG-346453586",
      "properties": {
        "building_type": "yes",
        "osm_id": 346453586,
        "centroid": {
          "lat": 12.971382683333333,
          "lon": 77.6403936
        },
        "area_m2": 198.90775979301046,
        "levels": 2,
        "height": 6.4
      },
      "geometry": {
        "type": "Polygon",
        "coordinates": [
          [
            [
              77.6403347,
              12.9714318
            ],
            [
              77.6404839,
              12.9714362
            ],
            [
              77.640487,
              12.9713346
            ],
            [
              77.6403834,
              12.9713315
            ],
            [
              77.6403379,
              12.9713302
            ],
            [
              77.6403347,
              12.9714318
            ]
          ]
        ]
      }
    },
    {
      "type": "Feature",
      "id": "BLDG-346453593",
      "properties": {
        "building_type": "yes",
        "osm_id": 346453593,
        "centroid": {
          "lat": 12.971284220000001,
          "lon": 77.64041332
        },
        "area_m2": 167.504857469316,
        "levels": 2,
        "height": 6.4
      },
      "geometry": {
        "type": "Polygon",
        "coordinates": [
          [
            [
              77.6403572,
              12.9713186
            ],
            [
              77.6404937,
              12.9713241
            ],
            [
              77.6404975,
              12.9712326
            ],
            [
              77.640361,
              12.9712272
            ],
            [
              77.6403572,
              12.9713186
            ]
          ]
        ]
      }
    },
    {
      "type": "Feature",
      "id": "BLDG-346453594",
      "properties": {
        "building_type": "yes",
        "osm_id": 346453594,
        "centroid": {
          "lat": 12.97088802,
          "lon": 77.64073352
        },
        "area_m2": 178.86765329992065,
        "levels": 2,
        "height": 6.4
      },
      "geometry": {
        "type": "Polygon",
        "coordinates": [
          [
            [
              77.64068,
              12.9709296
            ],
            [
              77.640812,
              12.9709319
            ],
            [
              77.6408138,
              12.9708256
            ],
            [
              77.6406818,
              12.9708234
            ],
            [
              77.64068,
              12.9709296
            ]
          ]
        ]
      }
    },
    {
      "type": "Feature",
      "id": "BLDG-346453607",
      "properties": {
        "building_type": "house",
        "osm_id": 346453607,
        "centroid": {
          "lat": 12.97137758,
          "lon": 77.6399442
        },
        "area_m2": 124.0635988728585,
        "levels": 2,
        "height": 6.4
      },
      "geometry": {
        "type": "Polygon",
        "coordinates": [
          [
            [
              77.6398953,
              12.971409
            ],
            [
              77.6400162,
              12.9714109
            ],
            [
              77.6400175,
              12.9713305
            ],
            [
              77.6398967,
              12.9713285
            ],
            [
              77.6398953,
              12.971409
            ]
          ]
        ]
      }
    },
    {
      "type": "Feature",
      "id": "BLDG-346453619",
      "properties": {
        "building_type": "house",
        "osm_id": 346453619,
        "centroid": {
          "lat": 12.971598699999998,
          "lon": 77.64021832
        },
        "area_m2": 183.21018975186894,
        "levels": 2,
        "height": 6.4
      },
      "geometry": {
        "type": "Polygon",
        "coordinates": [
          [
            [
              77.6401622,
              12.9715581
            ],
            [
              77.6401591,
              12.9716552
            ],
            [
              77.6403025,
              12.9716596
            ],
            [
              77.6403056,
              12.9715625
            ],
            [
              77.6401622,
              12.9715581
            ]
          ]
        ]
      }
    },
    {
      "type": "Feature",
      "id": "BLDG-346453624",
      "properties": {
        "building_type": "yes",
        "osm_id": 346453624,
        "centroid": {
          "lat": 12.971822985714285,
          "lon": 77.63979384285713
        },
        "area_m2": 187.47448783676654,
        "levels": 2,
        "height": 6.4
      },
      "geometry": {
        "type": "Polygon",
        "coordinates": [
          [
            [
              77.6398498,
              12.9718605
            ],
            [
              77.6398517,
              12.9717577
            ],
            [
              77.6397086,
              12.9717552
            ],
            [
              77.6397072,
              12.971833
            ],
            [
              77.6397951,
              12.9718345
            ],
            [
              77.6397947,
              12.9718595
            ],
            [
              77.6398498,
              12.9718605
            ]
          ]
        ]
      }
    },
    {
      "type": "Feature",
      "id": "BLDG-346453627",
      "properties": {
        "building_type": "yes",
        "osm_id": 346453627,
        "centroid": {
          "lat": 12.971708528571428,
          "lon": 77.63978514285714
        },
        "area_m2": 136.44891450839918,
        "levels": 2,
        "height": 6.4
      },
      "geometry": {
        "type": "Polygon",
        "coordinates": [
          [
            [
              77.6398356,
              12.9717422
            ],
            [
              77.6398379,
              12.9716485
            ],
            [
              77.6397247,
              12.9716459
            ],
            [
              77.6397229,
              12.9717196
            ],
            [
              77.6397699,
              12.9717207
            ],
            [
              77.6397694,
              12.9717406
            ],
            [
              77.6398356,
              12.9717422
            ]
          ]
        ]
      }
    },
    {
      "type": "Feature",
      "id": "BLDG-346517400",
      "properties": {
        "building_type": "commercial",
        "osm_id": 346517400,
        "centroid": {
          "lat": 12.97036062,
          "lon": 77.64071994
        },
        "area_m2": 138.5656623099977,
        "levels": 2,
        "height": 6.4
      },
      "geometry": {
        "type": "Polygon",
        "coordinates": [
          [
            [
              77.6406773,
              12.9704008
            ],
            [
              77.6407812,
              12.9704033
            ],
            [
              77.6407839,
              12.9703004
            ],
            [
              77.64068,
              12.9702978
            ],
            [
              77.6406773,
              12.9704008
            ]
          ]
        ]
      }
    },
    {
      "type": "Feature",
      "id": "BLDG-346517492",
      "properties": {
        "building_type": "yes",
        "osm_id": 346517492,
        "centroid": {
          "lat": 12.970465899999999,
          "lon": 77.64075722
        },
        "area_m2": 217.16008919879806,
        "levels": 2,
        "height": 6.4
      },
      "geometry": {
        "type": "Polygon",
        "coordinates": [
          [
            [
              77.6406959,
              12.9704214
            ],
            [
              77.6406933,
              12.9705291
            ],
            [
              77.6408492,
              12.9705326
            ],
            [
              77.6408518,
              12.970425
            ],
            [
              77.6406959,
              12.9704214
            ]
          ]
        ]
      }
    },
    {
      "type": "Feature",
      "id": "BLDG-346517560",
      "properties": {
        "building_type": "commercial",
        "osm_id": 346517560,
        "centroid": {
          "lat": 12.97037564,
          "lon": 77.64098706
        },
        "area_m2": 328.34232898467314,
        "levels": 2,
        "height": 6.4
      },
      "geometry": {
        "type": "Polygon",
        "coordinates": [
          [
            [
              77.6409081,
              12.9704246
            ],
            [
              77.6411011,
              12.9704309
            ],
            [
              77.6411055,
              12.9703022
            ],
            [
              77.6409125,
              12.9702959
            ],
            [
              77.6409081,
              12.9704246
            ]
          ]
        ]
      }
    },
    {
      "type": "Feature",
      "id": "BLDG-346517571",
      "properties": {
        "building_type": "retail",
        "osm_id": 346517571,
        "centroid": {
          "lat": 12.97169998,
          "lon": 77.64093044
        },
        "area_m2": 371.0108144856232,
        "levels": 3,
        "height": 9.600000000000001
      },
      "geometry": {
        "type": "Polygon",
        "coordinates": [
          [
            [
              77.6408472,
              12.9717525
            ],
            [
              77.6410505,
              12.9717592
            ],
            [
              77.6410553,
              12.9716212
            ],
            [
              77.640852,
              12.9716145
            ],
            [
              77.6408472,
              12.9717525
            ]
          ]
        ]
      }
    },
    {
      "type": "Feature",
      "id": "BLDG-346517573",
      "properties": {
        "building_type": "yes",
        "osm_id": 346517573,
        "centroid": {
          "lat": 12.97121674,
          "lon": 77.64095726000001
        },
        "area_m2": 221.1949702859129,
        "levels": 2,
        "height": 6.4
      },
      "geometry": {
        "type": "Polygon",
        "coordinates": [
          [
            [
              77.6410165,
              12.971263
            ],
            [
              77.6410201,
              12.9711522
            ],
            [
              77.6408684,
              12.9711474
            ],
            [
              77.6408648,
              12.9712581
            ],
            [
              77.6410165,
              12.971263
            ]
          ]
        ]
      }
    },
    {
      "type": "Feature",
      "id": "BLDG-346517606",
      "properties": {
        "building_type": "yes",
        "osm_id": 346517606,
        "centroid": {
          "lat": 12.971532360000001,
          "lon": 77.64092022
        },
        "area_m2": 313.04075590034876,
        "levels": 2,
        "height": 6.4
      },
      "geometry": {
        "type": "Polygon",
        "coordinates": [
          [
            [
              77.6408493,
              12.971586
            ],
            [
              77.6410228,
              12.9715906
            ],
            [
              77.6410266,
              12.9714519
            ],
            [
              77.6408531,
              12.9714473
            ],
            [
              77.6408493,
              12.971586
            ]
          ]
        ]
      }
    },
    {
      "type": "Feature",
      "id": "BLDG-346517751",
      "properties": {
        "building_type": "yes",
        "osm_id": 346517751,
        "centroid": {
          "lat": 12.97087246,
          "lon": 77.64101994
        },
        "area_m2": 434.709275574854,
        "levels": 6,
        "height": 19.200000000000003
      },
      "geometry": {
        "type": "Polygon",
        "coordinates": [
          [
            [
              77.6411047,
              12.9709351
            ],
            [
              77.6411114,
              12.970788
            ],
            [
              77.6408928,
              12.9707785
            ],
            [
              77.6408861,
              12.9709256
            ],
            [
              77.6411047,
              12.9709351
            ]
          ]
        ]
      }
    },
    {
      "type": "Feature",
      "id": "BLDG-346517761",
      "properties": {
        "building_type": "retail",
        "osm_id": 346517761,
        "centroid": {
          "lat": 12.971366499999998,
          "lon": 77.64094104
        },
        "area_m2": 359.5659607688964,
        "levels": 4,
        "height": 12.8
      },
      "geometry": {
        "type": "Polygon",
        "coordinates": [
          [
            [
              77.6408571,
              12.9714175
            ],
            [
              77.641063,
              12.9714233
            ],
            [
              77.6410669,
              12.97129
            ],
            [
              77.6408611,
              12.9712842
            ],
            [
              77.6408571,
              12.9714175
            ]
          ]
        ]
      }
    },
    {
      "type": "Feature",
      "id": "BLDG-346517817",
      "properties": {
        "building_type": "retail",
        "osm_id": 346517817,
        "centroid": {
          "lat": 12.970511757142857,
          "lon": 77.6409998
        },
        "area_m2": 324.71995499663916,
        "levels": 2,
        "height": 6.4
      },
      "geometry": {
        "type": "Polygon",
        "coordinates": [
          [
            [
              77.6410832,
              12.9705871
            ],
            [
              77.6410837,
              12.9704745
            ],
            [
              77.6409651,
              12.970474
            ],
            [
              77.6409653,
              12.9704368
            ],
            [
              77.6409094,
              12.9704365
            ],
            [
              77.6409087,
              12.9705863
            ],
            [
              77.6410832,
              12.9705871
            ]
          ]
        ]
      }
    },
    {
      "type": "Feature",
      "id": "BLDG-346526043",
      "properties": {
        "building_type": "retail",
        "osm_id": 346526043,
        "centroid": {
          "lat": 12.968088499999999,
          "lon": 77.64109407999999
        },
        "area_m2": 415.28263167618536,
        "levels": 6,
        "height": 19.200000000000003
      },
      "geometry": {
        "type": "Polygon",
        "coordinates": [
          [
            [
              77.6410018,
              12.9681371
            ],
            [
              77.6412247,
              12.9681494
            ],
            [
              77.6412325,
              12.9680156
            ],
            [
              77.6410096,
              12.9680033
            ],
            [
              77.6410018,
              12.9681371
            ]
          ]
        ]
      }
    },
    {
      "type": "Feature",
      "id": "BLDG-346526046",
      "properties": {
        "building_type": "commercial",
        "osm_id": 346526046,
        "centroid": {
          "lat": 12.96934062,
          "lon": 77.64105420000001
        },
        "area_m2": 419.9580815407122,
        "levels": 5,
        "height": 16.0
      },
      "geometry": {
        "type": "Polygon",
        "coordinates": [
          [
            [
              77.6409706,
              12.9692797
            ],
            [
              77.6409632,
              12.9694212
            ],
            [
              77.6411796,
              12.969432
            ],
            [
              77.641187,
              12.9692905
            ],
            [
              77.6409706,
              12.9692797
            ]
          ]
        ]
      }
    },
    {
      "type": "Feature",
      "id": "BLDG-346526047",
      "properties": {
        "building_type": "commercial",
        "osm_id": 346526047,
        "centroid": {
          "lat": 12.96993956,
          "lon": 77.64105543999999
        },
        "area_m2": 657.9007407179001,
        "levels": 5,
        "height": 16.0
      },
      "geometry": {
        "type": "Polygon",
        "coordinates": [
          [
            [
              77.6411344,
              12.9698388
            ],
            [
              77.6409508,
              12.9698295
            ],
            [
              77.640937,
              12.9700907
            ],
            [
              77.6411206,
              12.9701
            ],
            [
              77.6411344,
              12.9698388
            ]
          ]
        ]
      }
    },
    {
      "type": "Feature",
      "id": "BLDG-346526051",
      "properties": {
        "building_type": "commercial",
        "osm_id": 346526051,
        "centroid": {
          "lat": 12.9691867,
          "lon": 77.64105594
        },
        "area_m2": 347.3930591936365,
        "levels": 3,
        "height": 9.600000000000001
      },
      "geometry": {
        "type": "Polygon",
        "coordinates": [
          [
            [
              77.6409765,
              12.9691333
            ],
            [
              77.6409702,
              12.9692568
            ],
            [
              77.6411751,
              12.9692668
            ],
            [
              77.6411814,
              12.9691433
            ],
            [
              77.6409765,
              12.9691333
            ]
          ]
        ]
      }
    },
    {
      "type": "Feature",
      "id": "BLDG-346526053",
      "properties": {
        "building_type": "commercial",
        "osm_id": 346526053,
        "centroid": {
          "lat": 12.968421520000001,
          "lon": 77.64107028
        },
        "area_m2": 444.8755790984699,
        "levels": 4,
        "height": 12.8
      },
      "geometry": {
        "type": "Polygon",
        "coordinates": [
          [
            [
              77.6409774,
              12.9684746
            ],
            [
              77.6412019,
              12.968486
            ],
            [
              77.6412096,
              12.9683419
            ],
            [
              77.6409851,
              12.9683305
            ],
            [
              77.6409774,
              12.9684746
            ]
          ]
        ]
      }
    },
    {
      "type": "Feature",
      "id": "BLDG-346526055",
      "properties": {
        "building_type": "yes",
        "osm_id": 346526055,
        "centroid": {
          "lat": 12.96869864,
          "lon": 77.64106064
        },
        "area_m2": 320.8750637396138,
        "levels": 4,
        "height": 12.8
      },
      "geometry": {
        "type": "Polygon",
        "coordinates": [
          [
            [
              77.6409918,
              12.9686432
            ],
            [
              77.6409839,
              12.9687712
            ],
            [
              77.6411639,
              12.9687818
            ],
            [
              77.6411718,
              12.9686538
            ],
            [
              77.6409918,
              12.9686432
            ]
          ]
        ]
      }
    },
    {
      "type": "Feature",
      "id": "BLDG-346526057",
      "properties": {
        "building_type": "yes",
        "osm_id": 346526057,
        "centroid": {
          "lat": 12.9696829,
          "lon": 77.64102310000001
        },
        "area_m2": 271.12914945258217,
        "levels": 2,
        "height": 6.4
      },
      "geometry": {
        "type": "Polygon",
        "coordinates": [
          [
            [
              77.6409525,
              12.9696355
            ],
            [
              77.6409479,
              12.9697469
            ],
            [
              77.641129,
              12.969754
            ],
            [
              77.6411336,
              12.9696426
            ],
            [
              77.6409525,
              12.9696355
            ]
          ]
        ]
      }
    },
    {
      "type": "Feature",
      "id": "BLDG-346526061",
      "properties": {
        "building_type": "commercial",
        "osm_id": 346526061,
        "centroid": {
          "lat": 12.9695316,
          "lon": 77.6410212
        },
        "area_m2": 280.0302094693864,
        "levels": 2,
        "height": 6.4
      },
      "geometry": {
        "type": "Polygon",
        "coordinates": [
          [
            [
              77.6409521,
              12.9694829
            ],
            [
              77.6409452,
              12.969594
            ],
            [
              77.6411248,
              12.9696047
            ],
            [
              77.6411318,
              12.9694935
            ],
            [
              77.6409521,
              12.9694829
            ]
          ]
        ]
      }
    },
    {
      "type": "Feature",
      "id": "BLDG-346526063",
      "properties": {
        "building_type": "retail",
        "osm_id": 346526063,
        "centroid": {
          "lat": 12.96825672,
          "lon": 77.6410815
        },
        "area_m2": 373.1502329252872,
        "levels": 3,
        "height": 9.600000000000001
      },
      "geometry": {
        "type": "Polygon",
        "coordinates": [
          [
            [
              77.6409978,
              12.9683057
            ],
            [
              77.6411993,
              12.9683168
            ],
            [
              77.6412071,
              12.9681833
            ],
            [
              77.6410055,
              12.9681721
            ],
            [
              77.6409978,
              12.9683057
            ]
          ]
        ]
      }
    },
    {
      "type": "Feature",
      "id": "BLDG-346526064",
      "properties": {
        "building_type": "commercial",
        "osm_id": 346526064,
        "centroid": {
          "lat": 12.9690137,
          "lon": 77.64105178
        },
        "area_m2": 327.07080179930557,
        "levels": 2,
        "height": 6.4
      },
      "geometry": {
        "type": "Polygon",
        "coordinates": [
          [
            [
              77.6409846,
              12.9689551
            ],
            [
              77.640978,
              12.9690936
            ],
            [
              77.6411525,
              12.9691016
            ],
            [
              77.6411592,
              12.9689631
            ],
            [
              77.6409846,
              12.9689551
            ]
          ]
        ]
      }
    },
    {
      "type": "Feature",
      "id": "BLDG-346526066",
      "properties": {
        "building_type": "yes",
        "osm_id": 346526066,
        "centroid": {
          "lat": 12.96885034,
          "lon": 77.6410687
        },
        "area_m2": 404.5208541953733,
        "levels": 2,
        "height": 6.4
      },
      "geometry": {
        "type": "Polygon",
        "coordinates": [
          [
            [
              77.6409855,
              12.9687907
            ],
            [
              77.6409794,
              12.9689311
            ],
            [
              77.6411935,
              12.9689398
            ],
            [
              77.6411996,
              12.9687994
            ],
            [
              77.6409855,
              12.9687907
            ]
          ]
        ]
      }
    },
    {
      "type": "Feature",
      "id": "BLDG-346769588",
      "properties": {
        "building_type": "yes",
        "osm_id": 346769588,
        "centroid": {
          "lat": 12.971844619999999,
          "lon": 77.64037637999999
        },
        "area_m2": 144.37378170627233,
        "levels": 2,
        "height": 6.4
      },
      "geometry": {
        "type": "Polygon",
        "coordinates": [
          [
            [
              77.6403208,
              12.9718743
            ],
            [
              77.6404567,
              12.9718794
            ],
            [
              77.6404598,
              12.9718
            ],
            [
              77.6403238,
              12.9717951
            ],
            [
              77.6403208,
              12.9718743
            ]
          ]
        ]
      }
    },
    {
      "type": "Feature",
      "id": "BLDG-346769590",
      "properties": {
        "building_type": "house",
        "osm_id": 346769590,
        "centroid": {
          "lat": 12.97117086,
          "lon": 77.64024124
        },
        "area_m2": 175.31107343953087,
        "levels": 2,
        "height": 6.4
      },
      "geometry": {
        "type": "Polygon",
        "coordinates": [
          [
            [
              77.6401834,
              12.9712091
            ],
            [
              77.640327,
              12.9712105
            ],
            [
              77.640328,
              12.9711135
            ],
            [
              77.6401844,
              12.9711121
            ],
            [
              77.6401834,
              12.9712091
            ]
          ]
        ]
      }
    },
    {
      "type": "Feature",
      "id": "BLDG-346769591",
      "properties": {
        "building_type": "apartments",
        "osm_id": 346769591,
        "centroid": {
          "lat": 12.97172864,
          "lon": 77.64021584
        },
        "area_m2": 176.0503334469207,
        "levels": 2,
        "height": 6.4
      },
      "geometry": {
        "type": "Polygon",
        "coordinates": [
          [
            [
              77.6401573,
              12.9717651
            ],
            [
              77.6403014,
              12.9717683
            ],
            [
              77.6403037,
              12.971674
            ],
            [
              77.6401595,
              12.9716707
            ],
            [
              77.6401573,
              12.9717651
            ]
          ]
        ]
      }
    },
    {
      "type": "Feature",
      "id": "BLDG-346769598",
      "properties": {
        "building_type": "yes",
        "osm_id": 346769598,
        "centroid": {
          "lat": 12.971063939999999,
          "lon": 77.64041392
        },
        "area_m2": 188.4660819217546,
        "levels": 2,
        "height": 6.4
      },
      "geometry": {
        "type": "Polygon",
        "coordinates": [
          [
            [
              77.6403482,
              12.9710974
            ],
            [
              77.6405097,
              12.9711021
            ],
            [
              77.6405125,
              12.9710138
            ],
            [
              77.640351,
              12.971009
            ],
            [
              77.6403482,
              12.9710974
            ]
          ]
        ]
      }
    },
    {
      "type": "Feature",
      "id": "BLDG-346769600",
      "properties": {
        "building_type": "yes",
        "osm_id": 346769600,
        "centroid": {
          "lat": 12.97095348,
          "lon": 77.6404228
        },
        "area_m2": 181.6177005098424,
        "levels": 2,
        "height": 6.4
      },
      "geometry": {
        "type": "Polygon",
        "coordinates": [
          [
            [
              77.6403608,
              12.9709883
            ],
            [
              77.6405133,
              12.9709923
            ],
            [
              77.6405158,
              12.9709013
            ],
            [
              77.6403633,
              12.9708972
            ],
            [
              77.6403608,
              12.9709883
            ]
          ]
        ]
      }
    },
    {
      "type": "Feature",
      "id": "BLDG-346769606",
      "properties": {
        "building_type": "apartments",
        "osm_id": 346769606,
        "centroid": {
          "lat": 12.971836919999998,
          "lon": 77.64021432
        },
        "area_m2": 151.11164376178215,
        "levels": 2,
        "height": 6.4
      },
      "geometry": {
        "type": "Polygon",
        "coordinates": [
          [
            [
              77.6401564,
              12.9718684
            ],
            [
              77.6402994,
              12.9718714
            ],
            [
              77.6403012,
              12.9717897
            ],
            [
              77.6401582,
              12.9717867
            ],
            [
              77.6401564,
              12.9718684
            ]
          ]
        ]
      }
    },
    {
      "type": "Feature",
      "id": "BLDG-346769611",
      "properties": {
        "building_type": "yes",
        "osm_id": 346769611,
        "centroid": {
          "lat": 12.971721857142857,
          "lon": 77.6403742
        },
        "area_m2": 185.71788288297685,
        "levels": 2,
        "height": 6.4
      },
      "geometry": {
        "type": "Polygon",
        "coordinates": [
          [
            [
              77.6403142,
              12.9717719
            ],
            [
              77.6404592,
              12.9717756
            ],
            [
              77.6404614,
              12.9716939
            ],
            [
              77.6403766,
              12.9716917
            ],
            [
              77.640377,
              12.9716748
            ],
            [
              77.6403168,
              12.9716732
            ],
            [
              77.6403142,
              12.9717719
            ]
          ]
        ]
      }
    },
    {
      "type": "Feature",
      "id": "BLDG-346769614",
      "properties": {
        "building_type": "yes",
        "osm_id": 346769614,
        "centroid": {
          "lat": 12.97117634,
          "lon": 77.64041288
        },
        "area_m2": 194.0158299586483,
        "levels": 2,
        "height": 6.4
      },
      "geometry": {
        "type": "Polygon",
        "coordinates": [
          [
            [
              77.6403531,
              12.9712145
            ],
            [
              77.6404989,
              12.9712195
            ],
            [
              77.6405025,
              12.9711191
            ],
            [
              77.6403568,
              12.9711141
            ],
            [
              77.6403531,
              12.9712145
            ]
          ]
        ]
      }
    },
    {
      "type": "Feature",
      "id": "BLDG-346772898",
      "properties": {
        "building_type": "yes",
        "osm_id": 346772898,
        "centroid": {
          "lat": 12.971032619999999,
          "lon": 77.6407395
        },
        "area_m2": 254.50257599144587,
        "levels": 2,
        "height": 6.4
      },
      "geometry": {
        "type": "Polygon",
        "coordinates": [
          [
            [
              77.6406755,
              12.971079
            ],
            [
              77.64083,
              12.9710856
            ],
            [
              77.6408355,
              12.970963
            ],
            [
              77.640681,
              12.9709565
            ],
            [
              77.6406755,
              12.971079
            ]
          ]
        ]
      }
    },
    {
      "type": "Feature",
      "id": "BLDG-346772914",
      "properties": {
        "building_type": "yes",
        "osm_id": 346772914,
        "centroid": {
          "lat": 12.971448,
          "lon": 77.64071418
        },
        "area_m2": 244.9704343670092,
        "levels": 2,
        "height": 6.4
      },
      "geometry": {
        "type": "Polygon",
        "coordinates": [
          [
            [
              77.6406464,
              12.9714914
            ],
            [
              77.6408127,
              12.9714958
            ],
            [
              77.6408159,
              12.9713829
            ],
            [
              77.6406495,
              12.9713785
            ],
            [
              77.6406464,
              12.9714914
            ]
          ]
        ]
      }
    },
    {
      "type": "Feature",
      "id": "BLDG-346772922",
      "properties": {
        "building_type": "retail",
        "osm_id": 346772922,
        "centroid": {
          "lat": 12.971037480000001,
          "lon": 77.64101148
        },
        "area_m2": 442.7350517590756,
        "levels": 2,
        "height": 6.4
      },
      "geometry": {
        "type": "Polygon",
        "coordinates": [
          [
            [
              77.6410972,
              12.9711
            ],
            [
              77.641105,
              12.970955
            ],
            [
              77.6408829,
              12.9709437
            ],
            [
              77.6408751,
              12.9710887
            ],
            [
              77.6410972,
              12.9711
            ]
          ]
        ]
      }
    },
    {
      "type": "Feature",
      "id": "BLDG-347073626",
      "properties": {
        "building_type": "residential",
        "osm_id": 347073626,
        "centroid": {
          "lat": 12.969301920000001,
          "lon": 77.6389567
        },
        "area_m2": 177.73535340105954,
        "levels": 2,
        "height": 6.4
      },
      "geometry": {
        "type": "Polygon",
        "coordinates": [
          [
            [
              77.6388975,
              12.9692654
            ],
            [
              77.6388925,
              12.9693478
            ],
            [
              77.6390455,
              12.9693567
            ],
            [
              77.6390505,
              12.9692743
            ],
            [
              77.6388975,
              12.9692654
            ]
          ]
        ]
      }
    },
    {
      "type": "Feature",
      "id": "BLDG-347073808",
      "properties": {
        "building_type": "yes",
        "osm_id": 347073808,
        "centroid": {
          "lat": 12.97011584,
          "lon": 77.63519986
        },
        "area_m2": 1138.2221118267169,
        "levels": 2,
        "height": 6.4
      },
      "geometry": {
        "type": "Polygon",
        "coordinates": [
          [
            [
              77.6350737,
              12.970127
            ],
            [
              77.6351813,
              12.9702595
            ],
            [
              77.6353891,
              12.9700991
            ],
            [
              77.6352815,
              12.9699666
            ],
            [
              77.6350737,
              12.970127
            ]
          ]
        ]
      }
    },
    {
      "type": "Feature",
      "id": "BLDG-347073875",
      "properties": {
        "building_type": "residential",
        "osm_id": 347073875,
        "centroid": {
          "lat": 12.96940706,
          "lon": 77.63894788
        },
        "area_m2": 148.41125018443918,
        "levels": 2,
        "height": 6.4
      },
      "geometry": {
        "type": "Polygon",
        "coordinates": [
          [
            [
              77.6388941,
              12.9693726
            ],
            [
              77.6388914,
              12.9694543
            ],
            [
              77.6390285,
              12.9694587
            ],
            [
              77.6390313,
              12.9693771
            ],
            [
              77.6388941,
              12.9693726
            ]
          ]
        ]
      }
    },
    {
      "type": "Feature",
      "id": "BLDG-347073928",
      "properties": {
        "building_type": "yes",
        "osm_id": 347073928,
        "centroid": {
          "lat": 12.96765028,
          "lon": 77.63710155999999
        },
        "area_m2": 242.35234503956113,
        "levels": 2,
        "height": 6.4
      },
      "geometry": {
        "type": "Polygon",
        "coordinates": [
          [
            [
              77.6370543,
              12.9677062
            ],
            [
              77.6371837,
              12.9676956
            ],
            [
              77.6371725,
              12.9675664
            ],
            [
              77.637043,
              12.967577
            ],
            [
              77.6370543,
              12.9677062
            ]
          ]
        ]
      }
    },
    {
      "type": "Feature",
      "id": "BLDG-347216818",
      "properties": {
        "building_type": "residential",
        "osm_id": 347216818,
        "centroid": {
          "lat": 12.96867568,
          "lon": 77.6391569
        },
        "area_m2": 145.89222173644998,
        "levels": 2,
        "height": 6.4
      },
      "geometry": {
        "type": "Polygon",
        "coordinates": [
          [
            [
              77.6391004,
              12.9687032
            ],
            [
              77.6392373,
              12.9687107
            ],
            [
              77.6392417,
              12.9686344
            ],
            [
              77.6391047,
              12.9686269
            ],
            [
              77.6391004,
              12.9687032
            ]
          ]
        ]
      }
    },
    {
      "type": "Feature",
      "id": "BLDG-347216852",
      "properties": {
        "building_type": "yes",
        "osm_id": 347216852,
        "centroid": {
          "lat": 12.96941564,
          "lon": 77.64049150000001
        },
        "area_m2": 221.26039478271457,
        "levels": 2,
        "height": 6.4
      },
      "geometry": {
        "type": "Polygon",
        "coordinates": [
          [
            [
              77.6404258,
              12.9694551
            ],
            [
              77.6405864,
              12.9694604
            ],
            [
              77.6405901,
              12.9693565
            ],
            [
              77.6404294,
              12.9693511
            ],
            [
              77.6404258,
              12.9694551
            ]
          ]
        ]
      }
    },
    {
      "type": "Feature",
      "id": "BLDG-347216870",
      "properties": {
        "building_type": "residential",
        "osm_id": 347216870,
        "centroid": {
          "lat": 12.969334839999998,
          "lon": 77.63913769999999
        },
        "area_m2": 172.5244328785962,
        "levels": 2,
        "height": 6.4
      },
      "geometry": {
        "type": "Polygon",
        "coordinates": [
          [
            [
              77.639074,
              12.9693632
            ],
            [
              77.6392287,
              12.9693717
            ],
            [
              77.6392333,
              12.9692923
            ],
            [
              77.6390785,
              12.9692838
            ],
            [
              77.639074,
              12.9693632
            ]
          ]
        ]
      }
    },
    {
      "type": "Feature",
      "id": "BLDG-347216875",
      "properties": {
        "building_type": "residential",
        "osm_id": 347216875,
        "centroid": {
          "lat": 12.96950822,
          "lon": 77.63986942
        },
        "area_m2": 141.4140310875644,
        "levels": 2,
        "height": 6.4
      },
      "geometry": {
        "type": "Polygon",
        "coordinates": [
          [
            [
              77.6398193,
              12.9695396
            ],
            [
              77.6399397,
              12.9695462
            ],
            [
              77.6399446,
              12.9694611
            ],
            [
              77.6398242,
              12.9694546
            ],
            [
              77.6398193,
              12.9695396
            ]
          ]
        ]
      }
    },
    {
      "type": "Feature",
      "id": "BLDG-347216902",
      "properties": {
        "building_type": "residential",
        "osm_id": 347216902,
        "centroid": {
          "lat": 12.969139680000001,
          "lon": 77.6396042
        },
        "area_m2": 162.70410304203992,
        "levels": 2,
        "height": 6.4
      },
      "geometry": {
        "type": "Polygon",
        "coordinates": [
          [
            [
              77.6395491,
              12.9691734
            ],
            [
              77.6396827,
              12.9691792
            ],
            [
              77.6396868,
              12.9690891
            ],
            [
              77.6395533,
              12.9690833
            ],
            [
              77.6395491,
              12.9691734
            ]
          ]
        ]
      }
    },
    {
      "type": "Feature",
      "id": "BLDG-347216919",
      "properties": {
        "building_type": "residential",
        "osm_id": 347216919,
        "centroid": {
          "lat": 12.96945566,
          "lon": 77.63941974
        },
        "area_m2": 171.55908251729883,
        "levels": 2,
        "height": 6.4
      },
      "geometry": {
        "type": "Polygon",
        "coordinates": [
          [
            [
              77.6393573,
              12.9694866
            ],
            [
              77.63951,
              12.9694925
            ],
            [
              77.6395134,
              12.9694093
            ],
            [
              77.6393607,
              12.9694033
            ],
            [
              77.6393573,
              12.9694866
            ]
          ]
        ]
      }
    },
    {
      "type": "Feature",
      "id": "BLDG-347216941",
      "properties": {
        "building_type": "residential",
        "osm_id": 347216941,
        "centroid": {
          "lat": 12.969062679999999,
          "lon": 77.63989956
        },
        "area_m2": 182.4801704949621,
        "levels": 2,
        "height": 6.4
      },
      "geometry": {
        "type": "Polygon",
        "coordinates": [
          [
            [
              77.6398372,
              12.9690941
            ],
            [
              77.6399881,
              12.9691023
            ],
            [
              77.6399931,
              12.9690156
            ],
            [
              77.6398422,
              12.9690073
            ],
            [
              77.6398372,
              12.9690941
            ]
          ]
        ]
      }
    },
    {
      "type": "Feature",
      "id": "BLDG-347216963",
      "properties": {
        "building_type": "residential",
        "osm_id": 347216963,
        "centroid": {
          "lat": 12.96919392,
          "lon": 77.64004816
        },
        "area_m2": 120.76366545658045,
        "levels": 2,
        "height": 6.4
      },
      "geometry": {
        "type": "Polygon",
        "coordinates": [
          [
            [
              77.6400103,
              12.9692314
            ],
            [
              77.6400993,
              12.9692363
            ],
            [
              77.640105,
              12.9691377
            ],
            [
              77.6400159,
              12.9691328
            ],
            [
              77.6400103,
              12.9692314
            ]
          ]
        ]
      }
    },
    {
      "type": "Feature",
      "id": "BLDG-347217007",
      "properties": {
        "building_type": "residential",
        "osm_id": 347217007,
        "centroid": {
          "lat": 12.9691175,
          "lon": 77.63915331999999
        },
        "area_m2": 150.0456308381736,
        "levels": 2,
        "height": 6.4
      },
      "geometry": {
        "type": "Polygon",
        "coordinates": [
          [
            [
              77.6390972,
              12.9691463
            ],
            [
              77.6392329,
              12.9691537
            ],
            [
              77.6392375,
              12.9690743
            ],
            [
              77.6391018,
              12.9690669
            ],
            [
              77.6390972,
              12.9691463
            ]
          ]
        ]
      }
    },
    {
      "type": "Feature",
      "id": "BLDG-347217018",
      "properties": {
        "building_type": "yes",
        "osm_id": 347217018,
        "centroid": {
          "lat": 12.968244279999999,
          "lon": 77.6404411
        },
        "area_m2": 161.00971911310143,
        "levels": 2,
        "height": 6.4
      },
      "geometry": {
        "type": "Polygon",
        "coordinates": [
          [
            [
              77.6403876,
              12.9682828
            ],
            [
              77.6405223,
              12.9682815
            ],
            [
              77.6405214,
              12.9681865
            ],
            [
              77.6403866,
              12.9681878
            ],
            [
              77.6403876,
              12.9682828
            ]
          ]
        ]
      }
    },
    {
      "type": "Feature",
      "id": "BLDG-347217033",
      "properties": {
        "building_type": "yes",
        "osm_id": 347217033,
        "centroid": {
          "lat": 12.96909264,
          "lon": 77.6400756
        },
        "area_m2": 153.02090592168295,
        "levels": 2,
        "height": 6.4
      },
      "geometry": {
        "type": "Polygon",
        "coordinates": [
          [
            [
              77.6400147,
              12.9691188
            ],
            [
              77.6401627,
              12.9691269
            ],
            [
              77.6401669,
              12.9690534
            ],
            [
              77.640019,
              12.9690453
            ],
            [
              77.6400147,
              12.9691188
            ]
          ]
        ]
      }
    },
    {
      "type": "Feature",
      "id": "BLDG-347217040",
      "properties": {
        "building_type": "yes",
        "osm_id": 347217040,
        "centroid": {
          "lat": 12.968356599999998,
          "lon": 77.64042168
        },
        "area_m2": 204.97030785404755,
        "levels": 2,
        "height": 6.4
      },
      "geometry": {
        "type": "Polygon",
        "coordinates": [
          [
            [
              77.6403574,
              12.9683972
            ],
            [
              77.6405197,
              12.9683947
            ],
            [
              77.6405181,
              12.9682957
            ],
            [
              77.6403558,
              12.9682982
            ],
            [
              77.6403574,
              12.9683972
            ]
          ]
        ]
      }
    },
    {
      "type": "Feature",
      "id": "BLDG-347217047",
      "properties": {
        "building_type": "yes",
        "osm_id": 347217047,
        "centroid": {
          "lat": 12.96918956,
          "lon": 77.64034196
        },
        "area_m2": 181.41502005509216,
        "levels": 2,
        "height": 6.4
      },
      "geometry": {
        "type": "Polygon",
        "coordinates": [
          [
            [
              77.6402856,
              12.9692277
            ],
            [
              77.640423,
              12.9692323
            ],
            [
              77.6404265,
              12.9691323
            ],
            [
              77.6402891,
              12.9691278
            ],
            [
              77.6402856,
              12.9692277
            ]
          ]
        ]
      }
    },
    {
      "type": "Feature",
      "id": "BLDG-347217053",
      "properties": {
        "building_type": "residential",
        "osm_id": 347217053,
        "centroid": {
          "lat": 12.96917052,
          "lon": 77.63988018
        },
        "area_m2": 156.02772275780305,
        "levels": 2,
        "height": 6.4
      },
      "geometry": {
        "type": "Polygon",
        "coordinates": [
          [
            [
              77.6398253,
              12.9692016
            ],
            [
              77.6399576,
              12.9692089
            ],
            [
              77.6399625,
              12.9691239
            ],
            [
              77.6398302,
              12.9691166
            ],
            [
              77.6398253,
              12.9692016
            ]
          ]
        ]
      }
    },
    {
      "type": "Feature",
      "id": "BLDG-347217065",
      "properties": {
        "building_type": "yes",
        "osm_id": 347217065,
        "centroid": {
          "lat": 12.9687445,
          "lon": 77.64035582
        },
        "area_m2": 184.67059787717307,
        "levels": 2,
        "height": 6.4
      },
      "geometry": {
        "type": "Polygon",
        "coordinates": [
          [
            [
              77.6402971,
              12.9687824
            ],
            [
              77.6404413,
              12.9687861
            ],
            [
              77.6404439,
              12.9686876
            ],
            [
              77.6402997,
              12.968684
            ],
            [
              77.6402971,
              12.9687824
            ]
          ]
        ]
      }
    },
    {
      "type": "Feature",
      "id": "BLDG-347217069",
      "properties": {
        "building_type": "residential",
        "osm_id": 347217069,
        "centroid": {
          "lat": 12.96936122,
          "lon": 77.63958056
        },
        "area_m2": 134.72298881281412,
        "levels": 2,
        "height": 6.4
      },
      "geometry": {
        "type": "Polygon",
        "coordinates": [
          [
            [
              77.6395341,
              12.9693951
            ],
            [
              77.6396463,
              12.9693998
            ],
            [
              77.6396503,
              12.9693104
            ],
            [
              77.639538,
              12.9693057
            ],
            [
              77.6395341,
              12.9693951
            ]
          ]
        ]
      }
    },
    {
      "type": "Feature",
      "id": "BLDG-347217079",
      "properties": {
        "building_type": "residential",
        "osm_id": 347217079,
        "centroid": {
          "lat": 12.9686999,
          "lon": 77.63963326000001
        },
        "area_m2": 239.69938734135474,
        "levels": 2,
        "height": 6.4
      },
      "geometry": {
        "type": "Polygon",
        "coordinates": [
          [
            [
              77.6395629,
              12.9687391
            ],
            [
              77.6397347,
              12.9687454
            ],
            [
              77.6397388,
              12.9686411
            ],
            [
              77.639567,
              12.9686348
            ],
            [
              77.6395629,
              12.9687391
            ]
          ]
        ]
      }
    },
    {
      "type": "Feature",
      "id": "BLDG-347217101",
      "properties": {
        "building_type": "yes",
        "osm_id": 347217101,
        "centroid": {
          "lat": 12.96909168,
          "lon": 77.6405041
        },
        "area_m2": 164.95108379607618,
        "levels": 2,
        "height": 6.4
      },
      "geometry": {
        "type": "Polygon",
        "coordinates": [
          [
            [
              77.6404405,
              12.9691212
            ],
            [
              77.6405967,
              12.9691264
            ],
            [
              77.6405995,
              12.9690474
            ],
            [
              77.6404433,
              12.9690422
            ],
            [
              77.6404405,
              12.9691212
            ]
          ]
        ]
      }
    },
    {
      "type": "Feature",
      "id": "BLDG-347217105",
      "properties": {
        "building_type": "residential",
        "osm_id": 347217105,
        "centroid": {
          "lat": 12.96885786,
          "lon": 77.63994358
        },
        "area_m2": 276.7064965187356,
        "levels": 2,
        "height": 6.4
      },
      "geometry": {
        "type": "Polygon",
        "coordinates": [
          [
            [
              77.640011,
              12.9689073
            ],
            [
              77.6400176,
              12.9687933
            ],
            [
              77.6398424,
              12.9687837
            ],
            [
              77.6398359,
              12.9688977
            ],
            [
              77.640011,
              12.9689073
            ]
          ]
        ]
      }
    },
    {
      "type": "Feature",
      "id": "BLDG-347217118",
      "properties": {
        "building_type": "residential",
        "osm_id": 347217118,
        "centroid": {
          "lat": 12.96901584,
          "lon": 77.63943902000001
        },
        "area_m2": 223.4125038550936,
        "levels": 2,
        "height": 6.4
      },
      "geometry": {
        "type": "Polygon",
        "coordinates": [
          [
            [
              77.6393735,
              12.9690498
            ],
            [
              77.6395287,
              12.9690627
            ],
            [
              77.6395373,
              12.9689649
            ],
            [
              77.6393821,
              12.968952
            ],
            [
              77.6393735,
              12.9690498
            ]
          ]
        ]
      }
    },
    {
      "type": "Feature",
      "id": "BLDG-347217139",
      "properties": {
        "building_type": "yes",
        "osm_id": 347217139,
        "centroid": {
          "lat": 12.96897368,
          "lon": 77.64051858
        },
        "area_m2": 200.76576660378154,
        "levels": 2,
        "height": 6.4
      },
      "geometry": {
        "type": "Polygon",
        "coordinates": [
          [
            [
              77.6404553,
              12.9690108
            ],
            [
              77.6406101,
              12.9690159
            ],
            [
              77.6406135,
              12.968918
            ],
            [
              77.6404587,
              12.9689129
            ],
            [
              77.6404553,
              12.9690108
            ]
          ]
        ]
      }
    },
    {
      "type": "Feature",
      "id": "BLDG-347217157",
      "properties": {
        "building_type": "residential",
        "osm_id": 347217157,
        "centroid": {
          "lat": 12.968905860000001,
          "lon": 77.63945148
        },
        "area_m2": 203.88199391060067,
        "levels": 2,
        "height": 6.4
      },
      "geometry": {
        "type": "Polygon",
        "coordinates": [
          [
            [
              77.6393888,
              12.9689424
            ],
            [
              77.6395406,
              12.9689495
            ],
            [
              77.6395455,
              12.9688511
            ],
            [
              77.6393937,
              12.9688439
            ],
            [
              77.6393888,
              12.9689424
            ]
          ]
        ]
      }
    },
    {
      "type": "Feature",
      "id": "BLDG-347217163",
      "properties": {
        "building_type": "yes",
        "osm_id": 347217163,
        "centroid": {
          "lat": 12.967801,
          "lon": 77.64067
        },
        "area_m2": 131.71580232286632,
        "levels": 2,
        "height": 6.4
      },
      "geometry": {
        "type": "Polygon",
        "coordinates": [
          [
            [
              77.6406638,
              12.9678692
            ],
            [
              77.6407029,
              12.9678639
            ],
            [
              77.6406793,
              12.9676987
            ],
            [
              77.6406402,
              12.967704
            ],
            [
              77.6406638,
              12.9678692
            ]
          ]
        ]
      }
    },
    {
      "type": "Feature",
      "id": "BLDG-347217170",
      "properties": {
        "building_type": "residential",
        "osm_id": 347217170,
        "centroid": {
          "lat": 12.9689651,
          "lon": 77.63990328
        },
        "area_m2": 184.96038779504482,
        "levels": 2,
        "height": 6.4
      },
      "geometry": {
        "type": "Polygon",
        "coordinates": [
          [
            [
              77.6398394,
              12.9689959
            ],
            [
              77.6399941,
              12.9690044
            ],
            [
              77.6399991,
              12.9689189
            ],
            [
              77.6398444,
              12.9689104
            ],
            [
              77.6398394,
              12.9689959
            ]
          ]
        ]
      }
    },
    {
      "type": "Feature",
      "id": "BLDG-347217179",
      "properties": {
        "building_type": "residential",
        "osm_id": 347217179,
        "centroid": {
          "lat": 12.969223940000001,
          "lon": 77.63915074
        },
        "area_m2": 132.67425294304806,
        "levels": 2,
        "height": 6.4
      },
      "geometry": {
        "type": "Polygon",
        "coordinates": [
          [
            [
              77.6391011,
              12.9692548
            ],
            [
              77.6392218,
              12.9692596
            ],
            [
              77.6392253,
              12.9691776
            ],
            [
              77.6391044,
              12.9691729
            ],
            [
              77.6391011,
              12.9692548
            ]
          ]
        ]
      }
    },
    {
      "type": "Feature",
      "id": "BLDG-347217194",
      "properties": {
        "building_type": "residential",
        "osm_id": 347217194,
        "centroid": {
          "lat": 12.96922456,
          "lon": 77.63941716
        },
        "area_m2": 166.64694624050995,
        "levels": 2,
        "height": 6.4
      },
      "geometry": {
        "type": "Polygon",
        "coordinates": [
          [
            [
              77.6393554,
              12.9692531
            ],
            [
              77.6395052,
              12.9692612
            ],
            [
              77.6395098,
              12.9691818
            ],
            [
              77.63936,
              12.9691736
            ],
            [
              77.6393554,
              12.9692531
            ]
          ]
        ]
      }
    },
    {
      "type": "Feature",
      "id": "BLDG-347217224",
      "properties": {
        "building_type": "residential",
        "osm_id": 347217224,
        "centroid": {
          "lat": 12.96926216,
          "lon": 77.639629
        },
        "area_m2": 90.91567331759084,
        "levels": 2,
        "height": 6.4
      },
      "geometry": {
        "type": "Polygon",
        "coordinates": [
          [
            [
              77.6395919,
              12.9692913
            ],
            [
              77.6396816,
              12.9692947
            ],
            [
              77.6396846,
              12.9692184
            ],
            [
              77.639595,
              12.9692151
            ],
            [
              77.6395919,
              12.9692913
            ]
          ]
        ]
      }
    },
    {
      "type": "Feature",
      "id": "BLDG-347217236",
      "properties": {
        "building_type": "residential",
        "osm_id": 347217236,
        "centroid": {
          "lat": 12.969476320000002,
          "lon": 77.63956934000001
        },
        "area_m2": 187.08723883020838,
        "levels": 2,
        "height": 6.4
      },
      "geometry": {
        "type": "Polygon",
        "coordinates": [
          [
            [
              77.6395178,
              12.9695203
            ],
            [
              77.6396429,
              12.9695242
            ],
            [
              77.6396467,
              12.9694104
            ],
            [
              77.6395215,
              12.9694064
            ],
            [
              77.6395178,
              12.9695203
            ]
          ]
        ]
      }
    },
    {
      "type": "Feature",
      "id": "BLDG-347217250",
      "properties": {
        "building_type": "yes",
        "osm_id": 347217250,
        "centroid": {
          "lat": 12.96822072,
          "lon": 77.63996496
        },
        "area_m2": 132.55671060499768,
        "levels": 2,
        "height": 6.4
      },
      "geometry": {
        "type": "Polygon",
        "coordinates": [
          [
            [
              77.6399286,
              12.9682551
            ],
            [
              77.6400366,
              12.9682216
            ],
            [
              77.6400195,
              12.9681691
            ],
            [
              77.6399115,
              12.9682027
            ],
            [
              77.6399286,
              12.9682551
            ]
          ]
        ]
      }
    },
    {
      "type": "Feature",
      "id": "BLDG-347217258",
      "properties": {
        "building_type": "yes",
        "osm_id": 347217258,
        "centroid": {
          "lat": 12.9695304,
          "lon": 77.64048224000001
        },
        "area_m2": 218.8313096282568,
        "levels": 2,
        "height": 6.4
      },
      "geometry": {
        "type": "Polygon",
        "coordinates": [
          [
            [
              77.6404157,
              12.9695688
            ],
            [
              77.6405785,
              12.9695742
            ],
            [
              77.640582,
              12.9694728
            ],
            [
              77.6404193,
              12.9694674
            ],
            [
              77.6404157,
              12.9695688
            ]
          ]
        ]
      }
    },
    {
      "type": "Feature",
      "id": "BLDG-347217275",
      "properties": {
        "building_type": "residential",
        "osm_id": 347217275,
        "centroid": {
          "lat": 12.969127599999998,
          "lon": 77.6394558
        },
        "area_m2": 100.66256999863784,
        "levels": 2,
        "height": 6.4
      },
      "geometry": {
        "type": "Polygon",
        "coordinates": [
          [
            [
              77.6394128,
              12.9691535
            ],
            [
              77.6395162,
              12.9691591
            ],
            [
              77.6395203,
              12.9690888
            ],
            [
              77.6394169,
              12.9690831
            ],
            [
              77.6394128,
              12.9691535
            ]
          ]
        ]
      }
    },
    {
      "type": "Feature",
      "id": "BLDG-347217286",
      "properties": {
        "building_type": "yes",
        "osm_id": 347217286,
        "centroid": {
          "lat": 12.968074719999999,
          "lon": 77.64037348000001
        },
        "area_m2": 124.01825759725288,
        "levels": 2,
        "height": 6.4
      },
      "geometry": {
        "type": "Polygon",
        "coordinates": [
          [
            [
              77.6403386,
              12.968112
            ],
            [
              77.6404362,
              12.9681001
            ],
            [
              77.6404258,
              12.9680188
            ],
            [
              77.6403282,
              12.9680307
            ],
            [
              77.6403386,
              12.968112
            ]
          ]
        ]
      }
    },
    {
      "type": "Feature",
      "id": "BLDG-347217315",
      "properties": {
        "building_type": "residential",
        "osm_id": 347217315,
        "centroid": {
          "lat": 12.96900138,
          "lon": 77.63915349999999
        },
        "area_m2": 89.42705011572656,
        "levels": 2,
        "height": 6.4
      },
      "geometry": {
        "type": "Polygon",
        "coordinates": [
          [
            [
              77.6391214,
              12.9690343
            ],
            [
              77.6391967,
              12.9690384
            ],
            [
              77.6392016,
              12.968952
            ],
            [
              77.6391264,
              12.9689479
            ],
            [
              77.6391214,
              12.9690343
            ]
          ]
        ]
      }
    },
    {
      "type": "Feature",
      "id": "BLDG-347217319",
      "properties": {
        "building_type": "residential",
        "osm_id": 347217319,
        "centroid": {
          "lat": 12.96880548,
          "lon": 77.6396169
        },
        "area_m2": 173.87395198907623,
        "levels": 2,
        "height": 6.4
      },
      "geometry": {
        "type": "Polygon",
        "coordinates": [
          [
            [
              77.6395593,
              12.9688386
            ],
            [
              77.6396981,
              12.9688462
            ],
            [
              77.6397033,
              12.9687558
            ],
            [
              77.6395645,
              12.9687482
            ],
            [
              77.6395593,
              12.9688386
            ]
          ]
        ]
      }
    },
    {
      "type": "Feature",
      "id": "BLDG-347217341",
      "properties": {
        "building_type": "yes",
        "osm_id": 347217341,
        "centroid": {
          "lat": 12.969408699999999,
          "lon": 77.64031824
        },
        "area_m2": 218.90671417175247,
        "levels": 2,
        "height": 6.4
      },
      "geometry": {
        "type": "Polygon",
        "coordinates": [
          [
            [
              77.6402528,
              12.9694479
            ],
            [
              77.6404128,
              12.9694532
            ],
            [
              77.6404164,
              12.9693499
            ],
            [
              77.6402564,
              12.9693446
            ],
            [
              77.6402528,
              12.9694479
            ]
          ]
        ]
      }
    },
    {
      "type": "Feature",
      "id": "BLDG-347217363",
      "properties": {
        "building_type": "residential",
        "osm_id": 347217363,
        "centroid": {
          "lat": 12.968680520000001,
          "lon": 77.63947916
        },
        "area_m2": 150.60685239545126,
        "levels": 2,
        "height": 6.4
      },
      "geometry": {
        "type": "Polygon",
        "coordinates": [
          [
            [
              77.6394272,
              12.9687137
            ],
            [
              77.639553,
              12.9687193
            ],
            [
              77.6395571,
              12.9686307
            ],
            [
              77.6394313,
              12.9686252
            ],
            [
              77.6394272,
              12.9687137
            ]
          ]
        ]
      }
    },
    {
      "type": "Feature",
      "id": "BLDG-347217370",
      "properties": {
        "building_type": "yes",
        "osm_id": 347217370,
        "centroid": {
          "lat": 12.968859560000002,
          "lon": 77.64050998
        },
        "area_m2": 186.21417276606238,
        "levels": 2,
        "height": 6.4
      },
      "geometry": {
        "type": "Polygon",
        "coordinates": [
          [
            [
              77.6404539,
              12.968899
            ],
            [
              77.6405905,
              12.9689036
            ],
            [
              77.6405941,
              12.9688004
            ],
            [
              77.6404575,
              12.9687958
            ],
            [
              77.6404539,
              12.968899
            ]
          ]
        ]
      }
    },
    {
      "type": "Feature",
      "id": "BLDG-347217394",
      "properties": {
        "building_type": "residential",
        "osm_id": 347217394,
        "centroid": {
          "lat": 12.969526400000001,
          "lon": 77.64001906
        },
        "area_m2": 130.45376232201016,
        "levels": 2,
        "height": 6.4
      },
      "geometry": {
        "type": "Polygon",
        "coordinates": [
          [
            [
              77.6399782,
              12.9695636
            ],
            [
              77.6400747,
              12.9695689
            ],
            [
              77.6400804,
              12.9694706
            ],
            [
              77.6399838,
              12.9694653
            ],
            [
              77.6399782,
              12.9695636
            ]
          ]
        ]
      }
    },
    {
      "type": "Feature",
      "id": "BLDG-347217414",
      "properties": {
        "building_type": "residential",
        "osm_id": 347217414,
        "centroid": {
          "lat": 12.969437899999999,
          "lon": 77.6391203
        },
        "area_m2": 154.89714780563577,
        "levels": 2,
        "height": 6.4
      },
      "geometry": {
        "type": "Polygon",
        "coordinates": [
          [
            [
              77.6390651,
              12.9694673
            ],
            [
              77.6391974,
              12.9694761
            ],
            [
              77.6392031,
              12.9693938
            ],
            [
              77.6390708,
              12.969385
            ],
            [
              77.6390651,
              12.9694673
            ]
          ]
        ]
      }
    },
    {
      "type": "Feature",
      "id": "BLDG-347217429",
      "properties": {
        "building_type": "yes",
        "osm_id": 347217429,
        "centroid": {
          "lat": 12.969192580000001,
          "lon": 77.64050394
        },
        "area_m2": 208.42499302883198,
        "levels": 2,
        "height": 6.4
      },
      "geometry": {
        "type": "Polygon",
        "coordinates": [
          [
            [
              77.6404385,
              12.9692297
            ],
            [
              77.6405987,
              12.969235
            ],
            [
              77.6406021,
              12.9691369
            ],
            [
              77.6404419,
              12.9691316
            ],
            [
              77.6404385,
              12.9692297
            ]
          ]
        ]
      }
    },
    {
      "type": "Feature",
      "id": "BLDG-347217441",
      "properties": {
        "building_type": "residential",
        "osm_id": 347217441,
        "centroid": {
          "lat": 12.96886408,
          "lon": 77.64010722
        },
        "area_m2": 174.9779136048192,
        "levels": 2,
        "height": 6.4
      },
      "geometry": {
        "type": "Polygon",
        "coordinates": [
          [
            [
              77.6400565,
              12.9689036
            ],
            [
              77.6401772,
              12.9689102
            ],
            [
              77.6401833,
              12.9688048
            ],
            [
              77.6400626,
              12.9687982
            ],
            [
              77.6400565,
              12.9689036
            ]
          ]
        ]
      }
    },
    {
      "type": "Feature",
      "id": "BLDG-347217467",
      "properties": {
        "building_type": "yes",
        "osm_id": 347217467,
        "centroid": {
          "lat": 12.96863102,
          "lon": 77.64053870000001
        },
        "area_m2": 193.0910156919206,
        "levels": 2,
        "height": 6.4
      },
      "geometry": {
        "type": "Polygon",
        "coordinates": [
          [
            [
              77.6404754,
              12.9686658
            ],
            [
              77.6406298,
              12.9686718
            ],
            [
              77.6406337,
              12.9685789
            ],
            [
              77.6404792,
              12.9685728
            ],
            [
              77.6404754,
              12.9686658
            ]
          ]
        ]
      }
    },
    {
      "type": "Feature",
      "id": "BLDG-347217472",
      "properties": {
        "building_type": "residential",
        "osm_id": 347217472,
        "centroid": {
          "lat": 12.96903052,
          "lon": 77.63961198
        },
        "area_m2": 210.3283411101222,
        "levels": 2,
        "height": 6.4
      },
      "geometry": {
        "type": "Polygon",
        "coordinates": [
          [
            [
              77.6395492,
              12.9690689
            ],
            [
              77.6397016,
              12.9690753
            ],
            [
              77.6397061,
              12.968973
            ],
            [
              77.6395538,
              12.9689665
            ],
            [
              77.6395492,
              12.9690689
            ]
          ]
        ]
      }
    },
    {
      "type": "Feature",
      "id": "BLDG-347217491",
      "properties": {
        "building_type": "yes",
        "osm_id": 347217491,
        "centroid": {
          "lat": 12.96952048,
          "lon": 77.64030962
        },
        "area_m2": 216.9672655485833,
        "levels": 2,
        "height": 6.4
      },
      "geometry": {
        "type": "Polygon",
        "coordinates": [
          [
            [
              77.6402447,
              12.9695597
            ],
            [
              77.6404034,
              12.9695649
            ],
            [
              77.640407,
              12.9694617
            ],
            [
              77.6402483,
              12.9694564
            ],
            [
              77.6402447,
              12.9695597
            ]
          ]
        ]
      }
    },
    {
      "type": "Feature",
      "id": "BLDG-347217494",
      "properties": {
        "building_type": "residential",
        "osm_id": 347217494,
        "centroid": {
          "lat": 12.96931186,
          "lon": 77.64006308
        },
        "area_m2": 188.08154351326166,
        "levels": 2,
        "height": 6.4
      },
      "geometry": {
        "type": "Polygon",
        "coordinates": [
          [
            [
              77.6400058,
              12.9693485
            ],
            [
              77.6401433,
              12.969356
            ],
            [
              77.640149,
              12.9692569
            ],
            [
              77.6400115,
              12.9692494
            ],
            [
              77.6400058,
              12.9693485
            ]
          ]
        ]
      }
    },
    {
      "type": "Feature",
      "id": "BLDG-347217520",
      "properties": {
        "building_type": "yes",
        "osm_id": 347217520,
        "centroid": {
          "lat": 12.9688554,
          "lon": 77.64035324
        },
        "area_m2": 213.16783878037273,
        "levels": 2,
        "height": 6.4
      },
      "geometry": {
        "type": "Polygon",
        "coordinates": [
          [
            [
              77.6402883,
              12.9688938
            ],
            [
              77.6404471,
              12.9688991
            ],
            [
              77.6404506,
              12.9687978
            ],
            [
              77.6402919,
              12.9687925
            ],
            [
              77.6402883,
              12.9688938
            ]
          ]
        ]
      }
    },
    {
      "type": "Feature",
      "id": "BLDG-347217523",
      "properties": {
        "building_type": "residential",
        "osm_id": 347217523,
        "centroid": {
          "lat": 12.968635080000002,
          "lon": 77.63996542
        },
        "area_m2": 195.18090370775678,
        "levels": 2,
        "height": 6.4
      },
      "geometry": {
        "type": "Polygon",
        "coordinates": [
          [
            [
              77.6400188,
              12.9686787
            ],
            [
              77.6400247,
              12.9685773
            ],
            [
              77.6398853,
              12.9685696
            ],
            [
              77.6398795,
              12.9686711
            ],
            [
              77.6400188,
              12.9686787
            ]
          ]
        ]
      }
    },
    {
      "type": "Feature",
      "id": "BLDG-259860186",
      "properties": {
        "building_type": "commercial",
        "osm_id": 259860186,
        "centroid": {
          "lat": 12.96809532,
          "lon": 77.64585058
        },
        "area_m2": 486.2527005698003,
        "levels": 2,
        "height": 6.4
      },
      "geometry": {
        "type": "Polygon",
        "coordinates": [
          [
            [
              77.6459547,
              12.9681513
            ],
            [
              77.6459076,
              12.9679936
            ],
            [
              77.6457171,
              12.9680207
            ],
            [
              77.6457188,
              12.9681597
            ],
            [
              77.6459547,
              12.9681513
            ]
          ]
        ]
      }
    },
    {
      "type": "Feature",
      "id": "BLDG-313829229",
      "properties": {
        "building_type": "commercial",
        "osm_id": 313829229,
        "centroid": {
          "lat": 12.970501483333335,
          "lon": 77.64277936666666
        },
        "area_m2": 216.69608033456507,
        "levels": 4,
        "height": 12.8
      },
      "geometry": {
        "type": "Polygon",
        "coordinates": [
          [
            [
              77.642744,
              12.9704352
            ],
            [
              77.6427406,
              12.9705343
            ],
            [
              77.642739,
              12.9705808
            ],
            [
              77.6428518,
              12.9705845
            ],
            [
              77.6428568,
              12.9704389
            ],
            [
              77.642744,
              12.9704352
            ]
          ]
        ]
      }
    },
    {
      "type": "Feature",
      "id": "BLDG-329335815",
      "properties": {
        "building_type": "yes",
        "osm_id": 329335815,
        "centroid": {
          "lat": 12.968047133333334,
          "lon": 77.64250659999999
        },
        "area_m2": 694.4608440095062,
        "levels": 2,
        "height": 6.4
      },
      "geometry": {
        "type": "Polygon",
        "coordinates": [
          [
            [
              77.6424697,
              12.9682244
            ],
            [
              77.6426004,
              12.9682315
            ],
            [
              77.6426192,
              12.9679021
            ],
            [
              77.6425063,
              12.967896
            ],
            [
              77.6425047,
              12.967923
            ],
            [
              77.6424586,
              12.9679205
            ],
            [
              77.6424512,
              12.9680504
            ],
            [
              77.6424796,
              12.9680519
            ],
            [
              77.6424697,
              12.9682244
            ]
          ]
        ]
      }
    },
    {
      "type": "Feature",
      "id": "BLDG-342673902",
      "properties": {
        "building_type": "residential",
        "osm_id": 342673902,
        "centroid": {
          "lat": 12.967374040000001,
          "lon": 77.64278692
        },
        "area_m2": 209.2401503846931,
        "levels": 2,
        "height": 6.4
      },
      "geometry": {
        "type": "Polygon",
        "coordinates": [
          [
            [
              77.6427405,
              12.9674314
            ],
            [
              77.6428546,
              12.9674329
            ],
            [
              77.6428565,
              12.967288
            ],
            [
              77.6427425,
              12.9672865
            ],
            [
              77.6427405,
              12.9674314
            ]
          ]
        ]
      }
    },
    {
      "type": "Feature",
      "id": "BLDG-342675777",
      "properties": {
        "building_type": "residential",
        "osm_id": 342675777,
        "centroid": {
          "lat": 12.96769952,
          "lon": 77.64257598
        },
        "area_m2": 355.31792638075893,
        "levels": 2,
        "height": 6.4
      },
      "geometry": {
        "type": "Polygon",
        "coordinates": [
          [
            [
              77.6425159,
              12.9677732
            ],
            [
              77.6426607,
              12.9677771
            ],
            [
              77.6426661,
              12.967589
            ],
            [
              77.6425213,
              12.9675851
            ],
            [
              77.6425159,
              12.9677732
            ]
          ]
        ]
      }
    },
    {
      "type": "Feature",
      "id": "BLDG-342675778",
      "properties": {
        "building_type": "residential",
        "osm_id": 342675778,
        "centroid": {
          "lat": 12.96740112,
          "lon": 77.64343538
        },
        "area_m2": 215.50168258811783,
        "levels": 2,
        "height": 6.4
      },
      "geometry": {
        "type": "Polygon",
        "coordinates": [
          [
            [
              77.6433911,
              12.9674613
            ],
            [
              77.643496,
              12.9674651
            ],
            [
              77.6435018,
              12.9673108
            ],
            [
              77.6433969,
              12.9673071
            ],
            [
              77.6433911,
              12.9674613
            ]
          ]
        ]
      }
    },
    {
      "type": "Feature",
      "id": "BLDG-342675779",
      "properties": {
        "building_type": "residential",
        "osm_id": 342675779,
        "centroid": {
          "lat": 12.9673788,
          "lon": 77.64330752857143
        },
        "area_m2": 163.97895690534034,
        "levels": 2,
        "height": 6.4
      },
      "geometry": {
        "type": "Polygon",
        "coordinates": [
          [
            [
              77.6432481,
              12.9674226
            ],
            [
              77.6433578,
              12.9674258
            ],
            [
              77.6433591,
              12.9673833
            ],
            [
              77.6433429,
              12.9673828
            ],
            [
              77.6433451,
              12.9673086
            ],
            [
              77.6432516,
              12.9673059
            ],
            [
              77.6432481,
              12.9674226
            ]
          ]
        ]
      }
    },
    {
      "type": "Feature",
      "id": "BLDG-342675780",
      "properties": {
        "building_type": "residential",
        "osm_id": 342675780,
        "centroid": {
          "lat": 12.967383622222222,
          "lon": 77.64358721111111
        },
        "area_m2": 197.78716483410346,
        "levels": 2,
        "height": 6.4
      },
      "geometry": {
        "type": "Polygon",
        "coordinates": [
          [
            [
              77.6436146,
              12.9673599
            ],
            [
              77.6436153,
              12.9673148
            ],
            [
              77.6435094,
              12.9673133
            ],
            [
              77.6435072,
              12.9674603
            ],
            [
              77.6436127,
              12.9674618
            ],
            [
              77.6436135,
              12.9674116
            ],
            [
              77.6435984,
              12.9674113
            ],
            [
              77.6435992,
              12.9673597
            ],
            [
              77.6436146,
              12.9673599
            ]
          ]
        ]
      }
    },
    {
      "type": "Feature",
      "id": "BLDG-342675781",
      "properties": {
        "building_type": "residential",
        "osm_id": 342675781,
        "centroid": {
          "lat": 12.967380609090908,
          "lon": 77.64368930909092
        },
        "area_m2": 209.47671360428197,
        "levels": 2,
        "height": 6.4
      },
      "geometry": {
        "type": "Polygon",
        "coordinates": [
          [
            [
              77.6436217,
              12.9674578
            ],
            [
              77.6437269,
              12.9674612
            ],
            [
              77.643729,
              12.967398
            ],
            [
              77.6437108,
              12.9673974
            ],
            [
              77.6437115,
              12.9673775
            ],
            [
              77.6437315,
              12.9673781
            ],
            [
              77.6437337,
              12.9673109
            ],
            [
              77.6436848,
              12.9673094
            ],
            [
              77.6436845,
              12.9673202
            ],
            [
              77.6436263,
              12.9673184
            ],
            [
              77.6436217,
              12.9674578
            ]
          ]
        ]
      }
    },
    {
      "type": "Feature",
      "id": "BLDG-342675782",
      "properties": {
        "building_type": "residential",
        "osm_id": 342675782,
        "centroid": {
          "lat": 12.96739589090909,
          "lon": 77.64391406363636
        },
        "area_m2": 235.0092754862948,
        "levels": 2,
        "height": 6.4
      },
      "geometry": {
        "type": "Polygon",
        "coordinates": [
          [
            [
              77.6438422,
              12.9674821
            ],
            [
              77.643954,
              12.9674839
            ],
            [
              77.6439551,
              12.9674201
            ],
            [
              77.6439379,
              12.9674198
            ],
            [
              77.6439384,
              12.9673924
            ],
            [
              77.6439543,
              12.9673926
            ],
            [
              77.6439556,
              12.9673164
            ],
            [
              77.6439151,
              12.9673157
            ],
            [
              77.6439149,
              12.9673254
            ],
            [
              77.643845,
              12.9673243
            ],
            [
              77.6438422,
              12.9674821
            ]
          ]
        ]
      }
    },
    {
      "type": "Feature",
      "id": "BLDG-342675783",
      "properties": {
        "building_type": "office",
        "osm_id": 342675783,
        "centroid": {
          "lat": 12.970512439999998,
          "lon": 77.64223428
        },
        "area_m2": 281.596947836681,
        "levels": 4,
        "height": 12.8
      },
      "geometry": {
        "type": "Polygon",
        "coordinates": [
          [
            [
              77.6421818,
              12.9705782
            ],
            [
              77.6421888,
              12.9704089
            ],
            [
              77.642313,
              12.9704138
            ],
            [
              77.642306,
              12.9705831
            ],
            [
              77.6421818,
              12.9705782
            ]
          ]
        ]
      }
    },
    {
      "type": "Feature",
      "id": "BLDG-342675784",
      "properties": {
        "building_type": "commercial",
        "osm_id": 342675784,
        "centroid": {
          "lat": 12.97050382,
          "lon": 77.64208008
        },
        "area_m2": 216.5262969635296,
        "levels": 2,
        "height": 6.4
      },
      "geometry": {
        "type": "Polygon",
        "coordinates": [
          [
            [
              77.6420394,
              12.9705695
            ],
            [
              77.6420475,
              12.970401
            ],
            [
              77.6421411,
              12.9704053
            ],
            [
              77.642133,
              12.9705738
            ],
            [
              77.6420394,
              12.9705695
            ]
          ]
        ]
      }
    },
    {
      "type": "Feature",
      "id": "BLDG-342682672",
      "properties": {
        "building_type": "house",
        "osm_id": 342682672,
        "centroid": {
          "lat": 12.970526580000001,
          "lon": 77.64235914000001
        },
        "area_m2": 179.57487869631447,
        "levels": 2,
        "height": 6.4
      },
      "geometry": {
        "type": "Polygon",
        "coordinates": [
          [
            [
              77.6423237,
              12.9705903
            ],
            [
              77.6423291,
              12.9704284
            ],
            [
              77.6424123,
              12.970431
            ],
            [
              77.6424069,
              12.9705929
            ],
            [
              77.6423237,
              12.9705903
            ]
          ]
        ]
      }
    },
    {
      "type": "Feature",
      "id": "BLDG-342682673",
      "properties": {
        "building_type": "house",
        "osm_id": 342682673,
        "centroid": {
          "lat": 12.97052788,
          "lon": 77.64247322
        },
        "area_m2": 179.37219825834683,
        "levels": 2,
        "height": 6.4
      },
      "geometry": {
        "type": "Polygon",
        "coordinates": [
          [
            [
              77.6424378,
              12.9705916
            ],
            [
              77.6424432,
              12.9704297
            ],
            [
              77.6425263,
              12.9704323
            ],
            [
              77.642521,
              12.9705942
            ],
            [
              77.6424378,
              12.9705916
            ]
          ]
        ]
      }
    },
    {
      "type": "Feature",
      "id": "BLDG-342682674",
      "properties": {
        "building_type": "house",
        "osm_id": 342682674,
        "centroid": {
          "lat": 12.97053308,
          "lon": 77.6426261
        },
        "area_m2": 179.3721982564099,
        "levels": 1,
        "height": 3.2
      },
      "geometry": {
        "type": "Polygon",
        "coordinates": [
          [
            [
              77.6425907,
              12.9705968
            ],
            [
              77.642596,
              12.9704349
            ],
            [
              77.6426792,
              12.9704375
            ],
            [
              77.6426739,
              12.9705994
            ],
            [
              77.6425907,
              12.9705968
            ]
          ]
        ]
      }
    },
    {
      "type": "Feature",
      "id": "BLDG-342682676",
      "properties": {
        "building_type": "house",
        "osm_id": 342682676,
        "centroid": {
          "lat": 12.970537680000001,
          "lon": 77.64305124
        },
        "area_m2": 179.57487869631447,
        "levels": 2,
        "height": 6.4
      },
      "geometry": {
        "type": "Polygon",
        "coordinates": [
          [
            [
              77.6430158,
              12.9706014
            ],
            [
              77.6430212,
              12.9704395
            ],
            [
              77.6431044,
              12.9704421
            ],
            [
              77.643099,
              12.970604
            ],
            [
              77.6430158,
              12.9706014
            ]
          ]
        ]
      }
    },
    {
      "type": "Feature",
      "id": "BLDG-342682677",
      "properties": {
        "building_type": "house",
        "osm_id": 342682677,
        "centroid": {
          "lat": 12.970538299999998,
          "lon": 77.6431867
        },
        "area_m2": 179.48123910962593,
        "levels": 2,
        "height": 6.4
      },
      "geometry": {
        "type": "Polygon",
        "coordinates": [
          [
            [
              77.6431513,
              12.970602
            ],
            [
              77.6431566,
              12.9704401
            ],
            [
              77.6432398,
              12.9704427
            ],
            [
              77.6432345,
              12.9706047
            ],
            [
              77.6431513,
              12.970602
            ]
          ]
        ]
      }
    },
    {
      "type": "Feature",
      "id": "BLDG-342682678",
      "properties": {
        "building_type": "house",
        "osm_id": 342682678,
        "centroid": {
          "lat": 12.970721279999998,
          "lon": 77.64318132
        },
        "area_m2": 179.37219825834683,
        "levels": 2,
        "height": 6.4
      },
      "geometry": {
        "type": "Polygon",
        "coordinates": [
          [
            [
              77.6431459,
              12.970785
            ],
            [
              77.6431513,
              12.9706231
            ],
            [
              77.6432344,
              12.9706257
            ],
            [
              77.6432291,
              12.9707876
            ],
            [
              77.6431459,
              12.970785
            ]
          ]
        ]
      }
    },
    {
      "type": "Feature",
      "id": "BLDG-342682679",
      "properties": {
        "building_type": "house",
        "osm_id": 342682679,
        "centroid": {
          "lat": 12.9707082,
          "lon": 77.64305524
        },
        "area_m2": 179.6840427556486,
        "levels": 2,
        "height": 6.4
      },
      "geometry": {
        "type": "Polygon",
        "coordinates": [
          [
            [
              77.6430198,
              12.9707719
            ],
            [
              77.6430252,
              12.97061
            ],
            [
              77.6431084,
              12.9706126
            ],
            [
              77.643103,
              12.9707746
            ],
            [
              77.6430198,
              12.9707719
            ]
          ]
        ]
      }
    },
    {
      "type": "Feature",
      "id": "BLDG-342682680",
      "properties": {
        "building_type": "house",
        "osm_id": 342682680,
        "centroid": {
          "lat": 12.97071084,
          "lon": 77.6429265
        },
        "area_m2": 179.481239107689,
        "levels": 2,
        "height": 6.4
      },
      "geometry": {
        "type": "Polygon",
        "coordinates": [
          [
            [
              77.6428911,
              12.9707746
            ],
            [
              77.6428964,
              12.9706126
            ],
            [
              77.6429796,
              12.9706152
            ],
            [
              77.6429743,
              12.9707772
            ],
            [
              77.6428911,
              12.9707746
            ]
          ]
        ]
      }
    },
    {
      "type": "Feature",
      "id": "BLDG-342682681",
      "properties": {
        "building_type": "house",
        "osm_id": 342682681,
        "centroid": {
          "lat": 12.970702980000002,
          "lon": 77.64278972
        },
        "area_m2": 179.37219825834683,
        "levels": 1,
        "height": 3.2
      },
      "geometry": {
        "type": "Polygon",
        "coordinates": [
          [
            [
              77.6427543,
              12.9707667
            ],
            [
              77.6427597,
              12.9706048
            ],
            [
              77.6428428,
              12.9706074
            ],
            [
              77.6428375,
              12.9707693
            ],
            [
              77.6427543,
              12.9707667
            ]
          ]
        ]
      }
    },
    {
      "type": "Feature",
      "id": "BLDG-342682682",
      "properties": {
        "building_type": "house",
        "osm_id": 342682682,
        "centroid": {
          "lat": 12.97070038,
          "lon": 77.64267974
        },
        "area_m2": 179.57487869631447,
        "levels": 2,
        "height": 6.4
      },
      "geometry": {
        "type": "Polygon",
        "coordinates": [
          [
            [
              77.6426443,
              12.9707641
            ],
            [
              77.6426497,
              12.9706022
            ],
            [
              77.6427329,
              12.9706048
            ],
            [
              77.6427275,
              12.9707667
            ],
            [
              77.6426443,
              12.9707641
            ]
          ]
        ]
      }
    },
    {
      "type": "Feature",
      "id": "BLDG-342682683",
      "properties": {
        "building_type": "house",
        "osm_id": 342682683,
        "centroid": {
          "lat": 12.97070038,
          "lon": 77.6425644
        },
        "area_m2": 179.37219825834683,
        "levels": 2,
        "height": 6.4
      },
      "geometry": {
        "type": "Polygon",
        "coordinates": [
          [
            [
              77.642529,
              12.9707641
            ],
            [
              77.6425343,
              12.9706022
            ],
            [
              77.6426175,
              12.9706048
            ],
            [
              77.6426122,
              12.9707667
            ],
            [
              77.642529,
              12.9707641
            ]
          ]
        ]
      }
    },
    {
      "type": "Feature",
      "id": "BLDG-342682684",
      "properties": {
        "building_type": "house",
        "osm_id": 342682684,
        "centroid": {
          "lat": 12.97069778,
          "lon": 77.64242762
        },
        "area_m2": 179.3721982295442,
        "levels": 2,
        "height": 6.4
      },
      "geometry": {
        "type": "Polygon",
        "coordinates": [
          [
            [
              77.6423922,
              12.9707615
            ],
            [
              77.6423976,
              12.9705996
            ],
            [
              77.6424807,
              12.9706022
            ],
            [
              77.6424754,
              12.9707641
            ],
            [
              77.6423922,
              12.9707615
            ]
          ]
        ]
      }
    },
    {
      "type": "Feature",
      "id": "BLDG-342682685",
      "properties": {
        "building_type": "house",
        "osm_id": 342682685,
        "centroid": {
          "lat": 12.97069516,
          "lon": 77.64228814
        },
        "area_m2": 179.6840427556486,
        "levels": 2,
        "height": 6.4
      },
      "geometry": {
        "type": "Polygon",
        "coordinates": [
          [
            [
              77.6422527,
              12.9707589
            ],
            [
              77.6422581,
              12.9705969
            ],
            [
              77.6423413,
              12.9705996
            ],
            [
              77.6423359,
              12.9707615
            ],
            [
              77.6422527,
              12.9707589
            ]
          ]
        ]
      }
    },
    {
      "type": "Feature",
      "id": "BLDG-342682686",
      "properties": {
        "building_type": "house",
        "osm_id": 342682686,
        "centroid": {
          "lat": 12.9706899,
          "lon": 77.6421594
        },
        "area_m2": 179.481239107689,
        "levels": 2,
        "height": 6.4
      },
      "geometry": {
        "type": "Polygon",
        "coordinates": [
          [
            [
              77.642124,
              12.9707536
            ],
            [
              77.6421293,
              12.9705917
            ],
            [
              77.6422125,
              12.9705943
            ],
            [
              77.6422072,
              12.9707563
            ],
            [
              77.642124,
              12.9707536
            ]
          ]
        ]
      }
    },
    {
      "type": "Feature",
      "id": "BLDG-342682687",
      "properties": {
        "building_type": "house",
        "osm_id": 342682687,
        "centroid": {
          "lat": 12.9706899,
          "lon": 77.64203064
        },
        "area_m2": 179.6840427556486,
        "levels": 2,
        "height": 6.4
      },
      "geometry": {
        "type": "Polygon",
        "coordinates": [
          [
            [
              77.6419952,
              12.9707536
            ],
            [
              77.6420006,
              12.9705917
            ],
            [
              77.6420838,
              12.9705943
            ],
            [
              77.6420784,
              12.9707563
            ],
            [
              77.6419952,
              12.9707536
            ]
          ]
        ]
      }
    },
    {
      "type": "Feature",
      "id": "BLDG-342683103",
      "properties": {
        "building_type": "house",
        "osm_id": 342683103,
        "centroid": {
          "lat": 12.970092919999999,
          "lon": 77.64211725999999
        },
        "area_m2": 351.52330483638343,
        "levels": 2,
        "height": 6.4
      },
      "geometry": {
        "type": "Polygon",
        "coordinates": [
          [
            [
              77.6420608,
              12.9701689
            ],
            [
              77.6420706,
              12.9699728
            ],
            [
              77.6422019,
              12.969979
            ],
            [
              77.6421922,
              12.970175
            ],
            [
              77.6420608,
              12.9701689
            ]
          ]
        ]
      }
    },
    {
      "type": "Feature",
      "id": "BLDG-342683105",
      "properties": {
        "building_type": "house",
        "osm_id": 342683105,
        "centroid": {
          "lat": 12.97009956,
          "lon": 77.64229282
        },
        "area_m2": 351.5233048009798,
        "levels": 2,
        "height": 6.4
      },
      "geometry": {
        "type": "Polygon",
        "coordinates": [
          [
            [
              77.6422364,
              12.9701755
            ],
            [
              77.6422461,
              12.9699795
            ],
            [
              77.6423775,
              12.9699856
            ],
            [
              77.6423677,
              12.9701817
            ],
            [
              77.6422364,
              12.9701755
            ]
          ]
        ]
      }
    },
    {
      "type": "Feature",
      "id": "BLDG-342683106",
      "properties": {
        "building_type": "house",
        "osm_id": 342683106,
        "centroid": {
          "lat": 12.970102180000001,
          "lon": 77.64246175999999
        },
        "area_m2": 351.5233048394716,
        "levels": 2,
        "height": 6.4
      },
      "geometry": {
        "type": "Polygon",
        "coordinates": [
          [
            [
              77.6424053,
              12.9701781
            ],
            [
              77.6424151,
              12.9699821
            ],
            [
              77.6425464,
              12.9699883
            ],
            [
              77.6425367,
              12.9701843
            ],
            [
              77.6424053,
              12.9701781
            ]
          ]
        ]
      }
    },
    {
      "type": "Feature",
      "id": "BLDG-342683107",
      "properties": {
        "building_type": "house",
        "osm_id": 342683107,
        "centroid": {
          "lat": 12.97010478,
          "lon": 77.64263882
        },
        "area_m2": 351.5233048394716,
        "levels": 2,
        "height": 6.4
      },
      "geometry": {
        "type": "Polygon",
        "coordinates": [
          [
            [
              77.6425824,
              12.9701807
            ],
            [
              77.6425921,
              12.9699847
            ],
            [
              77.6427235,
              12.9699909
            ],
            [
              77.6427137,
              12.9701869
            ],
            [
              77.6425824,
              12.9701807
            ]
          ]
        ]
      }
    },
    {
      "type": "Feature",
      "id": "BLDG-342683108",
      "properties": {
        "building_type": "yes",
        "osm_id": 342683108,
        "centroid": {
          "lat": 12.970107379999998,
          "lon": 77.64281045999999
        },
        "area_m2": 351.5233048394716,
        "levels": 2,
        "height": 6.4
      },
      "geometry": {
        "type": "Polygon",
        "coordinates": [
          [
            [
              77.642754,
              12.9701833
            ],
            [
              77.6427638,
              12.9699873
            ],
            [
              77.6428951,
              12.9699935
            ],
            [
              77.6428854,
              12.9701895
            ],
            [
              77.642754,
              12.9701833
            ]
          ]
        ]
      }
    },
    {
      "type": "Feature",
      "id": "BLDG-342683110",
      "properties": {
        "building_type": "retail",
        "osm_id": 342683110,
        "centroid": {
          "lat": 12.97011784,
          "lon": 77.64298482
        },
        "area_m2": 351.69715411300325,
        "levels": 3,
        "height": 9.600000000000001
      },
      "geometry": {
        "type": "Polygon",
        "coordinates": [
          [
            [
              77.6429284,
              12.9701938
            ],
            [
              77.6429381,
              12.9699977
            ],
            [
              77.6430695,
              12.9700039
            ],
            [
              77.6430597,
              12.9702
            ],
            [
              77.6429284,
              12.9701938
            ]
          ]
        ]
      }
    },
    {
      "type": "Feature",
      "id": "BLDG-342683111",
      "properties": {
        "building_type": "retail",
        "osm_id": 342683111,
        "centroid": {
          "lat": 12.97012048,
          "lon": 77.64315380000001
        },
        "area_m2": 351.27417419885796,
        "levels": 4,
        "height": 12.8
      },
      "geometry": {
        "type": "Polygon",
        "coordinates": [
          [
            [
              77.6430974,
              12.9701964
            ],
            [
              77.6431071,
              12.9700004
            ],
            [
              77.6432384,
              12.9700066
            ],
            [
              77.6432287,
              12.9702026
            ],
            [
              77.6430974,
              12.9701964
            ]
          ]
        ]
      }
    },
    {
      "type": "Feature",
      "id": "BLDG-342683112",
      "properties": {
        "building_type": "house",
        "osm_id": 342683112,
        "centroid": {
          "lat": 12.97013204,
          "lon": 77.64330046
        },
        "area_m2": 351.6971541484243,
        "levels": 4,
        "height": 12.8
      },
      "geometry": {
        "type": "Polygon",
        "coordinates": [
          [
            [
              77.643244,
              12.970208
            ],
            [
              77.6432538,
              12.9700119
            ],
            [
              77.6433851,
              12.9700181
            ],
            [
              77.6433754,
              12.9702142
            ],
            [
              77.643244,
              12.970208
            ]
          ]
        ]
      }
    },
    {
      "type": "Feature",
      "id": "BLDG-342683113",
      "properties": {
        "building_type": "house",
        "osm_id": 342683113,
        "centroid": {
          "lat": 12.96990256,
          "lon": 77.6433258
        },
        "area_m2": 336.42835486268854,
        "levels": 3,
        "height": 9.600000000000001
      },
      "geometry": {
        "type": "Polygon",
        "coordinates": [
          [
            [
              77.6432711,
              12.9699797
            ],
            [
              77.6432764,
              12.9697835
            ],
            [
              77.6434079,
              12.9697868
            ],
            [
              77.6434025,
              12.9699831
            ],
            [
              77.6432711,
              12.9699797
            ]
          ]
        ]
      }
    },
    {
      "type": "Feature",
      "id": "BLDG-342683115",
      "properties": {
        "building_type": "house",
        "osm_id": 342683115,
        "centroid": {
          "lat": 12.969864480000002,
          "lon": 77.64231508
        },
        "area_m2": 344.0651571096791,
        "levels": 2,
        "height": 6.4
      },
      "geometry": {
        "type": "Polygon",
        "coordinates": [
          [
            [
              77.6422595,
              12.969941
            ],
            [
              77.642267,
              12.9697449
            ],
            [
              77.6423985,
              12.9697497
            ],
            [
              77.6423909,
              12.9699458
            ],
            [
              77.6422595,
              12.969941
            ]
          ]
        ]
      }
    },
    {
      "type": "Feature",
      "id": "BLDG-342683116",
      "properties": {
        "building_type": "house",
        "osm_id": 342683116,
        "centroid": {
          "lat": 12.96988092,
          "lon": 77.64248015999999
        },
        "area_m2": 339.32033999296647,
        "levels": 2,
        "height": 6.4
      },
      "geometry": {
        "type": "Polygon",
        "coordinates": [
          [
            [
              77.6424251,
              12.9699578
            ],
            [
              77.6424313,
              12.9697617
            ],
            [
              77.6425628,
              12.9697656
            ],
            [
              77.6425565,
              12.9699617
            ],
            [
              77.6424251,
              12.9699578
            ]
          ]
        ]
      }
    },
    {
      "type": "Feature",
      "id": "BLDG-342683117",
      "properties": {
        "building_type": "house",
        "osm_id": 342683117,
        "centroid": {
          "lat": 12.969883579999998,
          "lon": 77.6426572
        },
        "area_m2": 338.9969137712026,
        "levels": 2,
        "height": 6.4
      },
      "geometry": {
        "type": "Polygon",
        "coordinates": [
          [
            [
              77.6426022,
              12.9699605
            ],
            [
              77.6426082,
              12.9697643
            ],
            [
              77.6427397,
              12.9697682
            ],
            [
              77.6427337,
              12.9699644
            ],
            [
              77.6426022,
              12.9699605
            ]
          ]
        ]
      }
    },
    {
      "type": "Feature",
      "id": "BLDG-342683118",
      "properties": {
        "building_type": "house",
        "osm_id": 342683118,
        "centroid": {
          "lat": 12.969886220000001,
          "lon": 77.64282892
        },
        "area_m2": 337.6728990987188,
        "levels": 2,
        "height": 6.4
      },
      "geometry": {
        "type": "Polygon",
        "coordinates": [
          [
            [
              77.6427741,
              12.9699633
            ],
            [
              77.6427797,
              12.969767
            ],
            [
              77.6429112,
              12.9697706
            ],
            [
              77.6429055,
              12.9699669
            ],
            [
              77.6427741,
              12.9699633
            ]
          ]
        ]
      }
    },
    {
      "type": "Feature",
      "id": "BLDG-342683119",
      "properties": {
        "building_type": "house",
        "osm_id": 342683119,
        "centroid": {
          "lat": 12.96988402,
          "lon": 77.6430056
        },
        "area_m2": 386.3077056026243,
        "levels": 2,
        "height": 6.4
      },
      "geometry": {
        "type": "Polygon",
        "coordinates": [
          [
            [
              77.6429467,
              12.9699653
            ],
            [
              77.6429544,
              12.9697572
            ],
            [
              77.6430939,
              12.9697621
            ],
            [
              77.6430863,
              12.9699702
            ],
            [
              77.6429467,
              12.9699653
            ]
          ]
        ]
      }
    },
    {
      "type": "Feature",
      "id": "BLDG-342683120",
      "properties": {
        "building_type": "house",
        "osm_id": 342683120,
        "centroid": {
          "lat": 12.96988768,
          "lon": 77.64317114
        },
        "area_m2": 328.0421894588049,
        "levels": 2,
        "height": 6.4
      },
      "geometry": {
        "type": "Polygon",
        "coordinates": [
          [
            [
              77.6431174,
              12.9699654
            ],
            [
              77.6431203,
              12.9697692
            ],
            [
              77.6432518,
              12.9697711
            ],
            [
              77.6432488,
              12.9699673
            ],
            [
              77.6431174,
              12.9699654
            ]
          ]
        ]
      }
    },
    {
      "type": "Feature",
      "id": "BLDG-342683121",
      "properties": {
        "building_type": "house",
        "osm_id": 342683121,
        "centroid": {
          "lat": 12.969307520000001,
          "lon": 77.64335209999999
        },
        "area_m2": 342.48622096183675,
        "levels": 2,
        "height": 6.4
      },
      "geometry": {
        "type": "Polygon",
        "coordinates": [
          [
            [
              77.6432967,
              12.9693842
            ],
            [
              77.6433037,
              12.969188
            ],
            [
              77.6434352,
              12.9691925
            ],
            [
              77.6434282,
              12.9693887
            ],
            [
              77.6432967,
              12.9693842
            ]
          ]
        ]
      }
    },
    {
      "type": "Feature",
      "id": "BLDG-342683122",
      "properties": {
        "building_type": "house",
        "osm_id": 342683122,
        "centroid": {
          "lat": 12.969251414285713,
          "lon": 77.64217242857141
        },
        "area_m2": 230.01101541532407,
        "levels": 2,
        "height": 6.4
      },
      "geometry": {
        "type": "Polygon",
        "coordinates": [
          [
            [
              77.6421503,
              12.9692397
            ],
            [
              77.6421525,
              12.9691785
            ],
            [
              77.642246,
              12.9691818
            ],
            [
              77.6422399,
              12.9693424
            ],
            [
              77.6421321,
              12.9693385
            ],
            [
              77.6421359,
              12.9692393
            ],
            [
              77.6421503,
              12.9692397
            ]
          ]
        ]
      }
    },
    {
      "type": "Feature",
      "id": "BLDG-342683123",
      "properties": {
        "building_type": "house",
        "osm_id": 342683123,
        "centroid": {
          "lat": 12.969261159999999,
          "lon": 77.64232885999999
        },
        "area_m2": 340.9866320433823,
        "levels": 2,
        "height": 6.4
      },
      "geometry": {
        "type": "Polygon",
        "coordinates": [
          [
            [
              77.6422736,
              12.9693379
            ],
            [
              77.6422803,
              12.9691418
            ],
            [
              77.6424117,
              12.969146
            ],
            [
              77.6424051,
              12.9693422
            ],
            [
              77.6422736,
              12.9693379
            ]
          ]
        ]
      }
    },
    {
      "type": "Feature",
      "id": "BLDG-342683124",
      "properties": {
        "building_type": "house",
        "osm_id": 342683124,
        "centroid": {
          "lat": 12.969263399999999,
          "lon": 77.64249219999999
        },
        "area_m2": 327.2233357921592,
        "levels": 2,
        "height": 6.4
      },
      "geometry": {
        "type": "Polygon",
        "coordinates": [
          [
            [
              77.6424385,
              12.9693412
            ],
            [
              77.6424412,
              12.969145
            ],
            [
              77.6425727,
              12.9691467
            ],
            [
              77.6425701,
              12.9693429
            ],
            [
              77.6424385,
              12.9693412
            ]
          ]
        ]
      }
    },
    {
      "type": "Feature",
      "id": "BLDG-342683125",
      "properties": {
        "building_type": "construction",
        "osm_id": 342683125,
        "centroid": {
          "lat": 12.969293340000002,
          "lon": 77.64266864
        },
        "area_m2": 505.04653792318845,
        "levels": 2,
        "height": 6.4
      },
      "geometry": {
        "type": "Polygon",
        "coordinates": [
          [
            [
              77.6425958,
              12.9693769
            ],
            [
              77.6426066,
              12.9691599
            ],
            [
              77.6427779,
              12.969168
            ],
            [
              77.6427671,
              12.969385
            ],
            [
              77.6425958,
              12.9693769
            ]
          ]
        ]
      }
    },
    {
      "type": "Feature",
      "id": "BLDG-342683126",
      "properties": {
        "building_type": "house",
        "osm_id": 342683126,
        "centroid": {
          "lat": 12.96928408,
          "lon": 77.64285134
        },
        "area_m2": 337.5039781867405,
        "levels": 2,
        "height": 6.4
      },
      "geometry": {
        "type": "Polygon",
        "coordinates": [
          [
            [
              77.6427965,
              12.9693611
            ],
            [
              77.6428021,
              12.9691649
            ],
            [
              77.6429336,
              12.9691686
            ],
            [
              77.642928,
              12.9693647
            ],
            [
              77.6427965,
              12.9693611
            ]
          ]
        ]
      }
    },
    {
      "type": "Feature",
      "id": "BLDG-342683128",
      "properties": {
        "building_type": "house",
        "osm_id": 342683128,
        "centroid": {
          "lat": 12.96929524,
          "lon": 77.6430197
        },
        "area_m2": 336.0139996483137,
        "levels": 2,
        "height": 6.4
      },
      "geometry": {
        "type": "Polygon",
        "coordinates": [
          [
            [
              77.642965,
              12.9693724
            ],
            [
              77.6429703,
              12.9691762
            ],
            [
              77.6431017,
              12.9691795
            ],
            [
              77.6430965,
              12.9693757
            ],
            [
              77.642965,
              12.9693724
            ]
          ]
        ]
      }
    },
    {
      "type": "Feature",
      "id": "BLDG-342683129",
      "properties": {
        "building_type": "house",
        "osm_id": 342683129,
        "centroid": {
          "lat": 12.96930166,
          "lon": 77.64318448
        },
        "area_m2": 340.9866320433823,
        "levels": 2,
        "height": 6.4
      },
      "geometry": {
        "type": "Polygon",
        "coordinates": [
          [
            [
              77.6431292,
              12.9693784
            ],
            [
              77.643136,
              12.9691823
            ],
            [
              77.6432673,
              12.9691865
            ],
            [
              77.6432607,
              12.9693827
            ],
            [
              77.6431292,
              12.9693784
            ]
          ]
        ]
      }
    },
    {
      "type": "Feature",
      "id": "BLDG-342683131",
      "properties": {
        "building_type": "house",
        "osm_id": 342683131,
        "centroid": {
          "lat": 12.96949098,
          "lon": 77.64213996
        },
        "area_m2": 340.9866320403598,
        "levels": 2,
        "height": 6.4
      },
      "geometry": {
        "type": "Polygon",
        "coordinates": [
          [
            [
              77.6420847,
              12.9695677
            ],
            [
              77.6420915,
              12.9693716
            ],
            [
              77.6422228,
              12.9693759
            ],
            [
              77.6422161,
              12.969572
            ],
            [
              77.6420847,
              12.9695677
            ]
          ]
        ]
      }
    },
    {
      "type": "Feature",
      "id": "BLDG-342683132",
      "properties": {
        "building_type": "house",
        "osm_id": 342683132,
        "centroid": {
          "lat": 12.96950004,
          "lon": 77.64248422
        },
        "area_m2": 351.6971541484243,
        "levels": 2,
        "height": 6.4
      },
      "geometry": {
        "type": "Polygon",
        "coordinates": [
          [
            [
              77.6424278,
              12.969576
            ],
            [
              77.6424375,
              12.9693799
            ],
            [
              77.6425689,
              12.9693861
            ],
            [
              77.6425591,
              12.9695822
            ],
            [
              77.6424278,
              12.969576
            ]
          ]
        ]
      }
    },
    {
      "type": "Feature",
      "id": "BLDG-342683133",
      "properties": {
        "building_type": "house",
        "osm_id": 342683133,
        "centroid": {
          "lat": 12.969497440000001,
          "lon": 77.64231522
        },
        "area_m2": 351.6971541484243,
        "levels": 2,
        "height": 6.4
      },
      "geometry": {
        "type": "Polygon",
        "coordinates": [
          [
            [
              77.6422588,
              12.9695734
            ],
            [
              77.6422685,
              12.9693773
            ],
            [
              77.6423999,
              12.9693835
            ],
            [
              77.6423901,
              12.9695796
            ],
            [
              77.6422588,
              12.9695734
            ]
          ]
        ]
      }
    },
    {
      "type": "Feature",
      "id": "BLDG-342683135",
      "properties": {
        "building_type": "house",
        "osm_id": 342683135,
        "centroid": {
          "lat": 12.969505520000002,
          "lon": 77.64283323999999
        },
        "area_m2": 339.07392000458276,
        "levels": 2,
        "height": 6.4
      },
      "geometry": {
        "type": "Polygon",
        "coordinates": [
          [
            [
              77.6427782,
              12.9695824
            ],
            [
              77.6427844,
              12.9693863
            ],
            [
              77.6429158,
              12.9693902
            ],
            [
              77.6429096,
              12.9695863
            ],
            [
              77.6427782,
              12.9695824
            ]
          ]
        ]
      }
    },
    {
      "type": "Feature",
      "id": "BLDG-342683136",
      "properties": {
        "building_type": "house",
        "osm_id": 342683136,
        "centroid": {
          "lat": 12.969515999999999,
          "lon": 77.6430076
        },
        "area_m2": 338.9969137331573,
        "levels": 2,
        "height": 6.4
      },
      "geometry": {
        "type": "Polygon",
        "coordinates": [
          [
            [
              77.6429526,
              12.969593
            ],
            [
              77.6429586,
              12.9693967
            ],
            [
              77.6430901,
              12.9694005
            ],
            [
              77.6430841,
              12.9695968
            ],
            [
              77.6429526,
              12.969593
            ]
          ]
        ]
      }
    },
    {
      "type": "Feature",
      "id": "BLDG-342683137",
      "properties": {
        "building_type": "house",
        "osm_id": 342683137,
        "centroid": {
          "lat": 12.969518579999999,
          "lon": 77.64317658
        },
        "area_m2": 338.99691373616673,
        "levels": 4,
        "height": 12.8
      },
      "geometry": {
        "type": "Polygon",
        "coordinates": [
          [
            [
              77.6431216,
              12.9695955
            ],
            [
              77.6431277,
              12.9693993
            ],
            [
              77.6432591,
              12.9694032
            ],
            [
              77.6432529,
              12.9695994
            ],
            [
              77.6431216,
              12.9695955
            ]
          ]
        ]
      }
    },
    {
      "type": "Feature",
      "id": "BLDG-342683138",
      "properties": {
        "building_type": "house",
        "osm_id": 342683138,
        "centroid": {
          "lat": 12.9694751,
          "lon": 77.643348
        },
        "area_m2": 190.9434654118607,
        "levels": 3,
        "height": 9.600000000000001
      },
      "geometry": {
        "type": "Polygon",
        "coordinates": [
          [
            [
              77.6432928,
              12.9695153
            ],
            [
              77.6432978,
              12.9694089
            ],
            [
              77.6434308,
              12.9694148
            ],
            [
              77.6434258,
              12.9695212
            ],
            [
              77.6432928,
              12.9695153
            ]
          ]
        ]
      }
    },
    {
      "type": "Feature",
      "id": "BLDG-343604564",
      "properties": {
        "building_type": "retail",
        "osm_id": 343604564,
        "centroid": {
          "lat": 12.97173522,
          "lon": 77.64147990000001
        },
        "area_m2": 298.76946480175263,
        "levels": 3,
        "height": 9.600000000000001
      },
      "geometry": {
        "type": "Polygon",
        "coordinates": [
          [
            [
              77.6414089,
              12.9716808
            ],
            [
              77.6414085,
              12.9718164
            ],
            [
              77.6415864,
              12.9718168
            ],
            [
              77.6415868,
              12.9716813
            ],
            [
              77.6414089,
              12.9716808
            ]
          ]
        ]
      }
    },
    {
      "type": "Feature",
      "id": "BLDG-343604567",
      "properties": {
        "building_type": "retail",
        "osm_id": 343604567,
        "centroid": {
          "lat": 12.97159938,
          "lon": 77.6415218
        },
        "area_m2": 254.14773120021067,
        "levels": 2,
        "height": 6.4
      },
      "geometry": {
        "type": "Polygon",
        "coordinates": [
          [
            [
              77.6414632,
              12.9716537
            ],
            [
              77.6416071,
              12.9716562
            ],
            [
              77.6416097,
              12.9715179
            ],
            [
              77.6414658,
              12.9715154
            ],
            [
              77.6414632,
              12.9716537
            ]
          ]
        ]
      }
    },
    {
      "type": "Feature",
      "id": "BLDG-343604568",
      "properties": {
        "building_type": "house",
        "osm_id": 343604568,
        "centroid": {
          "lat": 12.971402671428573,
          "lon": 77.64171225714287
        },
        "area_m2": 182.8419150502259,
        "levels": 1,
        "height": 3.2
      },
      "geometry": {
        "type": "Polygon",
        "coordinates": [
          [
            [
              77.6416667,
              12.9714098
            ],
            [
              77.6417037,
              12.9714117
            ],
            [
              77.6417016,
              12.9714516
            ],
            [
              77.6417851,
              12.9714559
            ],
            [
              77.6417913,
              12.9713431
            ],
            [
              77.6416707,
              12.9713368
            ],
            [
              77.6416667,
              12.9714098
            ]
          ]
        ]
      }
    },
    {
      "type": "Feature",
      "id": "BLDG-343604569",
      "properties": {
        "building_type": "church",
        "osm_id": 343604569,
        "centroid": {
          "lat": 12.971425,
          "lon": 77.64151398571428
        },
        "area_m2": 343.39218409012,
        "levels": 4,
        "height": 12.8
      },
      "geometry": {
        "type": "Polygon",
        "coordinates": [
          [
            [
              77.6414202,
              12.9713539
            ],
            [
              77.6416193,
              12.9713595
            ],
            [
              77.6416154,
              12.9714916
            ],
            [
              77.6415526,
              12.9714898
            ],
            [
              77.6415533,
              12.9714651
            ],
            [
              77.6414169,
              12.9714612
            ],
            [
              77.6414202,
              12.9713539
            ]
          ]
        ]
      }
    },
    {
      "type": "Feature",
      "id": "BLDG-343604570",
      "properties": {
        "building_type": "church",
        "osm_id": 343604570,
        "centroid": {
          "lat": 12.97126228,
          "lon": 77.6415037
        },
        "area_m2": 318.3623189938595,
        "levels": 2,
        "height": 6.4
      },
      "geometry": {
        "type": "Polygon",
        "coordinates": [
          [
            [
              77.6414245,
              12.9713104
            ],
            [
              77.6416191,
              12.9713155
            ],
            [
              77.6416225,
              12.9711901
            ],
            [
              77.6414279,
              12.971185
            ],
            [
              77.6414245,
              12.9713104
            ]
          ]
        ]
      }
    },
    {
      "type": "Feature",
      "id": "BLDG-343604571",
      "properties": {
        "building_type": "house",
        "osm_id": 343604571,
        "centroid": {
          "lat": 12.971244771428571,
          "lon": 77.64172529999999
        },
        "area_m2": 337.9325025514049,
        "levels": 1,
        "height": 3.2
      },
      "geometry": {
        "type": "Polygon",
        "coordinates": [
          [
            [
              77.6416607,
              12.971313
            ],
            [
              77.6418356,
              12.9713221
            ],
            [
              77.6418415,
              12.9712149
            ],
            [
              77.6417041,
              12.9712077
            ],
            [
              77.6417061,
              12.9711723
            ],
            [
              77.6416684,
              12.9711704
            ],
            [
              77.6416607,
              12.971313
            ]
          ]
        ]
      }
    },
    {
      "type": "Feature",
      "id": "BLDG-343604572",
      "properties": {
        "building_type": "house",
        "osm_id": 343604572,
        "centroid": {
          "lat": 12.97150794,
          "lon": 77.6417017
        },
        "area_m2": 147.82218317554546,
        "levels": 1,
        "height": 3.2
      },
      "geometry": {
        "type": "Polygon",
        "coordinates": [
          [
            [
              77.6416575,
              12.9714682
            ],
            [
              77.6416524,
              12.9715616
            ],
            [
              77.641768,
              12.9715676
            ],
            [
              77.6417731,
              12.9714741
            ],
            [
              77.6416575,
              12.9714682
            ]
          ]
        ]
      }
    },
    {
      "type": "Feature",
      "id": "BLDG-343604573",
      "properties": {
        "building_type": "retail",
        "osm_id": 343604573,
        "centroid": {
          "lat": 12.97112246,
          "lon": 77.64153422
        },
        "area_m2": 267.86051134335446,
        "levels": 2,
        "height": 6.4
      },
      "geometry": {
        "type": "Polygon",
        "coordinates": [
          [
            [
              77.6414699,
              12.9711731
            ],
            [
              77.641627,
              12.9711774
            ],
            [
              77.6416307,
              12.9710465
            ],
            [
              77.6414736,
              12.9710422
            ],
            [
              77.6414699,
              12.9711731
            ]
          ]
        ]
      }
    },
    {
      "type": "Feature",
      "id": "BLDG-343604574",
      "properties": {
        "building_type": "house",
        "osm_id": 343604574,
        "centroid": {
          "lat": 12.97110102,
          "lon": 77.64173224
        },
        "area_m2": 215.49737025627914,
        "levels": 2,
        "height": 6.4
      },
      "geometry": {
        "type": "Polygon",
        "coordinates": [
          [
            [
              77.6416715,
              12.971058
            ],
            [
              77.6416661,
              12.9711574
            ],
            [
              77.6418233,
              12.9711655
            ],
            [
              77.6418288,
              12.9710662
            ],
            [
              77.6416715,
              12.971058
            ]
          ]
        ]
      }
    },
    {
      "type": "Feature",
      "id": "BLDG-343604577",
      "properties": {
        "building_type": "house",
        "osm_id": 343604577,
        "centroid": {
          "lat": 12.970976160000001,
          "lon": 77.6417302
        },
        "area_m2": 182.81604095592664,
        "levels": 2,
        "height": 6.4
      },
      "geometry": {
        "type": "Polygon",
        "coordinates": [
          [
            [
              77.6416764,
              12.9709352
            ],
            [
              77.6416712,
              12.9710304
            ],
            [
              77.6418109,
              12.9710376
            ],
            [
              77.6418161,
              12.9709424
            ],
            [
              77.6416764,
              12.9709352
            ]
          ]
        ]
      }
    },
    {
      "type": "Feature",
      "id": "BLDG-343604578",
      "properties": {
        "building_type": "yes",
        "osm_id": 343604578,
        "centroid": {
          "lat": 12.9707686,
          "lon": 77.64155456
        },
        "area_m2": 261.7707339040467,
        "levels": 2,
        "height": 6.4
      },
      "geometry": {
        "type": "Polygon",
        "coordinates": [
          [
            [
              77.6414932,
              12.9708205
            ],
            [
              77.6416425,
              12.9708249
            ],
            [
              77.6416466,
              12.9706907
            ],
            [
              77.6414973,
              12.9706864
            ],
            [
              77.6414932,
              12.9708205
            ]
          ]
        ]
      }
    },
    {
      "type": "Feature",
      "id": "BLDG-343604579",
      "properties": {
        "building_type": "apartments",
        "osm_id": 343604579,
        "centroid": {
          "lat": 12.97084972,
          "lon": 77.64173215999999
        },
        "area_m2": 270.24253029735553,
        "levels": 5,
        "height": 16.0
      },
      "geometry": {
        "type": "Polygon",
        "coordinates": [
          [
            [
              77.641651,
              12.9708848
            ],
            [
              77.6418486,
              12.970895
            ],
            [
              77.6418539,
              12.9707971
            ],
            [
              77.6416563,
              12.9707869
            ],
            [
              77.641651,
              12.9708848
            ]
          ]
        ]
      }
    },
    {
      "type": "Feature",
      "id": "BLDG-343604580",
      "properties": {
        "building_type": "commercial",
        "osm_id": 343604580,
        "centroid": {
          "lat": 12.970395640000001,
          "lon": 77.64148282
        },
        "area_m2": 277.0461865019342,
        "levels": 2,
        "height": 6.4
      },
      "geometry": {
        "type": "Polygon",
        "coordinates": [
          [
            [
              77.6414371,
              12.9703264
            ],
            [
              77.6414293,
              12.9704941
            ],
            [
              77.6415514,
              12.9704995
            ],
            [
              77.6415592,
              12.9703318
            ],
            [
              77.6414371,
              12.9703264
            ]
          ]
        ]
      }
    },
    {
      "type": "Feature",
      "id": "BLDG-343604581",
      "properties": {
        "building_type": "house",
        "osm_id": 343604581,
        "centroid": {
          "lat": 12.97057326,
          "lon": 77.64179055999999
        },
        "area_m2": 206.56575414032355,
        "levels": 2,
        "height": 6.4
      },
      "geometry": {
        "type": "Polygon",
        "coordinates": [
          [
            [
              77.6417403,
              12.9705247
            ],
            [
              77.6417341,
              12.9706393
            ],
            [
              77.6418659,
              12.9706461
            ],
            [
              77.6418722,
              12.9705315
            ],
            [
              77.6417403,
              12.9705247
            ]
          ]
        ]
      }
    },
    {
      "type": "Feature",
      "id": "BLDG-343604582",
      "properties": {
        "building_type": "commercial",
        "osm_id": 343604582,
        "centroid": {
          "lat": 12.97056305,
          "lon": 77.64151983333333
        },
        "area_m2": 498.07642498698465,
        "levels": 4,
        "height": 12.8
      },
      "geometry": {
        "type": "Polygon",
        "coordinates": [
          [
            [
              77.6414391,
              12.9705032
            ],
            [
              77.6416854,
              12.9705088
            ],
            [
              77.6416817,
              12.9706649
            ],
            [
              77.6414354,
              12.9706593
            ],
            [
              77.6414383,
              12.9705389
            ],
            [
              77.6414391,
              12.9705032
            ]
          ]
        ]
      }
    },
    {
      "type": "Feature",
      "id": "BLDG-343604583",
      "properties": {
        "building_type": "apartments",
        "osm_id": 343604583,
        "centroid": {
          "lat": 12.97070948,
          "lon": 77.64176716
        },
        "area_m2": 126.45584424353991,
        "levels": 4,
        "height": 12.8
      },
      "geometry": {
        "type": "Polygon",
        "coordinates": [
          [
            [
              77.6417236,
              12.9706746
            ],
            [
              77.6417192,
              12.9707559
            ],
            [
              77.6418325,
              12.9707618
            ],
            [
              77.6418369,
              12.9706805
            ],
            [
              77.6417236,
              12.9706746
            ]
          ]
        ]
      }
    },
    {
      "type": "Feature",
      "id": "BLDG-343605803",
      "properties": {
        "building_type": "yes",
        "osm_id": 343605803,
        "centroid": {
          "lat": 12.97041716,
          "lon": 77.64162394
        },
        "area_m2": 254.79211949602887,
        "levels": 2,
        "height": 6.4
      },
      "geometry": {
        "type": "Polygon",
        "coordinates": [
          [
            [
              77.6415699,
              12.9703611
            ],
            [
              77.6415637,
              12.970495
            ],
            [
              77.641705,
              12.9705013
            ],
            [
              77.6417112,
              12.9703673
            ],
            [
              77.6415699,
              12.9703611
            ]
          ]
        ]
      }
    },
    {
      "type": "Feature",
      "id": "BLDG-343605805",
      "properties": {
        "building_type": "retail",
        "osm_id": 343605805,
        "centroid": {
          "lat": 12.970075560000002,
          "lon": 77.64179888
        },
        "area_m2": 385.062052499538,
        "levels": 5,
        "height": 16.0
      },
      "geometry": {
        "type": "Polygon",
        "coordinates": [
          [
            [
              77.6417093,
              12.97002
            ],
            [
              77.6417088,
              12.9701581
            ],
            [
              77.6419332,
              12.9701589
            ],
            [
              77.6419338,
              12.9700208
            ],
            [
              77.6417093,
              12.97002
            ]
          ]
        ]
      }
    },
    {
      "type": "Feature",
      "id": "BLDG-343605806",
      "properties": {
        "building_type": "yes",
        "osm_id": 343605806,
        "centroid": {
          "lat": 12.96971976,
          "lon": 77.64181776000001
        },
        "area_m2": 314.7148101638505,
        "levels": 2,
        "height": 6.4
      },
      "geometry": {
        "type": "Polygon",
        "coordinates": [
          [
            [
              77.6417529,
              12.9696598
            ],
            [
              77.6417488,
              12.9698053
            ],
            [
              77.641915,
              12.9698097
            ],
            [
              77.6419192,
              12.9696642
            ],
            [
              77.6417529,
              12.9696598
            ]
          ]
        ]
      }
    },
    {
      "type": "Feature",
      "id": "BLDG-343605807",
      "properties": {
        "building_type": "apartments",
        "osm_id": 343605807,
        "centroid": {
          "lat": 12.969892820000002,
          "lon": 77.6418166
        },
        "area_m2": 324.8260388299349,
        "levels": 2,
        "height": 6.4
      },
      "geometry": {
        "type": "Polygon",
        "coordinates": [
          [
            [
              77.6417467,
              12.9698351
            ],
            [
              77.6417427,
              12.9699746
            ],
            [
              77.6419215,
              12.9699794
            ],
            [
              77.6419254,
              12.9698399
            ],
            [
              77.6417467,
              12.9698351
            ]
          ]
        ]
      }
    },
    {
      "type": "Feature",
      "id": "BLDG-343605810",
      "properties": {
        "building_type": "residential",
        "osm_id": 343605810,
        "centroid": {
          "lat": 12.970054199999998,
          "lon": 77.64158488000001
        },
        "area_m2": 362.09546208816107,
        "levels": 2,
        "height": 6.4
      },
      "geometry": {
        "type": "Polygon",
        "coordinates": [
          [
            [
              77.641512,
              12.9699935
            ],
            [
              77.6415063,
              12.9701382
            ],
            [
              77.6416942,
              12.9701453
            ],
            [
              77.6416999,
              12.9700005
            ],
            [
              77.641512,
              12.9699935
            ]
          ]
        ]
      }
    },
    {
      "type": "Feature",
      "id": "BLDG-343605811",
      "properties": {
        "building_type": "commercial",
        "osm_id": 343605811,
        "centroid": {
          "lat": 12.969871180000002,
          "lon": 77.64159409999999
        },
        "area_m2": 410.7661226894181,
        "levels": 2,
        "height": 6.4
      },
      "geometry": {
        "type": "Polygon",
        "coordinates": [
          [
            [
              77.6415095,
              12.96981
            ],
            [
              77.6415063,
              12.9699585
            ],
            [
              77.641721,
              12.969963
            ],
            [
              77.6417242,
              12.9698144
            ],
            [
              77.6415095,
              12.96981
            ]
          ]
        ]
      }
    },
    {
      "type": "Feature",
      "id": "BLDG-343605812",
      "properties": {
        "building_type": "commercial",
        "osm_id": 343605812,
        "centroid": {
          "lat": 12.96961378,
          "lon": 77.64158702
        },
        "area_m2": 938.1896911829903,
        "levels": 5,
        "height": 16.0
      },
      "geometry": {
        "type": "Polygon",
        "coordinates": [
          [
            [
              77.6414993,
              12.9694889
            ],
            [
              77.641487,
              12.9697922
            ],
            [
              77.6417186,
              12.9698011
            ],
            [
              77.6417309,
              12.9694978
            ],
            [
              77.6414993,
              12.9694889
            ]
          ]
        ]
      }
    },
    {
      "type": "Feature",
      "id": "BLDG-343605813",
      "properties": {
        "building_type": "commercial",
        "osm_id": 343605813,
        "centroid": {
          "lat": 12.96941056,
          "lon": 77.64160338
        },
        "area_m2": 481.4356823801571,
        "levels": 4,
        "height": 12.8
      },
      "geometry": {
        "type": "Polygon",
        "coordinates": [
          [
            [
              77.6415077,
              12.9694685
            ],
            [
              77.6417406,
              12.9694772
            ],
            [
              77.6417489,
              12.9693234
            ],
            [
              77.641512,
              12.9693152
            ],
            [
              77.6415077,
              12.9694685
            ]
          ]
        ]
      }
    },
    {
      "type": "Feature",
      "id": "BLDG-343605814",
      "properties": {
        "building_type": "yes",
        "osm_id": 343605814,
        "centroid": {
          "lat": 12.969398619999998,
          "lon": 77.64184038
        },
        "area_m2": 310.12215741654006,
        "levels": 2,
        "height": 6.4
      },
      "geometry": {
        "type": "Polygon",
        "coordinates": [
          [
            [
              77.6417677,
              12.9693461
            ],
            [
              77.6417627,
              12.9694704
            ],
            [
              77.6419494,
              12.9694774
            ],
            [
              77.6419544,
              12.9693531
            ],
            [
              77.6417677,
              12.9693461
            ]
          ]
        ]
      }
    },
    {
      "type": "Feature",
      "id": "BLDG-343605819",
      "properties": {
        "building_type": "yes",
        "osm_id": 343605819,
        "centroid": {
          "lat": 12.96906108,
          "lon": 77.64185138
        },
        "area_m2": 339.6088978057734,
        "levels": 2,
        "height": 6.4
      },
      "geometry": {
        "type": "Polygon",
        "coordinates": [
          [
            [
              77.6417838,
              12.9690002
            ],
            [
              77.6417777,
              12.9691456
            ],
            [
              77.6419528,
              12.9691524
            ],
            [
              77.6419588,
              12.969007
            ],
            [
              77.6417838,
              12.9690002
            ]
          ]
        ]
      }
    },
    {
      "type": "Feature",
      "id": "BLDG-343605821",
      "properties": {
        "building_type": "yes",
        "osm_id": 343605821,
        "centroid": {
          "lat": 12.968892,
          "lon": 77.64185712
        },
        "area_m2": 353.68662597968137,
        "levels": 2,
        "height": 6.4
      },
      "geometry": {
        "type": "Polygon",
        "coordinates": [
          [
            [
              77.6417872,
              12.96883
            ],
            [
              77.641782,
              12.968979
            ],
            [
              77.641962,
              12.968985
            ],
            [
              77.6419672,
              12.968836
            ],
            [
              77.6417872,
              12.96883
            ]
          ]
        ]
      }
    },
    {
      "type": "Feature",
      "id": "BLDG-343605822",
      "properties": {
        "building_type": "commercial",
        "osm_id": 343605822,
        "centroid": {
          "lat": 12.96892152,
          "lon": 77.64162638
        },
        "area_m2": 479.42464876408474,
        "levels": 3,
        "height": 9.600000000000001
      },
      "geometry": {
        "type": "Polygon",
        "coordinates": [
          [
            [
              77.6415345,
              12.9689833
            ],
            [
              77.6417585,
              12.9689908
            ],
            [
              77.6417642,
              12.9688288
            ],
            [
              77.6415402,
              12.9688214
            ],
            [
              77.6415345,
              12.9689833
            ]
          ]
        ]
      }
    },
    {
      "type": "Feature",
      "id": "BLDG-343605823",
      "properties": {
        "building_type": "retail",
        "osm_id": 343605823,
        "centroid": {
          "lat": 12.968743380000001,
          "lon": 77.6416352
        },
        "area_m2": 446.82845760620125,
        "levels": 2,
        "height": 6.4
      },
      "geometry": {
        "type": "Polygon",
        "coordinates": [
          [
            [
              77.6415456,
              12.9688023
            ],
            [
              77.6417642,
              12.9688096
            ],
            [
              77.6417696,
              12.968655
            ],
            [
              77.641551,
              12.9686477
            ],
            [
              77.6415456,
              12.9688023
            ]
          ]
        ]
      }
    },
    {
      "type": "Feature",
      "id": "BLDG-343605824",
      "properties": {
        "building_type": "yes",
        "osm_id": 343605824,
        "centroid": {
          "lat": 12.968730560000001,
          "lon": 77.64187918
        },
        "area_m2": 246.2800334236738,
        "levels": 2,
        "height": 6.4
      },
      "geometry": {
        "type": "Polygon",
        "coordinates": [
          [
            [
              77.6418207,
              12.9686777
            ],
            [
              77.6418182,
              12.9688071
            ],
            [
              77.6419669,
              12.9688099
            ],
            [
              77.6419694,
              12.9686804
            ],
            [
              77.6418207,
              12.9686777
            ]
          ]
        ]
      }
    },
    {
      "type": "Feature",
      "id": "BLDG-343605827",
      "properties": {
        "building_type": "church",
        "osm_id": 343605827,
        "centroid": {
          "lat": 12.968311922222222,
          "lon": 77.6417045
        },
        "area_m2": 511.3107807274668,
        "levels": 2,
        "height": 6.4
      },
      "geometry": {
        "type": "Polygon",
        "coordinates": [
          [
            [
              77.6416602,
              12.9682452
            ],
            [
              77.6416587,
              12.9682815
            ],
            [
              77.6416322,
              12.9682804
            ],
            [
              77.641629,
              12.9683551
            ],
            [
              77.6416556,
              12.9683562
            ],
            [
              77.6416542,
              12.9683896
            ],
            [
              77.6418921,
              12.9683993
            ],
            [
              77.6418983,
              12.9682548
            ],
            [
              77.6416602,
              12.9682452
            ]
          ]
        ]
      }
    },
    {
      "type": "Feature",
      "id": "BLDG-343605833",
      "properties": {
        "building_type": "yes",
        "osm_id": 343605833,
        "centroid": {
          "lat": 12.96818662352941,
          "lon": 77.64228427647059
        },
        "area_m2": 1469.3668523048248,
        "levels": 2,
        "height": 6.4
      },
      "geometry": {
        "type": "Polygon",
        "coordinates": [
          [
            [
              77.6423601,
              12.9680643
            ],
            [
              77.642363,
              12.9679893
            ],
            [
              77.6421276,
              12.9679807
            ],
            [
              77.6421152,
              12.9683045
            ],
            [
              77.6421097,
              12.9683043
            ],
            [
              77.6421047,
              12.9684349
            ],
            [
              77.6423109,
              12.9684424
            ],
            [
              77.6423159,
              12.9683109
            ],
            [
              77.6423053,
              12.9683105
            ],
            [
              77.64231,
              12.968188
            ],
            [
              77.6423295,
              12.9681887
            ],
            [
              77.6423308,
              12.9681547
            ],
            [
              77.6423414,
              12.9681451
            ],
            [
              77.6423428,
              12.9681169
            ],
            [
              77.6423517,
              12.9681091
            ],
            [
              77.642354,
              12.968064
            ],
            [
              77.6423601,
              12.9680643
            ]
          ]
        ]
      }
    },
    {
      "type": "Feature",
      "id": "BLDG-343605834",
      "properties": {
        "building_type": "school",
        "osm_id": 343605834,
        "centroid": {
          "lat": 12.967772944444445,
          "lon": 77.64193175555556
        },
        "area_m2": 3882.320733085833,
        "levels": 5,
        "height": 16.0
      },
      "geometry": {
        "type": "Polygon",
        "coordinates": [
          [
            [
              77.6415983,
              12.9679031
            ],
            [
              77.6416863,
              12.967906
            ],
            [
              77.641696,
              12.9676299
            ],
            [
              77.6422157,
              12.9676471
            ],
            [
              77.6422059,
              12.9679291
            ],
            [
              77.6423807,
              12.9679349
            ],
            [
              77.6423936,
              12.9675646
            ],
            [
              77.641611,
              12.9675387
            ],
            [
              77.6415983,
              12.9679031
            ]
          ]
        ]
      }
    },
    {
      "type": "Feature",
      "id": "BLDG-343606570",
      "properties": {
        "building_type": "yes",
        "osm_id": 343606570,
        "centroid": {
          "lat": 12.96735458,
          "lon": 77.64192126
        },
        "area_m2": 378.77242843149077,
        "levels": 2,
        "height": 6.4
      },
      "geometry": {
        "type": "Polygon",
        "coordinates": [
          [
            [
              77.6418333,
              12.9674053
            ],
            [
              77.642049,
              12.9674118
            ],
            [
              77.6420532,
              12.9672785
            ],
            [
              77.6418375,
              12.967272
            ],
            [
              77.6418333,
              12.9674053
            ]
          ]
        ]
      }
    },
    {
      "type": "Feature",
      "id": "BLDG-343606572",
      "properties": {
        "building_type": "yes",
        "osm_id": 343606572,
        "centroid": {
          "lat": 12.96720268,
          "lon": 77.64192177999999
        },
        "area_m2": 193.9109782459876,
        "levels": 2,
        "height": 6.4
      },
      "geometry": {
        "type": "Polygon",
        "coordinates": [
          [
            [
              77.6418628,
              12.9672419
            ],
            [
              77.642007,
              12.9672462
            ],
            [
              77.6420103,
              12.9671439
            ],
            [
              77.641866,
              12.9671395
            ],
            [
              77.6418628,
              12.9672419
            ]
          ]
        ]
      }
    },
    {
      "type": "Feature",
      "id": "BLDG-343606574",
      "properties": {
        "building_type": "retail",
        "osm_id": 343606574,
        "centroid": {
          "lat": 12.96715398,
          "lon": 77.64169128
        },
        "area_m2": 370.30790142182093,
        "levels": 4,
        "height": 12.8
      },
      "geometry": {
        "type": "Polygon",
        "coordinates": [
          [
            [
              77.6416161,
              12.9670939
            ],
            [
              77.64161,
              12.9672363
            ],
            [
              77.6418041,
              12.9672441
            ],
            [
              77.6418101,
              12.9671017
            ],
            [
              77.6416161,
              12.9670939
            ]
          ]
        ]
      }
    },
    {
      "type": "Feature",
      "id": "BLDG-343606577",
      "properties": {
        "building_type": "yes",
        "osm_id": 343606577,
        "centroid": {
          "lat": 12.96707884,
          "lon": 77.64192894
        },
        "area_m2": 303.3420343392589,
        "levels": 2,
        "height": 6.4
      },
      "geometry": {
        "type": "Polygon",
        "coordinates": [
          [
            [
              77.6418478,
              12.9671226
            ],
            [
              77.642047,
              12.9671286
            ],
            [
              77.6420506,
              12.9670132
            ],
            [
              77.6418515,
              12.9670072
            ],
            [
              77.6418478,
              12.9671226
            ]
          ]
        ]
      }
    },
    {
      "type": "Feature",
      "id": "BLDG-343606581",
      "properties": {
        "building_type": "yes",
        "osm_id": 343606581,
        "centroid": {
          "lat": 12.9668917,
          "lon": 77.64170938
        },
        "area_m2": 251.07733799645018,
        "levels": 2,
        "height": 6.4
      },
      "geometry": {
        "type": "Polygon",
        "coordinates": [
          [
            [
              77.6416513,
              12.9669377
            ],
            [
              77.6418125,
              12.9669095
            ],
            [
              77.6417965,
              12.9668227
            ],
            [
              77.6416353,
              12.9668509
            ],
            [
              77.6416513,
              12.9669377
            ]
          ]
        ]
      }
    },
    {
      "type": "Feature",
      "id": "BLDG-343606594",
      "properties": {
        "building_type": "yes",
        "osm_id": 343606594,
        "centroid": {
          "lat": 12.966804360000001,
          "lon": 77.64204437999999
        },
        "area_m2": 527.7882700733657,
        "levels": 2,
        "height": 6.4
      },
      "geometry": {
        "type": "Polygon",
        "coordinates": [
          [
            [
              77.6419835,
              12.9668786
            ],
            [
              77.642175,
              12.9668241
            ],
            [
              77.6421357,
              12.966693
            ],
            [
              77.6419442,
              12.9667475
            ],
            [
              77.6419835,
              12.9668786
            ]
          ]
        ]
      }
    },
    {
      "type": "Feature",
      "id": "BLDG-343606603",
      "properties": {
        "building_type": "yes",
        "osm_id": 343606603,
        "centroid": {
          "lat": 12.9668047625,
          "lon": 77.6426224125
        },
        "area_m2": 366.78335614761005,
        "levels": 2,
        "height": 6.4
      },
      "geometry": {
        "type": "Polygon",
        "coordinates": [
          [
            [
              77.6426245,
              12.9668015
            ],
            [
              77.6426795,
              12.9667812
            ],
            [
              77.6426646,
              12.9667214
            ],
            [
              77.6425052,
              12.9667577
            ],
            [
              77.6425146,
              12.9668843
            ],
            [
              77.6426823,
              12.9668878
            ],
            [
              77.6426841,
              12.9668027
            ],
            [
              77.6426245,
              12.9668015
            ]
          ]
        ]
      }
    },
    {
      "type": "Feature",
      "id": "BLDG-343607109",
      "properties": {
        "building_type": "yes",
        "osm_id": 343607109,
        "centroid": {
          "lat": 12.96720692,
          "lon": 77.6427734
        },
        "area_m2": 194.95875607674063,
        "levels": 2,
        "height": 6.4
      },
      "geometry": {
        "type": "Polygon",
        "coordinates": [
          [
            [
              77.6427311,
              12.9672657
            ],
            [
              77.6428348,
              12.9672671
            ],
            [
              77.6428368,
              12.9671187
            ],
            [
              77.6427332,
              12.9671174
            ],
            [
              77.6427311,
              12.9672657
            ]
          ]
        ]
      }
    },
    {
      "type": "Feature",
      "id": "BLDG-343607111",
      "properties": {
        "building_type": "yes",
        "osm_id": 343607111,
        "centroid": {
          "lat": 12.9672222,
          "lon": 77.64301127777777
        },
        "area_m2": 234.84134027226676,
        "levels": 2,
        "height": 6.4
      },
      "geometry": {
        "type": "Polygon",
        "coordinates": [
          [
            [
              77.642963,
              12.9672763
            ],
            [
              77.6430383,
              12.9672781
            ],
            [
              77.6430389,
              12.9672551
            ],
            [
              77.6430792,
              12.9672561
            ],
            [
              77.6430825,
              12.9671208
            ],
            [
              77.6429871,
              12.9671186
            ],
            [
              77.6429848,
              12.9672095
            ],
            [
              77.6429647,
              12.967209
            ],
            [
              77.642963,
              12.9672763
            ]
          ]
        ]
      }
    },
    {
      "type": "Feature",
      "id": "BLDG-343607285",
      "properties": {
        "building_type": "yes",
        "osm_id": 343607285,
        "centroid": {
          "lat": 12.967271184615385,
          "lon": 77.64329421538461
        },
        "area_m2": 137.7453301038517,
        "levels": 2,
        "height": 6.4
      },
      "geometry": {
        "type": "Polygon",
        "coordinates": [
          [
            [
              77.6432266,
              12.9672943
            ],
            [
              77.6432817,
              12.9672947
            ],
            [
              77.6432818,
              12.9672837
            ],
            [
              77.6432964,
              12.9672839
            ],
            [
              77.6432963,
              12.967295
            ],
            [
              77.6433246,
              12.9672953
            ],
            [
              77.6433247,
              12.9672831
            ],
            [
              77.6433372,
              12.9672832
            ],
            [
              77.6433374,
              12.9672641
            ],
            [
              77.6433317,
              12.9672641
            ],
            [
              77.6433323,
              12.9671953
            ],
            [
              77.6432275,
              12.9671944
            ],
            [
              77.6432266,
              12.9672943
            ]
          ]
        ]
      }
    },
    {
      "type": "Feature",
      "id": "BLDG-343607286",
      "properties": {
        "building_type": "yes",
        "osm_id": 343607286,
        "centroid": {
          "lat": 12.96725239090909,
          "lon": 77.64336792727273
        },
        "area_m2": 108.73245538026364,
        "levels": 2,
        "height": 6.4
      },
      "geometry": {
        "type": "Polygon",
        "coordinates": [
          [
            [
              77.643339,
              12.9672979
            ],
            [
              77.6433555,
              12.9672983
            ],
            [
              77.6433557,
              12.9672864
            ],
            [
              77.6434169,
              12.9672879
            ],
            [
              77.6434193,
              12.9671892
            ],
            [
              77.643388,
              12.9671884
            ],
            [
              77.6433879,
              12.9671954
            ],
            [
              77.643354,
              12.9671946
            ],
            [
              77.6433522,
              12.9672703
            ],
            [
              77.6433397,
              12.96727
            ],
            [
              77.643339,
              12.9672979
            ]
          ]
        ]
      }
    },
    {
      "type": "Feature",
      "id": "BLDG-343607287",
      "properties": {
        "building_type": "yes",
        "osm_id": 343607287,
        "centroid": {
          "lat": 12.96725874,
          "lon": 77.64345876
        },
        "area_m2": 98.83906199808429,
        "levels": 2,
        "height": 6.4
      },
      "geometry": {
        "type": "Polygon",
        "coordinates": [
          [
            [
              77.6434282,
              12.9672998
            ],
            [
              77.6435029,
              12.967301
            ],
            [
              77.6435046,
              12.9671971
            ],
            [
              77.6434299,
              12.967196
            ],
            [
              77.6434282,
              12.9672998
            ]
          ]
        ]
      }
    },
    {
      "type": "Feature",
      "id": "BLDG-343607288",
      "properties": {
        "building_type": "yes",
        "osm_id": 343607288,
        "centroid": {
          "lat": 12.96725926,
          "lon": 77.64354732
        },
        "area_m2": 105.52690080885733,
        "levels": 2,
        "height": 6.4
      },
      "geometry": {
        "type": "Polygon",
        "coordinates": [
          [
            [
              77.643515,
              12.9673007
            ],
            [
              77.6435941,
              12.9673019
            ],
            [
              77.6435958,
              12.9671971
            ],
            [
              77.6435167,
              12.9671959
            ],
            [
              77.643515,
              12.9673007
            ]
          ]
        ]
      }
    },
    {
      "type": "Feature",
      "id": "BLDG-343607289",
      "properties": {
        "building_type": "yes",
        "osm_id": 343607289,
        "centroid": {
          "lat": 12.967272371428573,
          "lon": 77.64363127142857
        },
        "area_m2": 97.80323552411757,
        "levels": 2,
        "height": 6.4
      },
      "geometry": {
        "type": "Polygon",
        "coordinates": [
          [
            [
              77.6435986,
              12.9672975
            ],
            [
              77.6436337,
              12.967298
            ],
            [
              77.6436337,
              12.9673027
            ],
            [
              77.6436763,
              12.9673033
            ],
            [
              77.6436779,
              12.9672044
            ],
            [
              77.6436001,
              12.9672032
            ],
            [
              77.6435986,
              12.9672975
            ]
          ]
        ]
      }
    },
    {
      "type": "Feature",
      "id": "BLDG-343607290",
      "properties": {
        "building_type": "yes",
        "osm_id": 343607290,
        "centroid": {
          "lat": 12.967237772727271,
          "lon": 77.64372526363637
        },
        "area_m2": 108.35703451057869,
        "levels": 2,
        "height": 6.4
      },
      "geometry": {
        "type": "Polygon",
        "coordinates": [
          [
            [
              77.6436804,
              12.9672983
            ],
            [
              77.6437551,
              12.9673005
            ],
            [
              77.6437567,
              12.967247
            ],
            [
              77.6437647,
              12.9672472
            ],
            [
              77.6437662,
              12.9671988
            ],
            [
              77.6437376,
              12.967198
            ],
            [
              77.6437374,
              12.9672036
            ],
            [
              77.6437083,
              12.9672027
            ],
            [
              77.643708,
              12.9672109
            ],
            [
              77.6436831,
              12.9672102
            ],
            [
              77.6436804,
              12.9672983
            ]
          ]
        ]
      }
    },
    {
      "type": "Feature",
      "id": "BLDG-343607291",
      "properties": {
        "building_type": "yes",
        "osm_id": 343607291,
        "centroid": {
          "lat": 12.967267627272726,
          "lon": 77.64380615454546
        },
        "area_m2": 113.35073579803738,
        "levels": 2,
        "height": 6.4
      },
      "geometry": {
        "type": "Polygon",
        "coordinates": [
          [
            [
              77.6438459,
              12.9672065
            ],
            [
              77.6437726,
              12.9672048
            ],
            [
              77.643771,
              12.9672693
            ],
            [
              77.6437615,
              12.9672691
            ],
            [
              77.6437604,
              12.9673116
            ],
            [
              77.6437971,
              12.9673124
            ],
            [
              77.6437972,
              12.9673068
            ],
            [
              77.6438355,
              12.9673077
            ],
            [
              77.6438363,
              12.9672745
            ],
            [
              77.6438443,
              12.9672747
            ],
            [
              77.6438459,
              12.9672065
            ]
          ]
        ]
      }
    },
    {
      "type": "Feature",
      "id": "BLDG-343607292",
      "properties": {
        "building_type": "yes",
        "osm_id": 343607292,
        "centroid": {
          "lat": 12.967269859999998,
          "lon": 77.64388054000001
        },
        "area_m2": 102.49692047426207,
        "levels": 2,
        "height": 6.4
      },
      "geometry": {
        "type": "Polygon",
        "coordinates": [
          [
            [
              77.6438466,
              12.9673079
            ],
            [
              77.6439296,
              12.9673094
            ],
            [
              77.6439314,
              12.9672128
            ],
            [
              77.6438485,
              12.9672113
            ],
            [
              77.6438466,
              12.9673079
            ]
          ]
        ]
      }
    },
    {
      "type": "Feature",
      "id": "BLDG-343607293",
      "properties": {
        "building_type": "yes",
        "osm_id": 343607293,
        "centroid": {
          "lat": 12.96726876,
          "lon": 77.64396826
        },
        "area_m2": 93.68789831721679,
        "levels": 2,
        "height": 6.4
      },
      "geometry": {
        "type": "Polygon",
        "coordinates": [
          [
            [
              77.6439396,
              12.9673102
            ],
            [
              77.6440092,
              12.9673115
            ],
            [
              77.6440112,
              12.9672066
            ],
            [
              77.6439417,
              12.9672053
            ],
            [
              77.6439396,
              12.9673102
            ]
          ]
        ]
      }
    },
    {
      "type": "Feature",
      "id": "BLDG-343608512",
      "properties": {
        "building_type": "yes",
        "osm_id": 343608512,
        "centroid": {
          "lat": 12.967275180000001,
          "lon": 77.64405092000001
        },
        "area_m2": 105.60945150380056,
        "levels": 2,
        "height": 6.4
      },
      "geometry": {
        "type": "Polygon",
        "coordinates": [
          [
            [
              77.6440199,
              12.9673183
            ],
            [
              77.6440953,
              12.9673197
            ],
            [
              77.6440974,
              12.9672105
            ],
            [
              77.6440221,
              12.9672091
            ],
            [
              77.6440199,
              12.9673183
            ]
          ]
        ]
      }
    },
    {
      "type": "Feature",
      "id": "BLDG-343608513",
      "properties": {
        "building_type": "yes",
        "osm_id": 343608513,
        "centroid": {
          "lat": 12.96740134,
          "lon": 77.64444907999999
        },
        "area_m2": 136.76605703923028,
        "levels": 2,
        "height": 6.4
      },
      "geometry": {
        "type": "Polygon",
        "coordinates": [
          [
            [
              77.6444102,
              12.9674458
            ],
            [
              77.6445055,
              12.9674473
            ],
            [
              77.6445074,
              12.9673347
            ],
            [
              77.6444121,
              12.9673331
            ],
            [
              77.6444102,
              12.9674458
            ]
          ]
        ]
      }
    },
    {
      "type": "Feature",
      "id": "BLDG-343608514",
      "properties": {
        "building_type": "yes",
        "osm_id": 343608514,
        "centroid": {
          "lat": 12.96729326,
          "lon": 77.64455156
        },
        "area_m2": 106.68852468134757,
        "levels": 2,
        "height": 6.4
      },
      "geometry": {
        "type": "Polygon",
        "coordinates": [
          [
            [
              77.6445194,
              12.967334
            ],
            [
              77.6445955,
              12.9673369
            ],
            [
              77.6445998,
              12.9672322
            ],
            [
              77.6445237,
              12.9672292
            ],
            [
              77.6445194,
              12.967334
            ]
          ]
        ]
      }
    },
    {
      "type": "Feature",
      "id": "BLDG-343608515",
      "properties": {
        "building_type": "yes",
        "osm_id": 343608515,
        "centroid": {
          "lat": 12.96742408,
          "lon": 77.64411556
        },
        "area_m2": 177.10303966515605,
        "levels": 2,
        "height": 6.4
      },
      "geometry": {
        "type": "Polygon",
        "coordinates": [
          [
            [
              77.6440769,
              12.9674824
            ],
            [
              77.644171,
              12.9674839
            ],
            [
              77.6441735,
              12.9673366
            ],
            [
              77.6440795,
              12.9673351
            ],
            [
              77.6440769,
              12.9674824
            ]
          ]
        ]
      }
    },
    {
      "type": "Feature",
      "id": "BLDG-343608516",
      "properties": {
        "building_type": "yes",
        "osm_id": 343608516,
        "centroid": {
          "lat": 12.96742472,
          "lon": 77.64422916
        },
        "area_m2": 199.19163563757482,
        "levels": 2,
        "height": 6.4
      },
      "geometry": {
        "type": "Polygon",
        "coordinates": [
          [
            [
              77.6441876,
              12.9674856
            ],
            [
              77.6442889,
              12.9674873
            ],
            [
              77.6442915,
              12.9673334
            ],
            [
              77.6441902,
              12.9673317
            ],
            [
              77.6441876,
              12.9674856
            ]
          ]
        ]
      }
    },
    {
      "type": "Feature",
      "id": "BLDG-343608517",
      "properties": {
        "building_type": "yes",
        "osm_id": 343608517,
        "centroid": {
          "lat": 12.96727764,
          "lon": 77.64413646
        },
        "area_m2": 98.9153289952487,
        "levels": 2,
        "height": 6.4
      },
      "geometry": {
        "type": "Polygon",
        "coordinates": [
          [
            [
              77.6441064,
              12.9673193
            ],
            [
              77.6441795,
              12.9673207
            ],
            [
              77.6441815,
              12.9672151
            ],
            [
              77.6441085,
              12.9672138
            ],
            [
              77.6441064,
              12.9673193
            ]
          ]
        ]
      }
    },
    {
      "type": "Feature",
      "id": "BLDG-343608518",
      "properties": {
        "building_type": "yes",
        "osm_id": 343608518,
        "centroid": {
          "lat": 12.967275940000002,
          "lon": 77.644218
        },
        "area_m2": 93.05435251452349,
        "levels": 2,
        "height": 6.4
      },
      "geometry": {
        "type": "Polygon",
        "coordinates": [
          [
            [
              77.6441862,
              12.9673128
            ],
            [
              77.6442639,
              12.9673142
            ],
            [
              77.6442657,
              12.9672207
            ],
            [
              77.644188,
              12.9672192
            ],
            [
              77.6441862,
              12.9673128
            ]
          ]
        ]
      }
    },
    {
      "type": "Feature",
      "id": "BLDG-343608519",
      "properties": {
        "building_type": "yes",
        "osm_id": 343608519,
        "centroid": {
          "lat": 12.9672866,
          "lon": 77.64438464
        },
        "area_m2": 106.52736601164959,
        "levels": 2,
        "height": 6.4
      },
      "geometry": {
        "type": "Polygon",
        "coordinates": [
          [
            [
              77.6443532,
              12.9673298
            ],
            [
              77.6444303,
              12.9673308
            ],
            [
              77.6444318,
              12.9672218
            ],
            [
              77.6443547,
              12.9672208
            ],
            [
              77.6443532,
              12.9673298
            ]
          ]
        ]
      }
    },
    {
      "type": "Feature",
      "id": "BLDG-343608520",
      "properties": {
        "building_type": "yes",
        "osm_id": 343608520,
        "centroid": {
          "lat": 12.967290654545453,
          "lon": 77.64446581818181
        },
        "area_m2": 105.79919489186418,
        "levels": 2,
        "height": 6.4
      },
      "geometry": {
        "type": "Polygon",
        "coordinates": [
          [
            [
              77.6444355,
              12.9673306
            ],
            [
              77.6444771,
              12.9673319
            ],
            [
              77.6444774,
              12.9673226
            ],
            [
              77.6445169,
              12.9673239
            ],
            [
              77.6445201,
              12.9672322
            ],
            [
              77.6444642,
              12.9672304
            ],
            [
              77.6444629,
              12.9672665
            ],
            [
              77.6444489,
              12.967266
            ],
            [
              77.6444483,
              12.9672814
            ],
            [
              77.6444372,
              12.9672811
            ],
            [
              77.6444355,
              12.9673306
            ]
          ]
        ]
      }
    },
    {
      "type": "Feature",
      "id": "BLDG-343608521",
      "properties": {
        "building_type": "yes",
        "osm_id": 343608521,
        "centroid": {
          "lat": 12.967415840000001,
          "lon": 77.64456643999999
        },
        "area_m2": 162.43414991939878,
        "levels": 2,
        "height": 6.4
      },
      "geometry": {
        "type": "Polygon",
        "coordinates": [
          [
            [
              77.6445222,
              12.9674621
            ],
            [
              77.6446308,
              12.9674639
            ],
            [
              77.6446328,
              12.9673464
            ],
            [
              77.6445242,
              12.9673447
            ],
            [
              77.6445222,
              12.9674621
            ]
          ]
        ]
      }
    },
    {
      "type": "Feature",
      "id": "BLDG-343608522",
      "properties": {
        "building_type": "yes",
        "osm_id": 343608522,
        "centroid": {
          "lat": 12.96742338,
          "lon": 77.64468098
        },
        "area_m2": 175.98306077608822,
        "levels": 2,
        "height": 6.4
      },
      "geometry": {
        "type": "Polygon",
        "coordinates": [
          [
            [
              77.6446375,
              12.9674745
            ],
            [
              77.6447439,
              12.9674763
            ],
            [
              77.6447462,
              12.9673467
            ],
            [
              77.6446398,
              12.9673449
            ],
            [
              77.6446375,
              12.9674745
            ]
          ]
        ]
      }
    },
    {
      "type": "Feature",
      "id": "BLDG-343608523",
      "properties": {
        "building_type": "yes",
        "osm_id": 343608523,
        "centroid": {
          "lat": 12.967475160000001,
          "lon": 77.64479202
        },
        "area_m2": 104.7235715968053,
        "levels": 2,
        "height": 6.4
      },
      "geometry": {
        "type": "Polygon",
        "coordinates": [
          [
            [
              77.6447488,
              12.9675052
            ],
            [
              77.6448555,
              12.967507
            ],
            [
              77.6448568,
              12.9674301
            ],
            [
              77.6447502,
              12.9674283
            ],
            [
              77.6447488,
              12.9675052
            ]
          ]
        ]
      }
    },
    {
      "type": "Feature",
      "id": "BLDG-343608524",
      "properties": {
        "building_type": "yes",
        "osm_id": 343608524,
        "centroid": {
          "lat": 12.96730525,
          "lon": 77.64482299999999
        },
        "area_m2": 111.71265884956567,
        "levels": 2,
        "height": 6.4
      },
      "geometry": {
        "type": "Polygon",
        "coordinates": [
          [
            [
              77.644781,
              12.9673425
            ],
            [
              77.6448637,
              12.9673439
            ],
            [
              77.644864,
              12.967328
            ],
            [
              77.6448655,
              12.967238
            ],
            [
              77.6447828,
              12.9672366
            ],
            [
              77.644781,
              12.9673425
            ]
          ]
        ]
      }
    },
    {
      "type": "Feature",
      "id": "BLDG-343617188",
      "properties": {
        "building_type": "yes",
        "osm_id": 343617188,
        "centroid": {
          "lat": 12.966780892307693,
          "lon": 77.64294096923078
        },
        "area_m2": 289.8340292001441,
        "levels": 2,
        "height": 6.4
      },
      "geometry": {
        "type": "Polygon",
        "coordinates": [
          [
            [
              77.6428693,
              12.9667521
            ],
            [
              77.6429047,
              12.9667809
            ],
            [
              77.6428668,
              12.9668252
            ],
            [
              77.6429034,
              12.9668549
            ],
            [
              77.6429394,
              12.9668128
            ],
            [
              77.6429883,
              12.9668524
            ],
            [
              77.6430237,
              12.966811
            ],
            [
              77.6429956,
              12.9667882
            ],
            [
              77.6430277,
              12.9667507
            ],
            [
              77.6429833,
              12.9667146
            ],
            [
              77.6429547,
              12.966748
            ],
            [
              77.6429064,
              12.9667087
            ],
            [
              77.6428693,
              12.9667521
            ]
          ]
        ]
      }
    },
    {
      "type": "Feature",
      "id": "BLDG-343617191",
      "properties": {
        "building_type": "yes",
        "osm_id": 343617191,
        "centroid": {
          "lat": 12.966814959999999,
          "lon": 77.64326326
        },
        "area_m2": 473.1517812797535,
        "levels": 2,
        "height": 6.4
      },
      "geometry": {
        "type": "Polygon",
        "coordinates": [
          [
            [
              77.6432061,
              12.9668832
            ],
            [
              77.6433901,
              12.9668071
            ],
            [
              77.643349,
              12.9667126
            ],
            [
              77.643165,
              12.9667887
            ],
            [
              77.6432061,
              12.9668832
            ]
          ]
        ]
      }
    },
    {
      "type": "Feature",
      "id": "BLDG-343617195",
      "properties": {
        "building_type": "yes",
        "osm_id": 343617195,
        "centroid": {
          "lat": 12.967083800000001,
          "lon": 77.64411396
        },
        "area_m2": 90.27448847142301,
        "levels": 2,
        "height": 6.4
      },
      "geometry": {
        "type": "Polygon",
        "coordinates": [
          [
            [
              77.644085,
              12.9671239
            ],
            [
              77.6441567,
              12.9671244
            ],
            [
              77.6441574,
              12.9670236
            ],
            [
              77.6440857,
              12.9670232
            ],
            [
              77.644085,
              12.9671239
            ]
          ]
        ]
      }
    },
    {
      "type": "Feature",
      "id": "BLDG-343617198",
      "properties": {
        "building_type": "yes",
        "osm_id": 343617198,
        "centroid": {
          "lat": 12.96705124,
          "lon": 77.6445293
        },
        "area_m2": 389.4039728971647,
        "levels": 2,
        "height": 6.4
      },
      "geometry": {
        "type": "Polygon",
        "coordinates": [
          [
            [
              77.6444659,
              12.9671302
            ],
            [
              77.6446231,
              12.9671312
            ],
            [
              77.6446244,
              12.9669328
            ],
            [
              77.6444672,
              12.9669318
            ],
            [
              77.6444659,
              12.9671302
            ]
          ]
        ]
      }
    },
    {
      "type": "Feature",
      "id": "BLDG-343617199",
      "properties": {
        "building_type": "yes",
        "osm_id": 343617199,
        "centroid": {
          "lat": 12.9670544,
          "lon": 77.64477084
        },
        "area_m2": 294.6596720427359,
        "levels": 2,
        "height": 6.4
      },
      "geometry": {
        "type": "Polygon",
        "coordinates": [
          [
            [
              77.6447153,
              12.9671226
            ],
            [
              77.644853,
              12.9671235
            ],
            [
              77.6448541,
              12.9669521
            ],
            [
              77.6447165,
              12.9669512
            ],
            [
              77.6447153,
              12.9671226
            ]
          ]
        ]
      }
    },
    {
      "type": "Feature",
      "id": "BLDG-343617200",
      "properties": {
        "building_type": "yes",
        "osm_id": 343617200,
        "centroid": {
          "lat": 12.966771220000002,
          "lon": 77.64454476
        },
        "area_m2": 610.9466418000485,
        "levels": 2,
        "height": 6.4
      },
      "geometry": {
        "type": "Polygon",
        "coordinates": [
          [
            [
              77.644488,
              12.966868
            ],
            [
              77.6446614,
              12.9668443
            ],
            [
              77.6446299,
              12.966626
            ],
            [
              77.6444565,
              12.9666498
            ],
            [
              77.644488,
              12.966868
            ]
          ]
        ]
      }
    },
    {
      "type": "Feature",
      "id": "BLDG-343617201",
      "properties": {
        "building_type": "yes",
        "osm_id": 343617201,
        "centroid": {
          "lat": 12.966707861538461,
          "lon": 77.64482633846154
        },
        "area_m2": 429.71754563738887,
        "levels": 2,
        "height": 6.4
      },
      "geometry": {
        "type": "Polygon",
        "coordinates": [
          [
            [
              77.6447484,
              12.9667428
            ],
            [
              77.6447538,
              12.9668037
            ],
            [
              77.6449198,
              12.9667898
            ],
            [
              77.6449133,
              12.9667163
            ],
            [
              77.6448531,
              12.9667213
            ],
            [
              77.6448497,
              12.9666831
            ],
            [
              77.6449092,
              12.9666781
            ],
            [
              77.6449029,
              12.9666071
            ],
            [
              77.6447424,
              12.9666205
            ],
            [
              77.644748,
              12.9666835
            ],
            [
              77.6448241,
              12.9666771
            ],
            [
              77.6448293,
              12.9667361
            ],
            [
              77.6447484,
              12.9667428
            ]
          ]
        ]
      }
    },
    {
      "type": "Feature",
      "id": "BLDG-343617203",
      "properties": {
        "building_type": "yes",
        "osm_id": 343617203,
        "centroid": {
          "lat": 12.96671552,
          "lon": 77.64417114
        },
        "area_m2": 875.9676555074091,
        "levels": 2,
        "height": 6.4
      },
      "geometry": {
        "type": "Polygon",
        "coordinates": [
          [
            [
              77.6441651,
              12.9665935
            ],
            [
              77.6440561,
              12.9668481
            ],
            [
              77.6441802,
              12.9668985
            ],
            [
              77.6442892,
              12.966644
            ],
            [
              77.6441651,
              12.9665935
            ]
          ]
        ]
      }
    },
    {
      "type": "Feature",
      "id": "BLDG-343617928",
      "properties": {
        "building_type": "yes",
        "osm_id": 343617928,
        "centroid": {
          "lat": 12.967472240000001,
          "lon": 77.64502512
        },
        "area_m2": 129.63922100965004,
        "levels": 2,
        "height": 6.4
      },
      "geometry": {
        "type": "Polygon",
        "coordinates": [
          [
            [
              77.6449782,
              12.9675075
            ],
            [
              77.6450949,
              12.9675083
            ],
            [
              77.6450955,
              12.9674193
            ],
            [
              77.6449788,
              12.9674186
            ],
            [
              77.6449782,
              12.9675075
            ]
          ]
        ]
      }
    },
    {
      "type": "Feature",
      "id": "BLDG-343617929",
      "properties": {
        "building_type": "yes",
        "osm_id": 343617929,
        "centroid": {
          "lat": 12.967259780000001,
          "lon": 77.64578612
        },
        "area_m2": 986.1718543084817,
        "levels": 2,
        "height": 6.4
      },
      "geometry": {
        "type": "Polygon",
        "coordinates": [
          [
            [
              77.6456582,
              12.9671761
            ],
            [
              77.6460094,
              12.9672593
            ],
            [
              77.645978,
              12.9673853
            ],
            [
              77.6456268,
              12.9673021
            ],
            [
              77.6456582,
              12.9671761
            ]
          ]
        ]
      }
    },
    {
      "type": "Feature",
      "id": "BLDG-343617931",
      "properties": {
        "building_type": "yes",
        "osm_id": 343617931,
        "centroid": {
          "lat": 12.967082659999999,
          "lon": 77.64579606
        },
        "area_m2": 998.4785619431264,
        "levels": 2,
        "height": 6.4
      },
      "geometry": {
        "type": "Polygon",
        "coordinates": [
          [
            [
              77.6456615,
              12.9671315
            ],
            [
              77.6459599,
              12.9671909
            ],
            [
              77.6459979,
              12.9670094
            ],
            [
              77.6456995,
              12.96695
            ],
            [
              77.6456615,
              12.9671315
            ]
          ]
        ]
      }
    },
    {
      "type": "Feature",
      "id": "BLDG-343617933",
      "properties": {
        "building_type": "yes",
        "osm_id": 343617933,
        "centroid": {
          "lat": 12.967030560000001,
          "lon": 77.6460968
        },
        "area_m2": 1470.7023255155561,
        "levels": 2,
        "height": 6.4
      },
      "geometry": {
        "type": "Polygon",
        "coordinates": [
          [
            [
              77.6459914,
              12.9671837
            ],
            [
              77.6461672,
              12.9672188
            ],
            [
              77.6462549,
              12.9668008
            ],
            [
              77.6460791,
              12.9667658
            ],
            [
              77.6459914,
              12.9671837
            ]
          ]
        ]
      }
    },
    {
      "type": "Feature",
      "id": "BLDG-343619354",
      "properties": {
        "building_type": "yes",
        "osm_id": 343619354,
        "centroid": {
          "lat": 12.968008860000001,
          "lon": 77.64602028
        },
        "area_m2": 722.6044722032046,
        "levels": 2,
        "height": 6.4
      },
      "geometry": {
        "type": "Polygon",
        "coordinates": [
          [
            [
              77.6459327,
              12.9679378
            ],
            [
              77.6460043,
              12.9681605
            ],
            [
              77.6461517,
              12.9681155
            ],
            [
              77.64608,
              12.9678927
            ],
            [
              77.6459327,
              12.9679378
            ]
          ]
        ]
      }
    },
    {
      "type": "Feature",
      "id": "BLDG-343619358",
      "properties": {
        "building_type": "yes",
        "osm_id": 343619358,
        "centroid": {
          "lat": 12.96808756,
          "lon": 77.64651196
        },
        "area_m2": 305.54638442737865,
        "levels": 2,
        "height": 6.4
      },
      "geometry": {
        "type": "Polygon",
        "coordinates": [
          [
            [
              77.6464529,
              12.9680412
            ],
            [
              77.6464871,
              12.9681831
            ],
            [
              77.6466006,
              12.9681571
            ],
            [
              77.6465663,
              12.9680152
            ],
            [
              77.6464529,
              12.9680412
            ]
          ]
        ]
      }
    },
    {
      "type": "Feature",
      "id": "BLDG-343619359",
      "properties": {
        "building_type": "yes",
        "osm_id": 343619359,
        "centroid": {
          "lat": 12.967774639999998,
          "lon": 77.64592008
        },
        "area_m2": 542.8182883353023,
        "levels": 2,
        "height": 6.4
      },
      "geometry": {
        "type": "Polygon",
        "coordinates": [
          [
            [
              77.6458526,
              12.9678542
            ],
            [
              77.6460477,
              12.9678254
            ],
            [
              77.6460213,
              12.9676553
            ],
            [
              77.6458262,
              12.9676841
            ],
            [
              77.6458526,
              12.9678542
            ]
          ]
        ]
      }
    },
    {
      "type": "Feature",
      "id": "BLDG-343619360",
      "properties": {
        "building_type": "yes",
        "osm_id": 343619360,
        "centroid": {
          "lat": 12.968089420000002,
          "lon": 77.64667766
        },
        "area_m2": 370.0203292613244,
        "levels": 2,
        "height": 6.4
      },
      "geometry": {
        "type": "Polygon",
        "coordinates": [
          [
            [
              77.6466166,
              12.9680143
            ],
            [
              77.6466228,
              12.9682066
            ],
            [
              77.6467692,
              12.9682021
            ],
            [
              77.6467631,
              12.9680098
            ],
            [
              77.6466166,
              12.9680143
            ]
          ]
        ]
      }
    },
    {
      "type": "Feature",
      "id": "BLDG-343619361",
      "properties": {
        "building_type": "yes",
        "osm_id": 343619361,
        "centroid": {
          "lat": 12.96813438,
          "lon": 77.64687647999999
        },
        "area_m2": 638.5284323814823,
        "levels": 2,
        "height": 6.4
      },
      "geometry": {
        "type": "Polygon",
        "coordinates": [
          [
            [
              77.6468175,
              12.9682253
            ],
            [
              77.6470052,
              12.9681874
            ],
            [
              77.646965,
              12.967998
            ],
            [
              77.6467772,
              12.9680359
            ],
            [
              77.6468175,
              12.9682253
            ]
          ]
        ]
      }
    },
    {
      "type": "Feature",
      "id": "BLDG-343619362",
      "properties": {
        "building_type": "yes",
        "osm_id": 343619362,
        "centroid": {
          "lat": 12.9674547,
          "lon": 77.64652219999999
        },
        "area_m2": 1021.477433372058,
        "levels": 2,
        "height": 6.4
      },
      "geometry": {
        "type": "Polygon",
        "coordinates": [
          [
            [
              77.6463511,
              12.9674049
            ],
            [
              77.6463819,
              12.9675513
            ],
            [
              77.6464369,
              12.9675403
            ],
            [
              77.6466123,
              12.9675053
            ],
            [
              77.6466031,
              12.9674616
            ],
            [
              77.6467314,
              12.967436
            ],
            [
              77.6467098,
              12.9673333
            ],
            [
              77.6463511,
              12.9674049
            ]
          ]
        ]
      }
    },
    {
      "type": "Feature",
      "id": "BLDG-343619363",
      "properties": {
        "building_type": "yes",
        "osm_id": 343619363,
        "centroid": {
          "lat": 12.967131214285715,
          "lon": 77.64674582857143
        },
        "area_m2": 1002.3305993805769,
        "levels": 2,
        "height": 6.4
      },
      "geometry": {
        "type": "Polygon",
        "coordinates": [
          [
            [
              77.6466082,
              12.9672512
            ],
            [
              77.6469039,
              12.9671386
            ],
            [
              77.6468743,
              12.9670647
            ],
            [
              77.6468469,
              12.9670752
            ],
            [
              77.6468238,
              12.9670177
            ],
            [
              77.6465555,
              12.9671199
            ],
            [
              77.6466082,
              12.9672512
            ]
          ]
        ]
      }
    },
    {
      "type": "Feature",
      "id": "BLDG-343619364",
      "properties": {
        "building_type": "yes",
        "osm_id": 343619364,
        "centroid": {
          "lat": 12.967252414285714,
          "lon": 77.64641098571428
        },
        "area_m2": 427.8762954180008,
        "levels": 2,
        "height": 6.4
      },
      "geometry": {
        "type": "Polygon",
        "coordinates": [
          [
            [
              77.6463717,
              12.9673418
            ],
            [
              77.6465146,
              12.9672861
            ],
            [
              77.6464569,
              12.9671456
            ],
            [
              77.6464004,
              12.9671677
            ],
            [
              77.646424,
              12.9672251
            ],
            [
              77.6463376,
              12.9672588
            ],
            [
              77.6463717,
              12.9673418
            ]
          ]
        ]
      }
    },
    {
      "type": "Feature",
      "id": "BLDG-343619365",
      "properties": {
        "building_type": "yes",
        "osm_id": 343619365,
        "centroid": {
          "lat": 12.967005228571427,
          "lon": 77.6465259142857
        },
        "area_m2": 446.85901369411164,
        "levels": 2,
        "height": 6.4
      },
      "geometry": {
        "type": "Polygon",
        "coordinates": [
          [
            [
              77.6464616,
              12.9669255
            ],
            [
              77.646452,
              12.9670307
            ],
            [
              77.6464949,
              12.9671349
            ],
            [
              77.6466252,
              12.9670838
            ],
            [
              77.6465902,
              12.966999
            ],
            [
              77.6465959,
              12.9669372
            ],
            [
              77.6464616,
              12.9669255
            ]
          ]
        ]
      }
    },
    {
      "type": "Feature",
      "id": "BLDG-343619366",
      "properties": {
        "building_type": "yes",
        "osm_id": 343619366,
        "centroid": {
          "lat": 12.966885471428572,
          "lon": 77.64676714285714
        },
        "area_m2": 716.5400759852477,
        "levels": 2,
        "height": 6.4
      },
      "geometry": {
        "type": "Polygon",
        "coordinates": [
          [
            [
              77.6468822,
              12.9668349
            ],
            [
              77.646552,
              12.9667948
            ],
            [
              77.646535,
              12.9669275
            ],
            [
              77.6468212,
              12.9669623
            ],
            [
              77.6468267,
              12.9669193
            ],
            [
              77.6468707,
              12.9669246
            ],
            [
              77.6468822,
              12.9668349
            ]
          ]
        ]
      }
    },
    {
      "type": "Feature",
      "id": "BLDG-343628915",
      "properties": {
        "building_type": "yes",
        "osm_id": 343628915,
        "centroid": {
          "lat": 12.9678191,
          "lon": 77.64496788
        },
        "area_m2": 85.07465685251492,
        "levels": 2,
        "height": 6.4
      },
      "geometry": {
        "type": "Polygon",
        "coordinates": [
          [
            [
              77.6449401,
              12.9678585
            ],
            [
              77.6450099,
              12.9678582
            ],
            [
              77.6450095,
              12.96776
            ],
            [
              77.6449398,
              12.9677603
            ],
            [
              77.6449401,
              12.9678585
            ]
          ]
        ]
      }
    },
    {
      "type": "Feature",
      "id": "BLDG-343628917",
      "properties": {
        "building_type": "yes",
        "osm_id": 343628917,
        "centroid": {
          "lat": 12.967697240000001,
          "lon": 77.6449726
        },
        "area_m2": 101.58898598301744,
        "levels": 2,
        "height": 6.4
      },
      "geometry": {
        "type": "Polygon",
        "coordinates": [
          [
            [
              77.6449395,
              12.9676637
            ],
            [
              77.6449502,
              12.9677555
            ],
            [
              77.6450222,
              12.9677475
            ],
            [
              77.6450116,
              12.9676558
            ],
            [
              77.6449395,
              12.9676637
            ]
          ]
        ]
      }
    },
    {
      "type": "Feature",
      "id": "BLDG-343628919",
      "properties": {
        "building_type": "yes",
        "osm_id": 343628919,
        "centroid": {
          "lat": 12.967827980000001,
          "lon": 77.6453925
        },
        "area_m2": 99.15546527073658,
        "levels": 2,
        "height": 6.4
      },
      "geometry": {
        "type": "Polygon",
        "coordinates": [
          [
            [
              77.6453605,
              12.9678678
            ],
            [
              77.6454409,
              12.9678675
            ],
            [
              77.6454405,
              12.9677682
            ],
            [
              77.6453601,
              12.9677686
            ],
            [
              77.6453605,
              12.9678678
            ]
          ]
        ]
      }
    },
    {
      "type": "Feature",
      "id": "BLDG-343628921",
      "properties": {
        "building_type": "yes",
        "osm_id": 343628921,
        "centroid": {
          "lat": 12.967807959999998,
          "lon": 77.64505924
        },
        "area_m2": 135.32536251386165,
        "levels": 2,
        "height": 6.4
      },
      "geometry": {
        "type": "Polygon",
        "coordinates": [
          [
            [
              77.6450248,
              12.9678584
            ],
            [
              77.6451114,
              12.9678581
            ],
            [
              77.6451109,
              12.9677323
            ],
            [
              77.6450243,
              12.9677326
            ],
            [
              77.6450248,
              12.9678584
            ]
          ]
        ]
      }
    },
    {
      "type": "Feature",
      "id": "BLDG-343628923",
      "properties": {
        "building_type": "yes",
        "osm_id": 343628923,
        "centroid": {
          "lat": 12.9677975,
          "lon": 77.64522694
        },
        "area_m2": 132.6509662465879,
        "levels": 2,
        "height": 6.4
      },
      "geometry": {
        "type": "Polygon",
        "coordinates": [
          [
            [
              77.6451961,
              12.9678525
            ],
            [
              77.6452738,
              12.9678522
            ],
            [
              77.6452732,
              12.967715
            ],
            [
              77.6451955,
              12.9677153
            ],
            [
              77.6451961,
              12.9678525
            ]
          ]
        ]
      }
    },
    {
      "type": "Feature",
      "id": "BLDG-343628925",
      "properties": {
        "building_type": "yes",
        "osm_id": 343628925,
        "centroid": {
          "lat": 12.96772142,
          "lon": 77.64548244
        },
        "area_m2": 105.75681066008121,
        "levels": 2,
        "height": 6.4
      },
      "geometry": {
        "type": "Polygon",
        "coordinates": [
          [
            [
              77.6454457,
              12.9677583
            ],
            [
              77.6455369,
              12.9677589
            ],
            [
              77.6455376,
              12.9676661
            ],
            [
              77.6454463,
              12.9676655
            ],
            [
              77.6454457,
              12.9677583
            ]
          ]
        ]
      }
    },
    {
      "type": "Feature",
      "id": "BLDG-343628927",
      "properties": {
        "building_type": "yes",
        "osm_id": 343628927,
        "centroid": {
          "lat": 12.96804392,
          "lon": 77.64547364
        },
        "area_m2": 53.63232732130017,
        "levels": 2,
        "height": 6.4
      },
      "geometry": {
        "type": "Polygon",
        "coordinates": [
          [
            [
              77.6454432,
              12.9680652
            ],
            [
              77.6455178,
              12.9680672
            ],
            [
              77.6455193,
              12.968012
            ],
            [
              77.6454447,
              12.96801
            ],
            [
              77.6454432,
              12.9680652
            ]
          ]
        ]
      }
    },
    {
      "type": "Feature",
      "id": "BLDG-343628929",
      "properties": {
        "building_type": "yes",
        "osm_id": 343628929,
        "centroid": {
          "lat": 12.968123600000002,
          "lon": 77.64504626
        },
        "area_m2": 70.69296959717578,
        "levels": 2,
        "height": 6.4
      },
      "geometry": {
        "type": "Polygon",
        "coordinates": [
          [
            [
              77.6450181,
              12.9681551
            ],
            [
              77.6450868,
              12.9681565
            ],
            [
              77.6450885,
              12.9680763
            ],
            [
              77.6450198,
              12.968075
            ],
            [
              77.6450181,
              12.9681551
            ]
          ]
        ]
      }
    },
    {
      "type": "Feature",
      "id": "BLDG-343628931",
      "properties": {
        "building_type": "yes",
        "osm_id": 343628931,
        "centroid": {
          "lat": 12.96803322,
          "lon": 77.64521846
        },
        "area_m2": 77.57597303180563,
        "levels": 2,
        "height": 6.4
      },
      "geometry": {
        "type": "Polygon",
        "coordinates": [
          [
            [
              77.6451847,
              12.9680613
            ],
            [
              77.6452671,
              12.9680635
            ],
            [
              77.6452691,
              12.9679911
            ],
            [
              77.6451867,
              12.9679889
            ],
            [
              77.6451847,
              12.9680613
            ]
          ]
        ]
      }
    },
    {
      "type": "Feature",
      "id": "BLDG-343628933",
      "properties": {
        "building_type": "yes",
        "osm_id": 343628933,
        "centroid": {
          "lat": 12.968028319999998,
          "lon": 77.64512959999999
        },
        "area_m2": 69.03271485272496,
        "levels": 2,
        "height": 6.4
      },
      "geometry": {
        "type": "Polygon",
        "coordinates": [
          [
            [
              77.6450962,
              12.9680538
            ],
            [
              77.6451783,
              12.9680555
            ],
            [
              77.6451797,
              12.9679901
            ],
            [
              77.6450976,
              12.9679884
            ],
            [
              77.6450962,
              12.9680538
            ]
          ]
        ]
      }
    },
    {
      "type": "Feature",
      "id": "BLDG-343628935",
      "properties": {
        "building_type": "yes",
        "osm_id": 343628935,
        "centroid": {
          "lat": 12.96803152,
          "lon": 77.64530492
        },
        "area_m2": 61.75470015240187,
        "levels": 2,
        "height": 6.4
      },
      "geometry": {
        "type": "Polygon",
        "coordinates": [
          [
            [
              77.6452769,
              12.9680587
            ],
            [
              77.645345,
              12.9680605
            ],
            [
              77.645347,
              12.9679907
            ],
            [
              77.6452788,
              12.967989
            ],
            [
              77.6452769,
              12.9680587
            ]
          ]
        ]
      }
    },
    {
      "type": "Feature",
      "id": "BLDG-343628937",
      "properties": {
        "building_type": "yes",
        "osm_id": 343628937,
        "centroid": {
          "lat": 12.968021479999999,
          "lon": 77.64539042
        },
        "area_m2": 90.72321930101567,
        "levels": 2,
        "height": 6.4
      },
      "geometry": {
        "type": "Polygon",
        "coordinates": [
          [
            [
              77.645359,
              12.9680574
            ],
            [
              77.645435,
              12.9680594
            ],
            [
              77.6454375,
              12.9679676
            ],
            [
              77.6453616,
              12.9679656
            ],
            [
              77.645359,
              12.9680574
            ]
          ]
        ]
      }
    },
    {
      "type": "Feature",
      "id": "BLDG-343628940",
      "properties": {
        "building_type": "yes",
        "osm_id": 343628940,
        "centroid": {
          "lat": 12.968136939999999,
          "lon": 77.64546414
        },
        "area_m2": 99.79812865094195,
        "levels": 2,
        "height": 6.4
      },
      "geometry": {
        "type": "Polygon",
        "coordinates": [
          [
            [
              77.6454325,
              12.9681767
            ],
            [
              77.6455095,
              12.9681782
            ],
            [
              77.6455116,
              12.9680773
            ],
            [
              77.6454346,
              12.9680758
            ],
            [
              77.6454325,
              12.9681767
            ]
          ]
        ]
      }
    },
    {
      "type": "Feature",
      "id": "BLDG-343628942",
      "properties": {
        "building_type": "yes",
        "osm_id": 343628942,
        "centroid": {
          "lat": 12.96812454,
          "lon": 77.64521902
        },
        "area_m2": 91.99228228849901,
        "levels": 2,
        "height": 6.4
      },
      "geometry": {
        "type": "Polygon",
        "coordinates": [
          [
            [
              77.6451887,
              12.9681628
            ],
            [
              77.6452624,
              12.9681642
            ],
            [
              77.6452645,
              12.9680672
            ],
            [
              77.6451908,
              12.9680657
            ],
            [
              77.6451887,
              12.9681628
            ]
          ]
        ]
      }
    },
    {
      "type": "Feature",
      "id": "BLDG-343628944",
      "properties": {
        "building_type": "yes",
        "osm_id": 343628944,
        "centroid": {
          "lat": 12.96812046,
          "lon": 77.6453029
        },
        "area_m2": 80.9600588976954,
        "levels": 2,
        "height": 6.4
      },
      "geometry": {
        "type": "Polygon",
        "coordinates": [
          [
            [
              77.6452735,
              12.9681551
            ],
            [
              77.6453451,
              12.9681565
            ],
            [
              77.645347,
              12.9680685
            ],
            [
              77.6452754,
              12.9680671
            ],
            [
              77.6452735,
              12.9681551
            ]
          ]
        ]
      }
    },
    {
      "type": "Feature",
      "id": "BLDG-343628947",
      "properties": {
        "building_type": "yes",
        "osm_id": 343628947,
        "centroid": {
          "lat": 12.9680164,
          "lon": 77.64505172
        },
        "area_m2": 79.64343684297228,
        "levels": 2,
        "height": 6.4
      },
      "geometry": {
        "type": "Polygon",
        "coordinates": [
          [
            [
              77.6450234,
              12.9680518
            ],
            [
              77.6450923,
              12.9680532
            ],
            [
              77.6450942,
              12.9679633
            ],
            [
              77.6450253,
              12.9679619
            ],
            [
              77.6450234,
              12.9680518
            ]
          ]
        ]
      }
    },
    {
      "type": "Feature",
      "id": "BLDG-343628949",
      "properties": {
        "building_type": "yes",
        "osm_id": 343628949,
        "centroid": {
          "lat": 12.96806356,
          "lon": 77.64495832
        },
        "area_m2": 167.73513696619298,
        "levels": 2,
        "height": 6.4
      },
      "geometry": {
        "type": "Polygon",
        "coordinates": [
          [
            [
              77.6449212,
              12.9681208
            ],
            [
              77.645011,
              12.9681226
            ],
            [
              77.645014,
              12.9679777
            ],
            [
              77.6449242,
              12.9679759
            ],
            [
              77.6449212,
              12.9681208
            ]
          ]
        ]
      }
    },
    {
      "type": "Feature",
      "id": "BLDG-343628952",
      "properties": {
        "building_type": "yes",
        "osm_id": 343628952,
        "centroid": {
          "lat": 12.96813318888889,
          "lon": 77.64438797777777
        },
        "area_m2": 1154.744819262066,
        "levels": 2,
        "height": 6.4
      },
      "geometry": {
        "type": "Polygon",
        "coordinates": [
          [
            [
              77.6444167,
              12.9680852
            ],
            [
              77.6443865,
              12.9679879
            ],
            [
              77.644324,
              12.9680063
            ],
            [
              77.6443542,
              12.9681035
            ],
            [
              77.6442806,
              12.9681251
            ],
            [
              77.6443613,
              12.9683857
            ],
            [
              77.6445162,
              12.9683402
            ],
            [
              77.6444356,
              12.9680796
            ],
            [
              77.6444167,
              12.9680852
            ]
          ]
        ]
      }
    },
    {
      "type": "Feature",
      "id": "BLDG-343628958",
      "properties": {
        "building_type": "yes",
        "osm_id": 343628958,
        "centroid": {
          "lat": 12.96817022,
          "lon": 77.64452318
        },
        "area_m2": 402.4597973646034,
        "levels": 2,
        "height": 6.4
      },
      "geometry": {
        "type": "Polygon",
        "coordinates": [
          [
            [
              77.6444633,
              12.9681047
            ],
            [
              77.6445261,
              12.9682957
            ],
            [
              77.644613,
              12.9682685
            ],
            [
              77.6445502,
              12.9680775
            ],
            [
              77.6444633,
              12.9681047
            ]
          ]
        ]
      }
    },
    {
      "type": "Feature",
      "id": "BLDG-343628960",
      "properties": {
        "building_type": "yes",
        "osm_id": 343628960,
        "centroid": {
          "lat": 12.9677342,
          "lon": 77.64443808
        },
        "area_m2": 113.60910716483123,
        "levels": 2,
        "height": 6.4
      },
      "geometry": {
        "type": "Polygon",
        "coordinates": [
          [
            [
              77.6443981,
              12.9677692
            ],
            [
              77.6444958,
              12.9677716
            ],
            [
              77.644498,
              12.9676817
            ],
            [
              77.6444004,
              12.9676793
            ],
            [
              77.6443981,
              12.9677692
            ]
          ]
        ]
      }
    },
    {
      "type": "Feature",
      "id": "BLDG-343628962",
      "properties": {
        "building_type": "yes",
        "osm_id": 343628962,
        "centroid": {
          "lat": 12.96769122,
          "lon": 77.64398548
        },
        "area_m2": 176.01410969072944,
        "levels": 2,
        "height": 6.4
      },
      "geometry": {
        "type": "Polygon",
        "coordinates": [
          [
            [
              77.6439455,
              12.9677464
            ],
            [
              77.6440415,
              12.9677489
            ],
            [
              77.6440454,
              12.9676085
            ],
            [
              77.6439495,
              12.9676059
            ],
            [
              77.6439455,
              12.9677464
            ]
          ]
        ]
      }
    },
    {
      "type": "Feature",
      "id": "BLDG-343628964",
      "properties": {
        "building_type": "yes",
        "osm_id": 343628964,
        "centroid": {
          "lat": 12.9678305,
          "lon": 77.64419696
        },
        "area_m2": 88.3011571176369,
        "levels": 2,
        "height": 6.4
      },
      "geometry": {
        "type": "Polygon",
        "coordinates": [
          [
            [
              77.6441688,
              12.9678705
            ],
            [
              77.6442378,
              12.9678714
            ],
            [
              77.6442392,
              12.9677705
            ],
            [
              77.6441702,
              12.9677696
            ],
            [
              77.6441688,
              12.9678705
            ]
          ]
        ]
      }
    },
    {
      "type": "Feature",
      "id": "BLDG-343628967",
      "properties": {
        "building_type": "yes",
        "osm_id": 343628967,
        "centroid": {
          "lat": 12.967850780000001,
          "lon": 77.64470352
        },
        "area_m2": 105.21924543306092,
        "levels": 2,
        "height": 6.4
      },
      "geometry": {
        "type": "Polygon",
        "coordinates": [
          [
            [
              77.6446711,
              12.9678921
            ],
            [
              77.6447507,
              12.9678931
            ],
            [
              77.6447522,
              12.9677888
            ],
            [
              77.6446725,
              12.9677878
            ],
            [
              77.6446711,
              12.9678921
            ]
          ]
        ]
      }
    },
    {
      "type": "Feature",
      "id": "BLDG-343628971",
      "properties": {
        "building_type": "yes",
        "osm_id": 343628971,
        "centroid": {
          "lat": 12.968209400000001,
          "lon": 77.6441232
        },
        "area_m2": 661.0672376609218,
        "levels": 2,
        "height": 6.4
      },
      "geometry": {
        "type": "Polygon",
        "coordinates": [
          [
            [
              77.6441053,
              12.9683352
            ],
            [
              77.644213,
              12.9683132
            ],
            [
              77.64415,
              12.9680207
            ],
            [
              77.6440424,
              12.9680427
            ],
            [
              77.6441053,
              12.9683352
            ]
          ]
        ]
      }
    },
    {
      "type": "Feature",
      "id": "BLDG-343628975",
      "properties": {
        "building_type": "yes",
        "osm_id": 343628975,
        "centroid": {
          "lat": 12.96770948,
          "lon": 77.6442088
        },
        "area_m2": 190.14999301120116,
        "levels": 2,
        "height": 6.4
      },
      "geometry": {
        "type": "Polygon",
        "coordinates": [
          [
            [
              77.6441648,
              12.9677633
            ],
            [
              77.6442709,
              12.9677662
            ],
            [
              77.6442748,
              12.9676287
            ],
            [
              77.6441687,
              12.9676259
            ],
            [
              77.6441648,
              12.9677633
            ]
          ]
        ]
      }
    },
    {
      "type": "Feature",
      "id": "BLDG-343628981",
      "properties": {
        "building_type": "yes",
        "osm_id": 343628981,
        "centroid": {
          "lat": 12.967682700000001,
          "lon": 77.64345660000001
        },
        "area_m2": 200.5070256022997,
        "levels": 2,
        "height": 6.4
      },
      "geometry": {
        "type": "Polygon",
        "coordinates": [
          [
            [
              77.6434118,
              12.9677385
            ],
            [
              77.6435198,
              12.9677414
            ],
            [
              77.6435238,
              12.967599
            ],
            [
              77.6434158,
              12.9675961
            ],
            [
              77.6434118,
              12.9677385
            ]
          ]
        ]
      }
    },
    {
      "type": "Feature",
      "id": "BLDG-343628983",
      "properties": {
        "building_type": "yes",
        "osm_id": 343628983,
        "centroid": {
          "lat": 12.96770152,
          "lon": 77.64365796
        },
        "area_m2": 93.98360232250845,
        "levels": 2,
        "height": 6.4
      },
      "geometry": {
        "type": "Polygon",
        "coordinates": [
          [
            [
              77.6436236,
              12.9677352
            ],
            [
              77.643707,
              12.9677375
            ],
            [
              77.6437095,
              12.967651
            ],
            [
              77.6436261,
              12.9676487
            ],
            [
              77.6436236,
              12.9677352
            ]
          ]
        ]
      }
    },
    {
      "type": "Feature",
      "id": "BLDG-343630580",
      "properties": {
        "building_type": "yes",
        "osm_id": 343630580,
        "centroid": {
          "lat": 12.96838588,
          "lon": 77.64243194000001
        },
        "area_m2": 535.0150293983412,
        "levels": 2,
        "height": 6.4
      },
      "geometry": {
        "type": "Polygon",
        "coordinates": [
          [
            [
              77.6423621,
              12.9684809
            ],
            [
              77.6425282,
              12.9684865
            ],
            [
              77.6425367,
              12.9682433
            ],
            [
              77.6423706,
              12.9682378
            ],
            [
              77.6423621,
              12.9684809
            ]
          ]
        ]
      }
    },
    {
      "type": "Feature",
      "id": "BLDG-343632491",
      "properties": {
        "building_type": "detached",
        "osm_id": 343632491,
        "centroid": {
          "lat": 12.968802779999999,
          "lon": 77.64337134
        },
        "area_m2": 214.00850060130577,
        "levels": 3,
        "height": 9.600000000000001
      },
      "geometry": {
        "type": "Polygon",
        "coordinates": [
          [
            [
              77.6433221,
              12.9688562
            ],
            [
              77.6434405,
              12.96886
            ],
            [
              77.6434452,
              12.9687226
            ],
            [
              77.6433268,
              12.9687189
            ],
            [
              77.6433221,
              12.9688562
            ]
          ]
        ]
      }
    },
    {
      "type": "Feature",
      "id": "BLDG-343632494",
      "properties": {
        "building_type": "yes",
        "osm_id": 343632494,
        "centroid": {
          "lat": 12.968795879999998,
          "lon": 77.64322644
        },
        "area_m2": 214.66003508621407,
        "levels": 2,
        "height": 6.4
      },
      "geometry": {
        "type": "Polygon",
        "coordinates": [
          [
            [
              77.6431771,
              12.9688492
            ],
            [
              77.6432955,
              12.9688532
            ],
            [
              77.6433004,
              12.9687159
            ],
            [
              77.6431821,
              12.9687119
            ],
            [
              77.6431771,
              12.9688492
            ]
          ]
        ]
      }
    },
    {
      "type": "Feature",
      "id": "BLDG-343632496",
      "properties": {
        "building_type": "yes",
        "osm_id": 343632496,
        "centroid": {
          "lat": 12.9687828,
          "lon": 77.6430964
        },
        "area_m2": 213.83465130432057,
        "levels": 2,
        "height": 6.4
      },
      "geometry": {
        "type": "Polygon",
        "coordinates": [
          [
            [
              77.6430472,
              12.9688362
            ],
            [
              77.6431655,
              12.96884
            ],
            [
              77.6431702,
              12.9687027
            ],
            [
              77.6430519,
              12.9686989
            ],
            [
              77.6430472,
              12.9688362
            ]
          ]
        ]
      }
    },
    {
      "type": "Feature",
      "id": "BLDG-343632498",
      "properties": {
        "building_type": "yes",
        "osm_id": 343632498,
        "centroid": {
          "lat": 12.96878304,
          "lon": 77.6429639
        },
        "area_m2": 205.8798440798054,
        "levels": 2,
        "height": 6.4
      },
      "geometry": {
        "type": "Polygon",
        "coordinates": [
          [
            [
              77.6429158,
              12.9688374
            ],
            [
              77.6430341,
              12.9688389
            ],
            [
              77.6430361,
              12.9687015
            ],
            [
              77.6429177,
              12.9687
            ],
            [
              77.6429158,
              12.9688374
            ]
          ]
        ]
      }
    },
    {
      "type": "Feature",
      "id": "BLDG-343632503",
      "properties": {
        "building_type": "yes",
        "osm_id": 343632503,
        "centroid": {
          "lat": 12.9687758,
          "lon": 77.64245020000001
        },
        "area_m2": 207.82323538804394,
        "levels": 2,
        "height": 6.4
      },
      "geometry": {
        "type": "Polygon",
        "coordinates": [
          [
            [
              77.6424018,
              12.9688299
            ],
            [
              77.6425202,
              12.968832
            ],
            [
              77.6425228,
              12.9686946
            ],
            [
              77.6424044,
              12.9686926
            ],
            [
              77.6424018,
              12.9688299
            ]
          ]
        ]
      }
    },
    {
      "type": "Feature",
      "id": "BLDG-343632504",
      "properties": {
        "building_type": "yes",
        "osm_id": 343632504,
        "centroid": {
          "lat": 12.96877244,
          "lon": 77.64231532
        },
        "area_m2": 211.0439447824659,
        "levels": 2,
        "height": 6.4
      },
      "geometry": {
        "type": "Polygon",
        "coordinates": [
          [
            [
              77.6422665,
              12.9688262
            ],
            [
              77.6423849,
              12.9688292
            ],
            [
              77.6423885,
              12.9686918
            ],
            [
              77.6422702,
              12.9686888
            ],
            [
              77.6422665,
              12.9688262
            ]
          ]
        ]
      }
    },
    {
      "type": "Feature",
      "id": "BLDG-343632506",
      "properties": {
        "building_type": "yes",
        "osm_id": 343632506,
        "centroid": {
          "lat": 12.968920220000001,
          "lon": 77.64216858
        },
        "area_m2": 206.34767244047706,
        "levels": 2,
        "height": 6.4
      },
      "geometry": {
        "type": "Polygon",
        "coordinates": [
          [
            [
              77.6421204,
              12.9689745
            ],
            [
              77.6422389,
              12.9689762
            ],
            [
              77.6422408,
              12.9688388
            ],
            [
              77.6421224,
              12.9688371
            ],
            [
              77.6421204,
              12.9689745
            ]
          ]
        ]
      }
    },
    {
      "type": "Feature",
      "id": "BLDG-343632508",
      "properties": {
        "building_type": "yes",
        "osm_id": 343632508,
        "centroid": {
          "lat": 12.968933240000002,
          "lon": 77.64230596
        },
        "area_m2": 209.60288064085742,
        "levels": 2,
        "height": 6.4
      },
      "geometry": {
        "type": "Polygon",
        "coordinates": [
          [
            [
              77.6422573,
              12.9689872
            ],
            [
              77.6423758,
              12.9689897
            ],
            [
              77.6423789,
              12.9688523
            ],
            [
              77.6422605,
              12.9688498
            ],
            [
              77.6422573,
              12.9689872
            ]
          ]
        ]
      }
    },
    {
      "type": "Feature",
      "id": "BLDG-343632510",
      "properties": {
        "building_type": "yes",
        "osm_id": 343632510,
        "centroid": {
          "lat": 12.968943,
          "lon": 77.64243406
        },
        "area_m2": 210.0751445833179,
        "levels": 2,
        "height": 6.4
      },
      "geometry": {
        "type": "Polygon",
        "coordinates": [
          [
            [
              77.6423854,
              12.9689968
            ],
            [
              77.6425037,
              12.9689996
            ],
            [
              77.6425071,
              12.9688623
            ],
            [
              77.6423887,
              12.9688595
            ],
            [
              77.6423854,
              12.9689968
            ]
          ]
        ]
      }
    },
    {
      "type": "Feature",
      "id": "BLDG-343632511",
      "properties": {
        "building_type": "yes",
        "osm_id": 343632511,
        "centroid": {
          "lat": 12.9689473,
          "lon": 77.6426845
        },
        "area_m2": 219.7758374941978,
        "levels": 2,
        "height": 6.4
      },
      "geometry": {
        "type": "Polygon",
        "coordinates": [
          [
            [
              77.6426345,
              12.969
            ],
            [
              77.6427528,
              12.9690055
            ],
            [
              77.6427595,
              12.9688682
            ],
            [
              77.6426412,
              12.9688628
            ],
            [
              77.6426345,
              12.969
            ]
          ]
        ]
      }
    },
    {
      "type": "Feature",
      "id": "BLDG-343632513",
      "properties": {
        "building_type": "yes",
        "osm_id": 343632513,
        "centroid": {
          "lat": 12.96891666,
          "lon": 77.64281936
        },
        "area_m2": 121.21547652871179,
        "levels": 2,
        "height": 6.4
      },
      "geometry": {
        "type": "Polygon",
        "coordinates": [
          [
            [
              77.6427724,
              12.9689481
            ],
            [
              77.6428879,
              12.9689507
            ],
            [
              77.6428898,
              12.9688695
            ],
            [
              77.6427743,
              12.9688669
            ],
            [
              77.6427724,
              12.9689481
            ]
          ]
        ]
      }
    },
    {
      "type": "Feature",
      "id": "BLDG-343632515",
      "properties": {
        "building_type": "yes",
        "osm_id": 343632515,
        "centroid": {
          "lat": 12.968948800000001,
          "lon": 77.64308100000001
        },
        "area_m2": 213.68310300523902,
        "levels": 2,
        "height": 6.4
      },
      "geometry": {
        "type": "Polygon",
        "coordinates": [
          [
            [
              77.6430318,
              12.9690023
            ],
            [
              77.6431502,
              12.9690059
            ],
            [
              77.6431548,
              12.9688686
            ],
            [
              77.6430364,
              12.9688649
            ],
            [
              77.6430318,
              12.9690023
            ]
          ]
        ]
      }
    },
    {
      "type": "Feature",
      "id": "BLDG-343632516",
      "properties": {
        "building_type": "yes",
        "osm_id": 343632516,
        "centroid": {
          "lat": 12.96893944,
          "lon": 77.64320838
        },
        "area_m2": 148.07229949510312,
        "levels": 2,
        "height": 6.4
      },
      "geometry": {
        "type": "Polygon",
        "coordinates": [
          [
            [
              77.6431605,
              12.9689752
            ],
            [
              77.6432754,
              12.9689807
            ],
            [
              77.6432802,
              12.9688858
            ],
            [
              77.6431653,
              12.9688803
            ],
            [
              77.6431605,
              12.9689752
            ]
          ]
        ]
      }
    },
    {
      "type": "Feature",
      "id": "BLDG-343632872",
      "properties": {
        "building_type": "apartments",
        "osm_id": 343632872,
        "centroid": {
          "lat": 12.97179252,
          "lon": 77.64201788
        },
        "area_m2": 180.5746046502866,
        "levels": 1,
        "height": 3.2
      },
      "geometry": {
        "type": "Polygon",
        "coordinates": [
          [
            [
              77.6419536,
              12.9718226
            ],
            [
              77.6421098,
              12.9718306
            ],
            [
              77.6421143,
              12.9717474
            ],
            [
              77.6419581,
              12.9717394
            ],
            [
              77.6419536,
              12.9718226
            ]
          ]
        ]
      }
    },
    {
      "type": "Feature",
      "id": "BLDG-343632873",
      "properties": {
        "building_type": "yes",
        "osm_id": 343632873,
        "centroid": {
          "lat": 12.971775680000002,
          "lon": 77.6424729
        },
        "area_m2": 217.0962664225132,
        "levels": 2,
        "height": 6.4
      },
      "geometry": {
        "type": "Polygon",
        "coordinates": [
          [
            [
              77.6424082,
              12.9718157
            ],
            [
              77.6425669,
              12.9718201
            ],
            [
              77.64257,
              12.9717157
            ],
            [
              77.6424112,
              12.9717112
            ],
            [
              77.6424082,
              12.9718157
            ]
          ]
        ]
      }
    },
    {
      "type": "Feature",
      "id": "BLDG-343632874",
      "properties": {
        "building_type": "apartments",
        "osm_id": 343632874,
        "centroid": {
          "lat": 12.971686120000001,
          "lon": 77.64202778
        },
        "area_m2": 180.57460463431823,
        "levels": 3,
        "height": 9.600000000000001
      },
      "geometry": {
        "type": "Polygon",
        "coordinates": [
          [
            [
              77.6419635,
              12.9717162
            ],
            [
              77.6421197,
              12.9717242
            ],
            [
              77.6421242,
              12.971641
            ],
            [
              77.641968,
              12.971633
            ],
            [
              77.6419635,
              12.9717162
            ]
          ]
        ]
      }
    },
    {
      "type": "Feature",
      "id": "BLDG-343632875",
      "properties": {
        "building_type": "school",
        "osm_id": 343632875,
        "centroid": {
          "lat": 12.97156852,
          "lon": 77.64203586
        },
        "area_m2": 180.46223712098933,
        "levels": 3,
        "height": 9.600000000000001
      },
      "geometry": {
        "type": "Polygon",
        "coordinates": [
          [
            [
              77.6419716,
              12.9715986
            ],
            [
              77.6421278,
              12.9716066
            ],
            [
              77.6421322,
              12.9715234
            ],
            [
              77.6419761,
              12.9715154
            ],
            [
              77.6419716,
              12.9715986
            ]
          ]
        ]
      }
    },
    {
      "type": "Feature",
      "id": "BLDG-343632876",
      "properties": {
        "building_type": "apartments",
        "osm_id": 343632876,
        "centroid": {
          "lat": 12.971359419999999,
          "lon": 77.64206268000001
        },
        "area_m2": 180.57460463431823,
        "levels": 3,
        "height": 9.600000000000001
      },
      "geometry": {
        "type": "Polygon",
        "coordinates": [
          [
            [
              77.6419984,
              12.9713895
            ],
            [
              77.6421546,
              12.9713975
            ],
            [
              77.6421591,
              12.9713143
            ],
            [
              77.6420029,
              12.9713063
            ],
            [
              77.6419984,
              12.9713895
            ]
          ]
        ]
      }
    },
    {
      "type": "Feature",
      "id": "BLDG-343632877",
      "properties": {
        "building_type": "apartments",
        "osm_id": 343632877,
        "centroid": {
          "lat": 12.971126759999999,
          "lon": 77.64207071999999
        },
        "area_m2": 180.26436186219073,
        "levels": 3,
        "height": 9.600000000000001
      },
      "geometry": {
        "type": "Polygon",
        "coordinates": [
          [
            [
              77.6420065,
              12.9711568
            ],
            [
              77.6421626,
              12.9711648
            ],
            [
              77.6421671,
              12.9710817
            ],
            [
              77.6420109,
              12.9710737
            ],
            [
              77.6420065,
              12.9711568
            ]
          ]
        ]
      }
    },
    {
      "type": "Feature",
      "id": "BLDG-343632878",
      "properties": {
        "building_type": "apartments",
        "osm_id": 343632878,
        "centroid": {
          "lat": 12.97126006,
          "lon": 77.64204926
        },
        "area_m2": 180.26436186219073,
        "levels": 3,
        "height": 9.600000000000001
      },
      "geometry": {
        "type": "Polygon",
        "coordinates": [
          [
            [
              77.641985,
              12.9712901
            ],
            [
              77.6421412,
              12.9712981
            ],
            [
              77.6421456,
              12.971215
            ],
            [
              77.6419895,
              12.971207
            ],
            [
              77.641985,
              12.9712901
            ]
          ]
        ]
      }
    },
    {
      "type": "Feature",
      "id": "BLDG-343632879",
      "properties": {
        "building_type": "apartments",
        "osm_id": 343632879,
        "centroid": {
          "lat": 12.97100912,
          "lon": 77.64206804
        },
        "area_m2": 180.46223712098933,
        "levels": 3,
        "height": 9.600000000000001
      },
      "geometry": {
        "type": "Polygon",
        "coordinates": [
          [
            [
              77.6420038,
              12.9710392
            ],
            [
              77.6421599,
              12.9710472
            ],
            [
              77.6421644,
              12.970964
            ],
            [
              77.6420083,
              12.970956
            ],
            [
              77.6420038,
              12.9710392
            ]
          ]
        ]
      }
    },
    {
      "type": "Feature",
      "id": "BLDG-343632880",
      "properties": {
        "building_type": "yes",
        "osm_id": 343632880,
        "centroid": {
          "lat": 12.97091242,
          "lon": 77.64207071999999
        },
        "area_m2": 180.46223712098933,
        "levels": 2,
        "height": 6.4
      },
      "geometry": {
        "type": "Polygon",
        "coordinates": [
          [
            [
              77.6420065,
              12.9709425
            ],
            [
              77.6421626,
              12.9709505
            ],
            [
              77.6421671,
              12.9708673
            ],
            [
              77.6420109,
              12.9708593
            ],
            [
              77.6420065,
              12.9709425
            ]
          ]
        ]
      }
    },
    {
      "type": "Feature",
      "id": "BLDG-343632881",
      "properties": {
        "building_type": "apartments",
        "osm_id": 343632881,
        "centroid": {
          "lat": 12.970915020000001,
          "lon": 77.64224644
        },
        "area_m2": 180.46223712098933,
        "levels": 3,
        "height": 9.600000000000001
      },
      "geometry": {
        "type": "Polygon",
        "coordinates": [
          [
            [
              77.6421822,
              12.9709451
            ],
            [
              77.6423383,
              12.9709531
            ],
            [
              77.6423428,
              12.9708699
            ],
            [
              77.6421867,
              12.9708619
            ],
            [
              77.6421822,
              12.9709451
            ]
          ]
        ]
      }
    },
    {
      "type": "Feature",
      "id": "BLDG-343632882",
      "properties": {
        "building_type": "detached",
        "osm_id": 343632882,
        "centroid": {
          "lat": 12.97101692,
          "lon": 77.64223034
        },
        "area_m2": 180.46223712098933,
        "levels": 2,
        "height": 6.4
      },
      "geometry": {
        "type": "Polygon",
        "coordinates": [
          [
            [
              77.6421661,
              12.971047
            ],
            [
              77.6423222,
              12.971055
            ],
            [
              77.6423267,
              12.9709718
            ],
            [
              77.6421706,
              12.9709638
            ],
            [
              77.6421661,
              12.971047
            ]
          ]
        ]
      }
    },
    {
      "type": "Feature",
      "id": "BLDG-343632883",
      "properties": {
        "building_type": "detached",
        "osm_id": 343632883,
        "centroid": {
          "lat": 12.971466520000002,
          "lon": 77.64220752
        },
        "area_m2": 180.46223712098933,
        "levels": 3,
        "height": 9.600000000000001
      },
      "geometry": {
        "type": "Polygon",
        "coordinates": [
          [
            [
              77.6421433,
              12.9714966
            ],
            [
              77.6422994,
              12.9715046
            ],
            [
              77.6423039,
              12.9714214
            ],
            [
              77.6421477,
              12.9714134
            ],
            [
              77.6421433,
              12.9714966
            ]
          ]
        ]
      }
    },
    {
      "type": "Feature",
      "id": "BLDG-343632885",
      "properties": {
        "building_type": "apartments",
        "osm_id": 343632885,
        "centroid": {
          "lat": 12.97145448,
          "lon": 77.64200924
        },
        "area_m2": 133.7402658611456,
        "levels": 4,
        "height": 12.8
      },
      "geometry": {
        "type": "Polygon",
        "coordinates": [
          [
            [
              77.641954,
              12.9714804
            ],
            [
              77.6420882,
              12.9714873
            ],
            [
              77.6420921,
              12.9714156
            ],
            [
              77.6419579,
              12.9714087
            ],
            [
              77.641954,
              12.9714804
            ]
          ]
        ]
      }
    },
    {
      "type": "Feature",
      "id": "BLDG-343634293",
      "properties": {
        "building_type": "yes",
        "osm_id": 343634293,
        "centroid": {
          "lat": 12.97144984,
          "lon": 77.6431001
        },
        "area_m2": 212.89209479335676,
        "levels": 2,
        "height": 6.4
      },
      "geometry": {
        "type": "Polygon",
        "coordinates": [
          [
            [
              77.6430385,
              12.971492
            ],
            [
              77.64319,
              12.9714954
            ],
            [
              77.6431925,
              12.9713866
            ],
            [
              77.643041,
              12.9713832
            ],
            [
              77.6430385,
              12.971492
            ]
          ]
        ]
      }
    },
    {
      "type": "Feature",
      "id": "BLDG-343634294",
      "properties": {
        "building_type": "apartments",
        "osm_id": 343634294,
        "centroid": {
          "lat": 12.97111868,
          "lon": 77.64297426
        },
        "area_m2": 151.8437575779085,
        "levels": 2,
        "height": 6.4
      },
      "geometry": {
        "type": "Polygon",
        "coordinates": [
          [
            [
              77.642931,
              12.9711624
            ],
            [
              77.6430366,
              12.9711647
            ],
            [
              77.6430392,
              12.9710531
            ],
            [
              77.6429335,
              12.9710508
            ],
            [
              77.642931,
              12.9711624
            ]
          ]
        ]
      }
    },
    {
      "type": "Feature",
      "id": "BLDG-343634295",
      "properties": {
        "building_type": "detached",
        "osm_id": 343634295,
        "centroid": {
          "lat": 12.970980739999998,
          "lon": 77.64297422
        },
        "area_m2": 198.28727422816905,
        "levels": 2,
        "height": 6.4
      },
      "geometry": {
        "type": "Polygon",
        "coordinates": [
          [
            [
              77.6429127,
              12.9709401
            ],
            [
              77.6429104,
              12.9710383
            ],
            [
              77.6430665,
              12.9710417
            ],
            [
              77.6430688,
              12.9709435
            ],
            [
              77.6429127,
              12.9709401
            ]
          ]
        ]
      }
    },
    {
      "type": "Feature",
      "id": "BLDG-343634296",
      "properties": {
        "building_type": "yes",
        "osm_id": 343634296,
        "centroid": {
          "lat": 12.97178652,
          "lon": 77.64308504
        },
        "area_m2": 206.55170820932983,
        "levels": 2,
        "height": 6.4
      },
      "geometry": {
        "type": "Polygon",
        "coordinates": [
          [
            [
              77.6430235,
              12.9718274
            ],
            [
              77.6431749,
              12.9718308
            ],
            [
              77.6431773,
              12.9717252
            ],
            [
              77.643026,
              12.9717218
            ],
            [
              77.6430235,
              12.9718274
            ]
          ]
        ]
      }
    },
    {
      "type": "Feature",
      "id": "BLDG-343634297",
      "properties": {
        "building_type": "detached",
        "osm_id": 343634297,
        "centroid": {
          "lat": 12.971331079999999,
          "lon": 77.64249692
        },
        "area_m2": 220.91848703362032,
        "levels": 3,
        "height": 9.600000000000001
      },
      "geometry": {
        "type": "Polygon",
        "coordinates": [
          [
            [
              77.642431,
              12.971371
            ],
            [
              77.6425927,
              12.9713755
            ],
            [
              77.6425958,
              12.9712712
            ],
            [
              77.6424341,
              12.9712667
            ],
            [
              77.642431,
              12.971371
            ]
          ]
        ]
      }
    },
    {
      "type": "Feature",
      "id": "BLDG-343634298",
      "properties": {
        "building_type": "detached",
        "osm_id": 343634298,
        "centroid": {
          "lat": 12.97154076,
          "lon": 77.64247674
        },
        "area_m2": 132.02247203716004,
        "levels": 1,
        "height": 3.2
      },
      "geometry": {
        "type": "Polygon",
        "coordinates": [
          [
            [
              77.6424277,
              12.971573
            ],
            [
              77.6425478,
              12.9715764
            ],
            [
              77.6425503,
              12.9714924
            ],
            [
              77.6424302,
              12.971489
            ],
            [
              77.6424277,
              12.971573
            ]
          ]
        ]
      }
    },
    {
      "type": "Feature",
      "id": "BLDG-343634300",
      "properties": {
        "building_type": "apartments",
        "osm_id": 343634300,
        "centroid": {
          "lat": 12.971531959999998,
          "lon": 77.64265956
        },
        "area_m2": 197.8508644245832,
        "levels": 2,
        "height": 6.4
      },
      "geometry": {
        "type": "Polygon",
        "coordinates": [
          [
            [
              77.6425993,
              12.9714906
            ],
            [
              77.642597,
              12.9715907
            ],
            [
              77.6427499,
              12.971594
            ],
            [
              77.6427523,
              12.9714939
            ],
            [
              77.6425993,
              12.9714906
            ]
          ]
        ]
      }
    },
    {
      "type": "Feature",
      "id": "BLDG-343634302",
      "properties": {
        "building_type": "house",
        "osm_id": 343634302,
        "centroid": {
          "lat": 12.971754,
          "lon": 77.64264758
        },
        "area_m2": 204.60745439682753,
        "levels": 2,
        "height": 6.4
      },
      "geometry": {
        "type": "Polygon",
        "coordinates": [
          [
            [
              77.6425808,
              12.9717152
            ],
            [
              77.6425787,
              12.9718085
            ],
            [
              77.6427477,
              12.9718122
            ],
            [
              77.6427499,
              12.9717189
            ],
            [
              77.6425808,
              12.9717152
            ]
          ]
        ]
      }
    },
    {
      "type": "Feature",
      "id": "BLDG-343634305",
      "properties": {
        "building_type": "detached",
        "osm_id": 343634305,
        "centroid": {
          "lat": 12.97091188,
          "lon": 77.64268614
        },
        "area_m2": 112.14869904247742,
        "levels": 3,
        "height": 9.600000000000001
      },
      "geometry": {
        "type": "Polygon",
        "coordinates": [
          [
            [
              77.6426242,
              12.9709327
            ],
            [
              77.6427778,
              12.9709361
            ],
            [
              77.642779,
              12.9708806
            ],
            [
              77.6426255,
              12.9708773
            ],
            [
              77.6426242,
              12.9709327
            ]
          ]
        ]
      }
    },
    {
      "type": "Feature",
      "id": "BLDG-343634308",
      "properties": {
        "building_type": "detached",
        "osm_id": 343634308,
        "centroid": {
          "lat": 12.971221,
          "lon": 77.6425081
        },
        "area_m2": 209.88330661449842,
        "levels": 2,
        "height": 6.4
      },
      "geometry": {
        "type": "Polygon",
        "coordinates": [
          [
            [
              77.6424443,
              12.971261
            ],
            [
              77.6426014,
              12.9712644
            ],
            [
              77.6426038,
              12.971161
            ],
            [
              77.6424467,
              12.9711576
            ],
            [
              77.6424443,
              12.971261
            ]
          ]
        ]
      }
    },
    {
      "type": "Feature",
      "id": "BLDG-330079109",
      "properties": {
        "building_type": "temple",
        "osm_id": 330079109,
        "centroid": {
          "lat": 12.975540720000001,
          "lon": 77.64545178
        },
        "area_m2": 40,
        "levels": 2,
        "height": 6.4
      },
      "geometry": {
        "type": "Polygon",
        "coordinates": [
          [
            [
              77.6454671,
              12.9755684
            ],
            [
              77.645427,
              12.9755673
            ],
            [
              77.6454288,
              12.9754993
            ],
            [
              77.6454689,
              12.9755002
            ],
            [
              77.6454671,
              12.9755684
            ]
          ]
        ]
      }
    },
    {
      "type": "Feature",
      "id": "BLDG-330079114",
      "properties": {
        "building_type": "yes",
        "osm_id": 330079114,
        "centroid": {
          "lat": 12.9759391,
          "lon": 77.64559986
        },
        "area_m2": 397.4132389384462,
        "levels": 2,
        "height": 6.4
      },
      "geometry": {
        "type": "Polygon",
        "coordinates": [
          [
            [
              77.6455447,
              12.9758557
            ],
            [
              77.645691,
              12.9758614
            ],
            [
              77.6456826,
              12.9760642
            ],
            [
              77.6455363,
              12.9760585
            ],
            [
              77.6455447,
              12.9758557
            ]
          ]
        ]
      }
    },
    {
      "type": "Feature",
      "id": "BLDG-343442790",
      "properties": {
        "building_type": "house",
        "osm_id": 343442790,
        "centroid": {
          "lat": 12.97304316,
          "lon": 77.64284862
        },
        "area_m2": 116.39155859081792,
        "levels": 2,
        "height": 6.4
      },
      "geometry": {
        "type": "Polygon",
        "coordinates": [
          [
            [
              77.6427979,
              12.9730676
            ],
            [
              77.6429208,
              12.9730743
            ],
            [
              77.6429247,
              12.9730065
            ],
            [
              77.6428018,
              12.9729998
            ],
            [
              77.6427979,
              12.9730676
            ]
          ]
        ]
      }
    },
    {
      "type": "Feature",
      "id": "BLDG-343442791",
      "properties": {
        "building_type": "house",
        "osm_id": 343442791,
        "centroid": {
          "lat": 12.973282919999999,
          "lon": 77.6428534
        },
        "area_m2": 150.99200685803388,
        "levels": 2,
        "height": 6.4
      },
      "geometry": {
        "type": "Polygon",
        "coordinates": [
          [
            [
              77.6428052,
              12.9733192
            ],
            [
              77.6429208,
              12.9733247
            ],
            [
              77.6429257,
              12.9732285
            ],
            [
              77.6428101,
              12.973223
            ],
            [
              77.6428052,
              12.9733192
            ]
          ]
        ]
      }
    },
    {
      "type": "Feature",
      "id": "BLDG-343442792",
      "properties": {
        "building_type": "yes",
        "osm_id": 343442792,
        "centroid": {
          "lat": 12.97325932,
          "lon": 77.64301875999999
        },
        "area_m2": 149.44091615824004,
        "levels": 2,
        "height": 6.4
      },
      "geometry": {
        "type": "Polygon",
        "coordinates": [
          [
            [
              77.64297,
              12.9732222
            ],
            [
              77.6429656,
              12.9733089
            ],
            [
              77.6430919,
              12.973315
            ],
            [
              77.6430963,
              12.9732283
            ],
            [
              77.64297,
              12.9732222
            ]
          ]
        ]
      }
    },
    {
      "type": "Feature",
      "id": "BLDG-343442793",
      "properties": {
        "building_type": "yes",
        "osm_id": 343442793,
        "centroid": {
          "lat": 12.97316424,
          "lon": 77.6430357
        },
        "area_m2": 138.34215936165293,
        "levels": 2,
        "height": 6.4
      },
      "geometry": {
        "type": "Polygon",
        "coordinates": [
          [
            [
              77.6429837,
              12.9731316
            ],
            [
              77.6429799,
              12.9732067
            ],
            [
              77.6431137,
              12.9732132
            ],
            [
              77.6431175,
              12.9731381
            ],
            [
              77.6429837,
              12.9731316
            ]
          ]
        ]
      }
    },
    {
      "type": "Feature",
      "id": "BLDG-343442794",
      "properties": {
        "building_type": "house",
        "osm_id": 343442794,
        "centroid": {
          "lat": 12.9731427,
          "lon": 77.64285756
        },
        "area_m2": 118.8563746533771,
        "levels": 2,
        "height": 6.4
      },
      "geometry": {
        "type": "Polygon",
        "coordinates": [
          [
            [
              77.64281,
              12.9731121
            ],
            [
              77.6428064,
              12.9731827
            ],
            [
              77.6429289,
              12.9731886
            ],
            [
              77.6429325,
              12.973118
            ],
            [
              77.64281,
              12.9731121
            ]
          ]
        ]
      }
    },
    {
      "type": "Feature",
      "id": "BLDG-343442795",
      "properties": {
        "building_type": "yes",
        "osm_id": 343442795,
        "centroid": {
          "lat": 12.97306024,
          "lon": 77.6430298
        },
        "area_m2": 169.02095651291015,
        "levels": 2,
        "height": 6.4
      },
      "geometry": {
        "type": "Polygon",
        "coordinates": [
          [
            [
              77.6429685,
              12.9730262
            ],
            [
              77.6429645,
              12.9731037
            ],
            [
              77.6431218,
              12.9731113
            ],
            [
              77.6431257,
              12.9730338
            ],
            [
              77.6429685,
              12.9730262
            ]
          ]
        ]
      }
    },
    {
      "type": "Feature",
      "id": "BLDG-343442796",
      "properties": {
        "building_type": "house",
        "osm_id": 343442796,
        "centroid": {
          "lat": 12.97292972,
          "lon": 77.64286958
        },
        "area_m2": 160.060509278861,
        "levels": 2,
        "height": 6.4
      },
      "geometry": {
        "type": "Polygon",
        "coordinates": [
          [
            [
              77.6428197,
              12.9728912
            ],
            [
              77.6428146,
              12.9729805
            ],
            [
              77.6429444,
              12.9729875
            ],
            [
              77.6429495,
              12.9728982
            ],
            [
              77.6428197,
              12.9728912
            ]
          ]
        ]
      }
    },
    {
      "type": "Feature",
      "id": "BLDG-343442797",
      "properties": {
        "building_type": "yes",
        "osm_id": 343442797,
        "centroid": {
          "lat": 12.972961520000002,
          "lon": 77.64305376
        },
        "area_m2": 172.5107565546763,
        "levels": 2,
        "height": 6.4
      },
      "geometry": {
        "type": "Polygon",
        "coordinates": [
          [
            [
              77.6429955,
              12.9729252
            ],
            [
              77.6429912,
              12.9730087
            ],
            [
              77.6431412,
              12.973016
            ],
            [
              77.6431454,
              12.9729325
            ],
            [
              77.6429955,
              12.9729252
            ]
          ]
        ]
      }
    },
    {
      "type": "Feature",
      "id": "BLDG-343442803",
      "properties": {
        "building_type": "yes",
        "osm_id": 343442803,
        "centroid": {
          "lat": 12.972629459999999,
          "lon": 77.64306294000001
        },
        "area_m2": 170.4792700705225,
        "levels": 2,
        "height": 6.4
      },
      "geometry": {
        "type": "Polygon",
        "coordinates": [
          [
            [
              77.6430115,
              12.9725897
            ],
            [
              77.6430062,
              12.9726819
            ],
            [
              77.6431401,
              12.9726891
            ],
            [
              77.6431454,
              12.9725969
            ],
            [
              77.6430115,
              12.9725897
            ]
          ]
        ]
      }
    },
    {
      "type": "Feature",
      "id": "BLDG-343442805",
      "properties": {
        "building_type": "house",
        "osm_id": 343442805,
        "centroid": {
          "lat": 12.97249118,
          "lon": 77.64290968
        },
        "area_m2": 154.86006159203097,
        "levels": 2,
        "height": 6.4
      },
      "geometry": {
        "type": "Polygon",
        "coordinates": [
          [
            [
              77.6428567,
              12.9724557
            ],
            [
              77.6428521,
              12.972537
            ],
            [
              77.6429891,
              12.9725444
            ],
            [
              77.6429938,
              12.9724631
            ],
            [
              77.6428567,
              12.9724557
            ]
          ]
        ]
      }
    },
    {
      "type": "Feature",
      "id": "BLDG-343442806",
      "properties": {
        "building_type": "yes",
        "osm_id": 343442806,
        "centroid": {
          "lat": 12.97251976,
          "lon": 77.64306988
        },
        "area_m2": 142.7830173920078,
        "levels": 2,
        "height": 6.4
      },
      "geometry": {
        "type": "Polygon",
        "coordinates": [
          [
            [
              77.6430233,
              12.972483
            ],
            [
              77.6430185,
              12.9725683
            ],
            [
              77.6431397,
              12.9725749
            ],
            [
              77.6431446,
              12.9724896
            ],
            [
              77.6430233,
              12.972483
            ]
          ]
        ]
      }
    },
    {
      "type": "Feature",
      "id": "BLDG-343442807",
      "properties": {
        "building_type": "apartments",
        "osm_id": 343442807,
        "centroid": {
          "lat": 12.97237456,
          "lon": 77.6429125
        },
        "area_m2": 186.82135164674077,
        "levels": 2,
        "height": 6.4
      },
      "geometry": {
        "type": "Polygon",
        "coordinates": [
          [
            [
              77.6428507,
              12.9723376
            ],
            [
              77.6428459,
              12.9724214
            ],
            [
              77.6430052,
              12.97243
            ],
            [
              77.64301,
              12.9723462
            ],
            [
              77.6428507,
              12.9723376
            ]
          ]
        ]
      }
    },
    {
      "type": "Feature",
      "id": "BLDG-343442808",
      "properties": {
        "building_type": "yes",
        "osm_id": 343442808,
        "centroid": {
          "lat": 12.972395119999998,
          "lon": 77.64308406
        },
        "area_m2": 188.39203270866915,
        "levels": 2,
        "height": 6.4
      },
      "geometry": {
        "type": "Polygon",
        "coordinates": [
          [
            [
              77.6430301,
              12.9723532
            ],
            [
              77.6430246,
              12.9724504
            ],
            [
              77.643165,
              12.972458
            ],
            [
              77.6431705,
              12.9723608
            ],
            [
              77.6430301,
              12.9723532
            ]
          ]
        ]
      }
    },
    {
      "type": "Feature",
      "id": "BLDG-343442809",
      "properties": {
        "building_type": "house",
        "osm_id": 343442809,
        "centroid": {
          "lat": 12.972154,
          "lon": 77.64291426
        },
        "area_m2": 210.89178044748894,
        "levels": 2,
        "height": 6.4
      },
      "geometry": {
        "type": "Polygon",
        "coordinates": [
          [
            [
              77.642857,
              12.9721098
            ],
            [
              77.6428511,
              12.9722122
            ],
            [
              77.6430002,
              12.9722203
            ],
            [
              77.643006,
              12.9721179
            ],
            [
              77.642857,
              12.9721098
            ]
          ]
        ]
      }
    },
    {
      "type": "Feature",
      "id": "BLDG-343442810",
      "properties": {
        "building_type": "yes",
        "osm_id": 343442810,
        "centroid": {
          "lat": 12.97216392,
          "lon": 77.64308264
        },
        "area_m2": 208.7492817704187,
        "levels": 2,
        "height": 6.4
      },
      "geometry": {
        "type": "Polygon",
        "coordinates": [
          [
            [
              77.6430273,
              12.9721188
            ],
            [
              77.6430214,
              12.9722238
            ],
            [
              77.6431656,
              12.9722316
            ],
            [
              77.6431716,
              12.9721266
            ],
            [
              77.6430273,
              12.9721188
            ]
          ]
        ]
      }
    },
    {
      "type": "Feature",
      "id": "BLDG-343442811",
      "properties": {
        "building_type": "apartments",
        "osm_id": 343442811,
        "centroid": {
          "lat": 12.972279259999999,
          "lon": 77.6429382
        },
        "area_m2": 182.43704700210694,
        "levels": 2,
        "height": 6.4
      },
      "geometry": {
        "type": "Polygon",
        "coordinates": [
          [
            [
              77.6430052,
              12.9722495
            ],
            [
              77.6428413,
              12.9722425
            ],
            [
              77.6428377,
              12.9723239
            ],
            [
              77.6430016,
              12.9723309
            ],
            [
              77.6430052,
              12.9722495
            ]
          ]
        ]
      }
    },
    {
      "type": "Feature",
      "id": "BLDG-343451177",
      "properties": {
        "building_type": "yes",
        "osm_id": 343451177,
        "centroid": {
          "lat": 12.97652482,
          "lon": 77.64149432
        },
        "area_m2": 227.37986584352166,
        "levels": 2,
        "height": 6.4
      },
      "geometry": {
        "type": "Polygon",
        "coordinates": [
          [
            [
              77.6414397,
              12.9765763
            ],
            [
              77.6415729,
              12.9765795
            ],
            [
              77.6415763,
              12.9764476
            ],
            [
              77.641443,
              12.9764444
            ],
            [
              77.6414397,
              12.9765763
            ]
          ]
        ]
      }
    },
    {
      "type": "Feature",
      "id": "BLDG-343451179",
      "properties": {
        "building_type": "commercial",
        "osm_id": 343451179,
        "centroid": {
          "lat": 12.97633772,
          "lon": 77.64126428
        },
        "area_m2": 402.75328355277406,
        "levels": 5,
        "height": 16.0
      },
      "geometry": {
        "type": "Polygon",
        "coordinates": [
          [
            [
              77.6411822,
              12.9763976
            ],
            [
              77.6413835,
              12.9764024
            ],
            [
              77.6413874,
              12.9762479
            ],
            [
              77.6411861,
              12.9762431
            ],
            [
              77.6411822,
              12.9763976
            ]
          ]
        ]
      }
    },
    {
      "type": "Feature",
      "id": "BLDG-343452013",
      "properties": {
        "building_type": "yes",
        "osm_id": 343452013,
        "centroid": {
          "lat": 12.97615394,
          "lon": 77.64150126
        },
        "area_m2": 415.89855845220944,
        "levels": 2,
        "height": 6.4
      },
      "geometry": {
        "type": "Polygon",
        "coordinates": [
          [
            [
              77.641425,
              12.9762212
            ],
            [
              77.6416113,
              12.9762257
            ],
            [
              77.6416156,
              12.976053
            ],
            [
              77.6414294,
              12.9760486
            ],
            [
              77.641425,
              12.9762212
            ]
          ]
        ]
      }
    },
    {
      "type": "Feature",
      "id": "BLDG-343452014",
      "properties": {
        "building_type": "house",
        "osm_id": 343452014,
        "centroid": {
          "lat": 12.975984460000001,
          "lon": 77.64125204
        },
        "area_m2": 440.1788139001532,
        "levels": 1,
        "height": 3.2
      },
      "geometry": {
        "type": "Polygon",
        "coordinates": [
          [
            [
              77.6411633,
              12.9760447
            ],
            [
              77.6413812,
              12.9760499
            ],
            [
              77.6413852,
              12.9758941
            ],
            [
              77.6411672,
              12.9758889
            ],
            [
              77.6411633,
              12.9760447
            ]
          ]
        ]
      }
    },
    {
      "type": "Feature",
      "id": "BLDG-343452015",
      "properties": {
        "building_type": "yes",
        "osm_id": 343452015,
        "centroid": {
          "lat": 12.975962939999999,
          "lon": 77.64149924
        },
        "area_m2": 389.75056262570956,
        "levels": 2,
        "height": 6.4
      },
      "geometry": {
        "type": "Polygon",
        "coordinates": [
          [
            [
              77.6414188,
              12.9760221
            ],
            [
              77.641616,
              12.9760268
            ],
            [
              77.6416199,
              12.9758742
            ],
            [
              77.6414227,
              12.9758695
            ],
            [
              77.6414188,
              12.9760221
            ]
          ]
        ]
      }
    },
    {
      "type": "Feature",
      "id": "BLDG-343452016",
      "properties": {
        "building_type": "commercial",
        "osm_id": 343452016,
        "centroid": {
          "lat": 12.976173740000002,
          "lon": 77.64126497999999
        },
        "area_m2": 315.8872765288353,
        "levels": 5,
        "height": 16.0
      },
      "geometry": {
        "type": "Polygon",
        "coordinates": [
          [
            [
              77.6411955,
              12.9762295
            ],
            [
              77.6413656,
              12.9762336
            ],
            [
              77.6413692,
              12.9760901
            ],
            [
              77.6411991,
              12.976086
            ],
            [
              77.6411955,
              12.9762295
            ]
          ]
        ]
      }
    },
    {
      "type": "Feature",
      "id": "BLDG-343452017",
      "properties": {
        "building_type": "commercial",
        "osm_id": 343452017,
        "centroid": {
          "lat": 12.975782259999999,
          "lon": 77.6412763
        },
        "area_m2": 387.2354769091498,
        "levels": 2,
        "height": 6.4
      },
      "geometry": {
        "type": "Polygon",
        "coordinates": [
          [
            [
              77.6411917,
              12.9758377
            ],
            [
              77.6413996,
              12.9758427
            ],
            [
              77.6414032,
              12.9756991
            ],
            [
              77.6411953,
              12.9756941
            ],
            [
              77.6411917,
              12.9758377
            ]
          ]
        ]
      }
    },
    {
      "type": "Feature",
      "id": "BLDG-343452020",
      "properties": {
        "building_type": "yes",
        "osm_id": 343452020,
        "centroid": {
          "lat": 12.975979480000001,
          "lon": 77.64184826
        },
        "area_m2": 549.6723374513301,
        "levels": 2,
        "height": 6.4
      },
      "geometry": {
        "type": "Polygon",
        "coordinates": [
          [
            [
              77.6417489,
              12.9760438
            ],
            [
              77.6419903,
              12.9760532
            ],
            [
              77.6419973,
              12.975883
            ],
            [
              77.6417559,
              12.9758736
            ],
            [
              77.6417489,
              12.9760438
            ]
          ]
        ]
      }
    },
    {
      "type": "Feature",
      "id": "BLDG-343452021",
      "properties": {
        "building_type": "yes",
        "osm_id": 343452021,
        "centroid": {
          "lat": 12.97613604,
          "lon": 77.64184084
        },
        "area_m2": 393.43762188397056,
        "levels": 2,
        "height": 6.4
      },
      "geometry": {
        "type": "Polygon",
        "coordinates": [
          [
            [
              77.6417498,
              12.9761852
            ],
            [
              77.641972,
              12.9761939
            ],
            [
              77.6419774,
              12.9760623
            ],
            [
              77.6417552,
              12.9760536
            ],
            [
              77.6417498,
              12.9761852
            ]
          ]
        ]
      }
    },
    {
      "type": "Feature",
      "id": "BLDG-343452024",
      "properties": {
        "building_type": "yes",
        "osm_id": 343452024,
        "centroid": {
          "lat": 12.975813519999999,
          "lon": 77.6420989
        },
        "area_m2": 202.31279135316746,
        "levels": 2,
        "height": 6.4
      },
      "geometry": {
        "type": "Polygon",
        "coordinates": [
          [
            [
              77.6420401,
              12.9757712
            ],
            [
              77.642036,
              12.9758711
            ],
            [
              77.6421871,
              12.975877
            ],
            [
              77.6421912,
              12.9757771
            ],
            [
              77.6420401,
              12.9757712
            ]
          ]
        ]
      }
    },
    {
      "type": "Feature",
      "id": "BLDG-343452025",
      "properties": {
        "building_type": "yes",
        "osm_id": 343452025,
        "centroid": {
          "lat": 12.976518219999999,
          "lon": 77.64182016
        },
        "area_m2": 267.2232692406951,
        "levels": 2,
        "height": 6.4
      },
      "geometry": {
        "type": "Polygon",
        "coordinates": [
          [
            [
              77.6417524,
              12.9764697
            ],
            [
              77.6417477,
              12.9765842
            ],
            [
              77.6419218,
              12.976591
            ],
            [
              77.6419265,
              12.9764765
            ],
            [
              77.6417524,
              12.9764697
            ]
          ]
        ]
      }
    },
    {
      "type": "Feature",
      "id": "BLDG-343452026",
      "properties": {
        "building_type": "yes",
        "osm_id": 343452026,
        "centroid": {
          "lat": 12.976521333333332,
          "lon": 77.6420483888889
        },
        "area_m2": 299.6388345629013,
        "levels": 2,
        "height": 6.4
      },
      "geometry": {
        "type": "Polygon",
        "coordinates": [
          [
            [
              77.641964,
              12.9764792
            ],
            [
              77.6419592,
              12.9765983
            ],
            [
              77.6421466,
              12.9766056
            ],
            [
              77.6421516,
              12.9764854
            ],
            [
              77.6420953,
              12.9764832
            ],
            [
              77.642093,
              12.9765409
            ],
            [
              77.6420297,
              12.9765384
            ],
            [
              77.6420321,
              12.9764818
            ],
            [
              77.641964,
              12.9764792
            ]
          ]
        ]
      }
    },
    {
      "type": "Feature",
      "id": "BLDG-343452027",
      "properties": {
        "building_type": "yes",
        "osm_id": 343452027,
        "centroid": {
          "lat": 12.976359160000001,
          "lon": 77.64205214
        },
        "area_m2": 335.66322079223374,
        "levels": 2,
        "height": 6.4
      },
      "geometry": {
        "type": "Polygon",
        "coordinates": [
          [
            [
              77.6419831,
              12.9763
            ],
            [
              77.6419773,
              12.9764409
            ],
            [
              77.6421557,
              12.9764479
            ],
            [
              77.6421615,
              12.976307
            ],
            [
              77.6419831,
              12.9763
            ]
          ]
        ]
      }
    },
    {
      "type": "Feature",
      "id": "BLDG-343452028",
      "properties": {
        "building_type": "yes",
        "osm_id": 343452028,
        "centroid": {
          "lat": 12.9763375,
          "lon": 77.6418271
        },
        "area_m2": 392.7355713083542,
        "levels": 2,
        "height": 6.4
      },
      "geometry": {
        "type": "Polygon",
        "coordinates": [
          [
            [
              77.6417527,
              12.9762733
            ],
            [
              77.6417464,
              12.9764263
            ],
            [
              77.6419387,
              12.9764338
            ],
            [
              77.641945,
              12.9762808
            ],
            [
              77.6417527,
              12.9762733
            ]
          ]
        ]
      }
    },
    {
      "type": "Feature",
      "id": "BLDG-343452029",
      "properties": {
        "building_type": "yes",
        "osm_id": 343452029,
        "centroid": {
          "lat": 12.976551480000001,
          "lon": 77.64239893999999
        },
        "area_m2": 324.4028124720983,
        "levels": 2,
        "height": 6.4
      },
      "geometry": {
        "type": "Polygon",
        "coordinates": [
          [
            [
              77.6423243,
              12.9766048
            ],
            [
              77.6425078,
              12.9766087
            ],
            [
              77.6425109,
              12.9764715
            ],
            [
              77.6423274,
              12.9764676
            ],
            [
              77.6423243,
              12.9766048
            ]
          ]
        ]
      }
    },
    {
      "type": "Feature",
      "id": "BLDG-343452030",
      "properties": {
        "building_type": "yes",
        "osm_id": 343452030,
        "centroid": {
          "lat": 12.97653502,
          "lon": 77.642629
        },
        "area_m2": 403.9050506268636,
        "levels": 2,
        "height": 6.4
      },
      "geometry": {
        "type": "Polygon",
        "coordinates": [
          [
            [
              77.6425446,
              12.976475
            ],
            [
              77.6425409,
              12.9766198
            ],
            [
              77.6427556,
              12.9766251
            ],
            [
              77.6427593,
              12.9764802
            ],
            [
              77.6425446,
              12.976475
            ]
          ]
        ]
      }
    },
    {
      "type": "Feature",
      "id": "BLDG-343452031",
      "properties": {
        "building_type": "yes",
        "osm_id": 343452031,
        "centroid": {
          "lat": 12.976398220000002,
          "lon": 77.642426
        },
        "area_m2": 317.56145400451317,
        "levels": 2,
        "height": 6.4
      },
      "geometry": {
        "type": "Polygon",
        "coordinates": [
          [
            [
              77.6423476,
              12.9764476
            ],
            [
              77.6425408,
              12.9764516
            ],
            [
              77.6425436,
              12.9763242
            ],
            [
              77.6423504,
              12.9763201
            ],
            [
              77.6423476,
              12.9764476
            ]
          ]
        ]
      }
    },
    {
      "type": "Feature",
      "id": "BLDG-343452032",
      "properties": {
        "building_type": "yes",
        "osm_id": 343452032,
        "centroid": {
          "lat": 12.97639652,
          "lon": 77.64262596
        },
        "area_m2": 189.36391319219842,
        "levels": 2,
        "height": 6.4
      },
      "geometry": {
        "type": "Polygon",
        "coordinates": [
          [
            [
              77.6425674,
              12.9763566
            ],
            [
              77.6425636,
              12.9764506
            ],
            [
              77.6427138,
              12.9764564
            ],
            [
              77.6427176,
              12.9763624
            ],
            [
              77.6425674,
              12.9763566
            ]
          ]
        ]
      }
    },
    {
      "type": "Feature",
      "id": "BLDG-343452033",
      "properties": {
        "building_type": "yes",
        "osm_id": 343452033,
        "centroid": {
          "lat": 12.97622772,
          "lon": 77.6424294
        },
        "area_m2": 327.44967254810376,
        "levels": 2,
        "height": 6.4
      },
      "geometry": {
        "type": "Polygon",
        "coordinates": [
          [
            [
              77.6423436,
              12.9762737
            ],
            [
              77.6425555,
              12.9762782
            ],
            [
              77.6425581,
              12.9761587
            ],
            [
              77.6423462,
              12.9761543
            ],
            [
              77.6423436,
              12.9762737
            ]
          ]
        ]
      }
    },
    {
      "type": "Feature",
      "id": "BLDG-343452036",
      "properties": {
        "building_type": "yes",
        "osm_id": 343452036,
        "centroid": {
          "lat": 12.97605284,
          "lon": 77.64241752000001
        },
        "area_m2": 311.73349780033345,
        "levels": 2,
        "height": 6.4
      },
      "geometry": {
        "type": "Polygon",
        "coordinates": [
          [
            [
              77.6423474,
              12.9759984
            ],
            [
              77.6423421,
              12.9761274
            ],
            [
              77.6425227,
              12.9761345
            ],
            [
              77.642528,
              12.9760055
            ],
            [
              77.6423474,
              12.9759984
            ]
          ]
        ]
      }
    },
    {
      "type": "Feature",
      "id": "BLDG-343452037",
      "properties": {
        "building_type": "yes",
        "osm_id": 343452037,
        "centroid": {
          "lat": 12.97587378,
          "lon": 77.64240952
        },
        "area_m2": 394.6429852914096,
        "levels": 2,
        "height": 6.4
      },
      "geometry": {
        "type": "Polygon",
        "coordinates": [
          [
            [
              77.6423422,
              12.9758035
            ],
            [
              77.6423352,
              12.9759723
            ],
            [
              77.6425105,
              12.9759792
            ],
            [
              77.6425175,
              12.9758104
            ],
            [
              77.6423422,
              12.9758035
            ]
          ]
        ]
      }
    },
    {
      "type": "Feature",
      "id": "BLDG-343452038",
      "properties": {
        "building_type": "yes",
        "osm_id": 343452038,
        "centroid": {
          "lat": 12.975838419999999,
          "lon": 77.6425794
        },
        "area_m2": 316.15907777312844,
        "levels": 2,
        "height": 6.4
      },
      "geometry": {
        "type": "Polygon",
        "coordinates": [
          [
            [
              77.642537,
              12.9757547
            ],
            [
              77.6425287,
              12.9759596
            ],
            [
              77.642643,
              12.975964
            ],
            [
              77.6426513,
              12.9757591
            ],
            [
              77.642537,
              12.9757547
            ]
          ]
        ]
      }
    },
    {
      "type": "Feature",
      "id": "BLDG-343452039",
      "properties": {
        "building_type": "yes",
        "osm_id": 343452039,
        "centroid": {
          "lat": 12.975857114285715,
          "lon": 77.64272687142856
        },
        "area_m2": 286.11407286463583,
        "levels": 2,
        "height": 6.4
      },
      "geometry": {
        "type": "Polygon",
        "coordinates": [
          [
            [
              77.6426696,
              12.9757836
            ],
            [
              77.6426625,
              12.9759561
            ],
            [
              77.6427895,
              12.975961
            ],
            [
              77.6427934,
              12.9758652
            ],
            [
              77.6427502,
              12.9758635
            ],
            [
              77.6427533,
              12.9757868
            ],
            [
              77.6426696,
              12.9757836
            ]
          ]
        ]
      }
    },
    {
      "type": "Feature",
      "id": "BLDG-343452400",
      "properties": {
        "building_type": "commercial",
        "osm_id": 343452400,
        "centroid": {
          "lat": 12.9755053,
          "lon": 77.64128026
        },
        "area_m2": 341.28898938286756,
        "levels": 3,
        "height": 9.600000000000001
      },
      "geometry": {
        "type": "Polygon",
        "coordinates": [
          [
            [
              77.6412124,
              12.9754442
            ],
            [
              77.6412065,
              12.9755901
            ],
            [
              77.6413821,
              12.9755969
            ],
            [
              77.6413879,
              12.9754511
            ],
            [
              77.6412124,
              12.9754442
            ]
          ]
        ]
      }
    },
    {
      "type": "Feature",
      "id": "BLDG-343452401",
      "properties": {
        "building_type": "apartments",
        "osm_id": 343452401,
        "centroid": {
          "lat": 12.97549196,
          "lon": 77.64152472
        },
        "area_m2": 324.0043513355255,
        "levels": 4,
        "height": 12.8
      },
      "geometry": {
        "type": "Polygon",
        "coordinates": [
          [
            [
              77.6414542,
              12.9754358
            ],
            [
              77.6414487,
              12.9755692
            ],
            [
              77.6416305,
              12.9755762
            ],
            [
              77.641636,
              12.9754428
            ],
            [
              77.6414542,
              12.9754358
            ]
          ]
        ]
      }
    },
    {
      "type": "Feature",
      "id": "BLDG-343452402",
      "properties": {
        "building_type": "house",
        "osm_id": 343452402,
        "centroid": {
          "lat": 12.97535376,
          "lon": 77.6415171
        },
        "area_m2": 265.4054289103462,
        "levels": 2,
        "height": 6.4
      },
      "geometry": {
        "type": "Polygon",
        "coordinates": [
          [
            [
              77.6414463,
              12.9753978
            ],
            [
              77.6416192,
              12.9754036
            ],
            [
              77.6416233,
              12.9752877
            ],
            [
              77.6414504,
              12.9752819
            ],
            [
              77.6414463,
              12.9753978
            ]
          ]
        ]
      }
    },
    {
      "type": "Feature",
      "id": "BLDG-343452404",
      "properties": {
        "building_type": "house",
        "osm_id": 343452404,
        "centroid": {
          "lat": 12.9751522,
          "lon": 77.6415752
        },
        "area_m2": 196.13491875003237,
        "levels": 2,
        "height": 6.4
      },
      "geometry": {
        "type": "Polygon",
        "coordinates": [
          [
            [
              77.6415333,
              12.9750956
            ],
            [
              77.6415294,
              12.9752343
            ],
            [
              77.6416381,
              12.9752371
            ],
            [
              77.6416419,
              12.9750984
            ],
            [
              77.6415333,
              12.9750956
            ]
          ]
        ]
      }
    },
    {
      "type": "Feature",
      "id": "BLDG-343452405",
      "properties": {
        "building_type": "house",
        "osm_id": 343452405,
        "centroid": {
          "lat": 12.97500664,
          "lon": 77.64155955999999
        },
        "area_m2": 260.367618435921,
        "levels": 2,
        "height": 6.4
      },
      "geometry": {
        "type": "Polygon",
        "coordinates": [
          [
            [
              77.641502,
              12.974952
            ],
            [
              77.6416513,
              12.9749578
            ],
            [
              77.6416459,
              12.9750886
            ],
            [
              77.6414966,
              12.9750828
            ],
            [
              77.641502,
              12.974952
            ]
          ]
        ]
      }
    },
    {
      "type": "Feature",
      "id": "BLDG-343454914",
      "properties": {
        "building_type": "commercial",
        "osm_id": 343454914,
        "centroid": {
          "lat": 12.97464694,
          "lon": 77.64133096
        },
        "area_m2": 352.32589476369736,
        "levels": 2,
        "height": 6.4
      },
      "geometry": {
        "type": "Polygon",
        "coordinates": [
          [
            [
              77.6412508,
              12.974591
            ],
            [
              77.6412488,
              12.974728
            ],
            [
              77.6414512,
              12.9747309
            ],
            [
              77.6414532,
              12.9745938
            ],
            [
              77.6412508,
              12.974591
            ]
          ]
        ]
      }
    },
    {
      "type": "Feature",
      "id": "BLDG-343454915",
      "properties": {
        "building_type": "house",
        "osm_id": 343454915,
        "centroid": {
          "lat": 12.9746841,
          "lon": 77.64159406
        },
        "area_m2": 199.32667380586116,
        "levels": 2,
        "height": 6.4
      },
      "geometry": {
        "type": "Polygon",
        "coordinates": [
          [
            [
              77.6415429,
              12.9746369
            ],
            [
              77.6415383,
              12.9747498
            ],
            [
              77.6416708,
              12.9747549
            ],
            [
              77.6416754,
              12.974642
            ],
            [
              77.6415429,
              12.9746369
            ]
          ]
        ]
      }
    },
    {
      "type": "Feature",
      "id": "BLDG-343454916",
      "properties": {
        "building_type": "yes",
        "osm_id": 343454916,
        "centroid": {
          "lat": 12.975164466666666,
          "lon": 77.642311
        },
        "area_m2": 389.223347045635,
        "levels": 2,
        "height": 6.4
      },
      "geometry": {
        "type": "Polygon",
        "coordinates": [
          [
            [
              77.6422515,
              12.9752992
            ],
            [
              77.6423851,
              12.9753011
            ],
            [
              77.6423879,
              12.9751195
            ],
            [
              77.6423395,
              12.9751188
            ],
            [
              77.6423403,
              12.9750701
            ],
            [
              77.6422946,
              12.9750695
            ],
            [
              77.6422941,
              12.9751017
            ],
            [
              77.6422545,
              12.9751011
            ],
            [
              77.6422515,
              12.9752992
            ]
          ]
        ]
      }
    },
    {
      "type": "Feature",
      "id": "BLDG-343454917",
      "properties": {
        "building_type": "apartments",
        "osm_id": 343454917,
        "centroid": {
          "lat": 12.97483042,
          "lon": 77.64156294
        },
        "area_m2": 328.1453162085386,
        "levels": 4,
        "height": 12.8
      },
      "geometry": {
        "type": "Polygon",
        "coordinates": [
          [
            [
              77.6414904,
              12.9747744
            ],
            [
              77.641486,
              12.9749087
            ],
            [
              77.6416718,
              12.9749145
            ],
            [
              77.6416761,
              12.9747801
            ],
            [
              77.6414904,
              12.9747744
            ]
          ]
        ]
      }
    },
    {
      "type": "Feature",
      "id": "BLDG-343454918",
      "properties": {
        "building_type": "commercial",
        "osm_id": 343454918,
        "centroid": {
          "lat": 12.97450724,
          "lon": 77.64132772
        },
        "area_m2": 300.9143044910005,
        "levels": 3,
        "height": 9.600000000000001
      },
      "geometry": {
        "type": "Polygon",
        "coordinates": [
          [
            [
              77.6412441,
              12.9745521
            ],
            [
              77.6414518,
              12.9745544
            ],
            [
              77.6414532,
              12.97444
            ],
            [
              77.6412454,
              12.9744376
            ],
            [
              77.6412441,
              12.9745521
            ]
          ]
        ]
      }
    },
    {
      "type": "Feature",
      "id": "BLDG-343454920",
      "properties": {
        "building_type": "house",
        "osm_id": 343454920,
        "centroid": {
          "lat": 12.975251836363638,
          "lon": 77.64184938181819
        },
        "area_m2": 355.4110731680792,
        "levels": 3,
        "height": 9.600000000000001
      },
      "geometry": {
        "type": "Polygon",
        "coordinates": [
          [
            [
              77.6417534,
              12.9752788
            ],
            [
              77.6417923,
              12.9752801
            ],
            [
              77.6417914,
              12.9753081
            ],
            [
              77.6419434,
              12.975313
            ],
            [
              77.6419442,
              12.9752876
            ],
            [
              77.641963,
              12.9752882
            ],
            [
              77.6419666,
              12.9751818
            ],
            [
              77.6418397,
              12.9751777
            ],
            [
              77.6418393,
              12.9751894
            ],
            [
              77.6417565,
              12.9751867
            ],
            [
              77.6417534,
              12.9752788
            ]
          ]
        ]
      }
    },
    {
      "type": "Feature",
      "id": "BLDG-343454922",
      "properties": {
        "building_type": "yes",
        "osm_id": 343454922,
        "centroid": {
          "lat": 12.97519772,
          "lon": 77.64207424
        },
        "area_m2": 482.8296803479929,
        "levels": 2,
        "height": 6.4
      },
      "geometry": {
        "type": "Polygon",
        "coordinates": [
          [
            [
              77.6420036,
              12.9752825
            ],
            [
              77.6421735,
              12.9752875
            ],
            [
              77.6421802,
              12.9750705
            ],
            [
              77.6420103,
              12.9750656
            ],
            [
              77.6420036,
              12.9752825
            ]
          ]
        ]
      }
    },
    {
      "type": "Feature",
      "id": "BLDG-343454923",
      "properties": {
        "building_type": "yes",
        "osm_id": 343454923,
        "centroid": {
          "lat": 12.975418106666666,
          "lon": 77.64210327333333
        },
        "area_m2": 575.2004637525566,
        "levels": 2,
        "height": 6.4
      },
      "geometry": {
        "type": "Polygon",
        "coordinates": [
          [
            [
              77.6421884,
              12.9753776
            ],
            [
              77.6421897,
              12.975334
            ],
            [
              77.6419935,
              12.9753286
            ],
            [
              77.6419916,
              12.9753947
            ],
            [
              77.6420261,
              12.9753957
            ],
            [
              77.642024,
              12.9754675
            ],
            [
              77.6419894,
              12.9754665
            ],
            [
              77.6419869,
              12.9755534
            ],
            [
              77.6421831,
              12.9755588
            ],
            [
              77.6421868,
              12.9754321
            ],
            [
              77.6421378,
              12.9754308
            ],
            [
              77.642139,
              12.9753884
            ],
            [
              77.642162,
              12.975389
            ],
            [
              77.6421624,
              12.9753769
            ],
            [
              77.6421884,
              12.9753776
            ]
          ]
        ]
      }
    },
    {
      "type": "Feature",
      "id": "BLDG-343454924",
      "properties": {
        "building_type": "yes",
        "osm_id": 343454924,
        "centroid": {
          "lat": 12.975457928571428,
          "lon": 77.64249748571429
        },
        "area_m2": 335.3682560328382,
        "levels": 2,
        "height": 6.4
      },
      "geometry": {
        "type": "Polygon",
        "coordinates": [
          [
            [
              77.6424382,
              12.975514
            ],
            [
              77.6426,
              12.9755195
            ],
            [
              77.6426056,
              12.975361
            ],
            [
              77.6424823,
              12.9753569
            ],
            [
              77.6424783,
              12.9754707
            ],
            [
              77.6424398,
              12.9754694
            ],
            [
              77.6424382,
              12.975514
            ]
          ]
        ]
      }
    },
    {
      "type": "Feature",
      "id": "BLDG-343454925",
      "properties": {
        "building_type": "yes",
        "osm_id": 343454925,
        "centroid": {
          "lat": 12.975216679999999,
          "lon": 77.64252031999999
        },
        "area_m2": 576.8948476973409,
        "levels": 2,
        "height": 6.4
      },
      "geometry": {
        "type": "Polygon",
        "coordinates": [
          [
            [
              77.6424428,
              12.9753093
            ],
            [
              77.6426299,
              12.9753143
            ],
            [
              77.6426366,
              12.9750778
            ],
            [
              77.6424495,
              12.9750727
            ],
            [
              77.6424428,
              12.9753093
            ]
          ]
        ]
      }
    },
    {
      "type": "Feature",
      "id": "BLDG-343454926",
      "properties": {
        "building_type": "yes",
        "osm_id": 343454926,
        "centroid": {
          "lat": 12.9752338,
          "lon": 77.64272735
        },
        "area_m2": 651.223374746713,
        "levels": 2,
        "height": 6.4
      },
      "geometry": {
        "type": "Polygon",
        "coordinates": [
          [
            [
              77.6426574,
              12.9753315
            ],
            [
              77.6428592,
              12.9753367
            ],
            [
              77.6428659,
              12.9750884
            ],
            [
              77.6426641,
              12.9750832
            ],
            [
              77.6426601,
              12.9752315
            ],
            [
              77.6426574,
              12.9753315
            ]
          ]
        ]
      }
    },
    {
      "type": "Feature",
      "id": "BLDG-343454927",
      "properties": {
        "building_type": "yes",
        "osm_id": 343454927,
        "centroid": {
          "lat": 12.975458805882354,
          "lon": 77.64273869411764
        },
        "area_m2": 532.2612859150959,
        "levels": 2,
        "height": 6.4
      },
      "geometry": {
        "type": "Polygon",
        "coordinates": [
          [
            [
              77.6426517,
              12.9753705
            ],
            [
              77.6426477,
              12.9755406
            ],
            [
              77.6426614,
              12.9755409
            ],
            [
              77.6426611,
              12.9755542
            ],
            [
              77.6427066,
              12.9755553
            ],
            [
              77.6427062,
              12.9755757
            ],
            [
              77.6427752,
              12.9755773
            ],
            [
              77.6427756,
              12.9755592
            ],
            [
              77.6428368,
              12.9755606
            ],
            [
              77.6428409,
              12.9753853
            ],
            [
              77.6428272,
              12.975385
            ],
            [
              77.6428275,
              12.9753724
            ],
            [
              77.6427828,
              12.9753714
            ],
            [
              77.6427831,
              12.9753553
            ],
            [
              77.6427114,
              12.9753537
            ],
            [
              77.6427109,
              12.9753718
            ],
            [
              77.6426517,
              12.9753705
            ]
          ]
        ]
      }
    },
    {
      "type": "Feature",
      "id": "BLDG-343454928",
      "properties": {
        "building_type": "residential",
        "osm_id": 343454928,
        "centroid": {
          "lat": 12.975473,
          "lon": 77.64228394
        },
        "area_m2": 602.7415950284394,
        "levels": 3,
        "height": 9.600000000000001
      },
      "geometry": {
        "type": "Polygon",
        "coordinates": [
          [
            [
              77.6422021,
              12.9755635
            ],
            [
              77.6423987,
              12.9755699
            ],
            [
              77.6424067,
              12.9753373
            ],
            [
              77.6422101,
              12.9753308
            ],
            [
              77.6422021,
              12.9755635
            ]
          ]
        ]
      }
    },
    {
      "type": "Feature",
      "id": "BLDG-343454929",
      "properties": {
        "building_type": "yes",
        "osm_id": 343454929,
        "centroid": {
          "lat": 12.975485879999999,
          "lon": 77.6429487
        },
        "area_m2": 467.90771722803026,
        "levels": 2,
        "height": 6.4
      },
      "geometry": {
        "type": "Polygon",
        "coordinates": [
          [
            [
              77.642874,
              12.9755635
            ],
            [
              77.6430554,
              12.9755681
            ],
            [
              77.6430608,
              12.9753695
            ],
            [
              77.6428793,
              12.9753648
            ],
            [
              77.642874,
              12.9755635
            ]
          ]
        ]
      }
    },
    {
      "type": "Feature",
      "id": "BLDG-343454932",
      "properties": {
        "building_type": "yes",
        "osm_id": 343454932,
        "centroid": {
          "lat": 12.975220444444444,
          "lon": 77.64301115555556
        },
        "area_m2": 448.2920692048828,
        "levels": 2,
        "height": 6.4
      },
      "geometry": {
        "type": "Polygon",
        "coordinates": [
          [
            [
              77.643073,
              12.9751122
            ],
            [
              77.6429081,
              12.9751079
            ],
            [
              77.6429029,
              12.9752979
            ],
            [
              77.6429768,
              12.9752998
            ],
            [
              77.6429763,
              12.9753197
            ],
            [
              77.6430584,
              12.9753218
            ],
            [
              77.6430615,
              12.9752061
            ],
            [
              77.6430704,
              12.9752064
            ],
            [
              77.643073,
              12.9751122
            ]
          ]
        ]
      }
    },
    {
      "type": "Feature",
      "id": "BLDG-343454933",
      "properties": {
        "building_type": "yes",
        "osm_id": 343454933,
        "centroid": {
          "lat": 12.975247200000002,
          "lon": 77.64316851999999
        },
        "area_m2": 523.6540817701256,
        "levels": 2,
        "height": 6.4
      },
      "geometry": {
        "type": "Polygon",
        "coordinates": [
          [
            [
              77.6431006,
              12.9753426
            ],
            [
              77.643261,
              12.9753485
            ],
            [
              77.6432704,
              12.9751041
            ],
            [
              77.64311,
              12.9750982
            ],
            [
              77.6431006,
              12.9753426
            ]
          ]
        ]
      }
    },
    {
      "type": "Feature",
      "id": "BLDG-343455431",
      "properties": {
        "building_type": "house",
        "osm_id": 343455431,
        "centroid": {
          "lat": 12.974614110526316,
          "lon": 77.64338778421053
        },
        "area_m2": 419.79519790411473,
        "levels": 2,
        "height": 6.4
      },
      "geometry": {
        "type": "Polygon",
        "coordinates": [
          [
            [
              77.6432954,
              12.9747446
            ],
            [
              77.6433819,
              12.9747469
            ],
            [
              77.6433823,
              12.9747356
            ],
            [
              77.6434191,
              12.9747366
            ],
            [
              77.6434205,
              12.9746889
            ],
            [
              77.6434542,
              12.9746898
            ],
            [
              77.6434578,
              12.9745605
            ],
            [
              77.6434511,
              12.9745603
            ],
            [
              77.6434513,
              12.9745536
            ],
            [
              77.6434446,
              12.9745534
            ],
            [
              77.6434448,
              12.974546
            ],
            [
              77.6434075,
              12.974545
            ],
            [
              77.6434077,
              12.9745384
            ],
            [
              77.6433576,
              12.9745371
            ],
            [
              77.6433575,
              12.9745414
            ],
            [
              77.6433194,
              12.9745404
            ],
            [
              77.643319,
              12.9745527
            ],
            [
              77.6433008,
              12.9745523
            ],
            [
              77.6432954,
              12.9747446
            ]
          ]
        ]
      }
    },
    {
      "type": "Feature",
      "id": "BLDG-343455432",
      "properties": {
        "building_type": "house",
        "osm_id": 343455432,
        "centroid": {
          "lat": 12.974664213333334,
          "lon": 77.64322212
        },
        "area_m2": 436.15157185996225,
        "levels": 3,
        "height": 9.600000000000001
      },
      "geometry": {
        "type": "Polygon",
        "coordinates": [
          [
            [
              77.6431274,
              12.9747388
            ],
            [
              77.6431945,
              12.9747415
            ],
            [
              77.6431958,
              12.9747108
            ],
            [
              77.643253,
              12.974713
            ],
            [
              77.6432518,
              12.9747414
            ],
            [
              77.6432876,
              12.9747428
            ],
            [
              77.6432901,
              12.9746833
            ],
            [
              77.643279,
              12.9746828
            ],
            [
              77.64328,
              12.9746578
            ],
            [
              77.643287,
              12.974658
            ],
            [
              77.6432922,
              12.9745329
            ],
            [
              77.6431657,
              12.974528
            ],
            [
              77.6431649,
              12.9745472
            ],
            [
              77.6431354,
              12.9745461
            ],
            [
              77.6431274,
              12.9747388
            ]
          ]
        ]
      }
    },
    {
      "type": "Feature",
      "id": "BLDG-343455434",
      "properties": {
        "building_type": "yes",
        "osm_id": 343455434,
        "centroid": {
          "lat": 12.974853466666666,
          "lon": 77.64323331111112
        },
        "area_m2": 408.3290288994328,
        "levels": 2,
        "height": 6.4
      },
      "geometry": {
        "type": "Polygon",
        "coordinates": [
          [
            [
              77.6432902,
              12.974927
            ],
            [
              77.6432944,
              12.9747476
            ],
            [
              77.6432462,
              12.9747465
            ],
            [
              77.6432458,
              12.9747636
            ],
            [
              77.6431295,
              12.974761
            ],
            [
              77.6431254,
              12.9749401
            ],
            [
              77.6432389,
              12.9749426
            ],
            [
              77.6432392,
              12.9749258
            ],
            [
              77.6432902,
              12.974927
            ]
          ]
        ]
      }
    },
    {
      "type": "Feature",
      "id": "BLDG-343455438",
      "properties": {
        "building_type": "yes",
        "osm_id": 343455438,
        "centroid": {
          "lat": 12.97490322,
          "lon": 77.64302843333333
        },
        "area_m2": 301.91279831437276,
        "levels": 2,
        "height": 6.4
      },
      "geometry": {
        "type": "Polygon",
        "coordinates": [
          [
            [
              77.6430988,
              12.9749019
            ],
            [
              77.6430891,
              12.9749016
            ],
            [
              77.643093,
              12.9747746
            ],
            [
              77.6429654,
              12.9747709
            ],
            [
              77.6429616,
              12.9748951
            ],
            [
              77.6429749,
              12.9748954
            ],
            [
              77.6429739,
              12.9749275
            ],
            [
              77.6429847,
              12.9749279
            ],
            [
              77.6429842,
              12.9749462
            ],
            [
              77.6430202,
              12.9749473
            ],
            [
              77.6430207,
              12.9749303
            ],
            [
              77.6430322,
              12.9749306
            ],
            [
              77.6430317,
              12.9749476
            ],
            [
              77.6430973,
              12.9749495
            ],
            [
              77.6430988,
              12.9749019
            ]
          ]
        ]
      }
    },
    {
      "type": "Feature",
      "id": "BLDG-343455440",
      "properties": {
        "building_type": "yes",
        "osm_id": 343455440,
        "centroid": {
          "lat": 12.97487476,
          "lon": 77.64285115999999
        },
        "area_m2": 501.74069037657114,
        "levels": 2,
        "height": 6.4
      },
      "geometry": {
        "type": "Polygon",
        "coordinates": [
          [
            [
              77.6427814,
              12.9749636
            ],
            [
              77.6429475,
              12.9749693
            ],
            [
              77.6429558,
              12.9747415
            ],
            [
              77.6427897,
              12.9747358
            ],
            [
              77.6427814,
              12.9749636
            ]
          ]
        ]
      }
    },
    {
      "type": "Feature",
      "id": "BLDG-343455442",
      "properties": {
        "building_type": "yes",
        "osm_id": 343455442,
        "centroid": {
          "lat": 12.97463342,
          "lon": 77.64279438
        },
        "area_m2": 810.4686034356196,
        "levels": 2,
        "height": 6.4
      },
      "geometry": {
        "type": "Polygon",
        "coordinates": [
          [
            [
              77.6426522,
              12.9746966
            ],
            [
              77.642698,
              12.9746969
            ],
            [
              77.6426979,
              12.9747125
            ],
            [
              77.6427541,
              12.9747129
            ],
            [
              77.642754,
              12.9747195
            ],
            [
              77.6428963,
              12.9747204
            ],
            [
              77.6428964,
              12.974715
            ],
            [
              77.6429515,
              12.9747154
            ],
            [
              77.6429527,
              12.9745404
            ],
            [
              77.6429248,
              12.9745402
            ],
            [
              77.6429249,
              12.9745162
            ],
            [
              77.6427535,
              12.9745151
            ],
            [
              77.6427536,
              12.9745021
            ],
            [
              77.6426536,
              12.9745015
            ],
            [
              77.6426522,
              12.9746966
            ]
          ]
        ]
      }
    },
    {
      "type": "Feature",
      "id": "BLDG-343455444",
      "properties": {
        "building_type": "yes",
        "osm_id": 343455444,
        "centroid": {
          "lat": 12.97485896,
          "lon": 77.64268940000001
        },
        "area_m2": 338.27305501074096,
        "levels": 2,
        "height": 6.4
      },
      "geometry": {
        "type": "Polygon",
        "coordinates": [
          [
            [
              77.6426316,
              12.9749312
            ],
            [
              77.6427694,
              12.9749359
            ],
            [
              77.6427761,
              12.9747506
            ],
            [
              77.6426383,
              12.9747459
            ],
            [
              77.6426316,
              12.9749312
            ]
          ]
        ]
      }
    },
    {
      "type": "Feature",
      "id": "BLDG-343455448",
      "properties": {
        "building_type": "yes",
        "osm_id": 343455448,
        "centroid": {
          "lat": 12.974858860000001,
          "lon": 77.64251451999999
        },
        "area_m2": 383.4926035197747,
        "levels": 2,
        "height": 6.4
      },
      "geometry": {
        "type": "Polygon",
        "coordinates": [
          [
            [
              77.6424542,
              12.9749375
            ],
            [
              77.6425977,
              12.9749424
            ],
            [
              77.642605,
              12.9747409
            ],
            [
              77.6424615,
              12.974736
            ],
            [
              77.6424542,
              12.9749375
            ]
          ]
        ]
      }
    },
    {
      "type": "Feature",
      "id": "BLDG-343455449",
      "properties": {
        "building_type": "yes",
        "osm_id": 343455449,
        "centroid": {
          "lat": 12.97481339,
          "lon": 77.64239506999999
        },
        "area_m2": 310.1304124721106,
        "levels": 2,
        "height": 6.4
      },
      "geometry": {
        "type": "Polygon",
        "coordinates": [
          [
            [
              77.6424139,
              12.9748081
            ],
            [
              77.6424334,
              12.9748088
            ],
            [
              77.642432,
              12.9747897
            ],
            [
              77.642424,
              12.9747722
            ],
            [
              77.6424142,
              12.9747613
            ],
            [
              77.6424018,
              12.9747533
            ],
            [
              77.6423053,
              12.9747513
            ],
            [
              77.6423012,
              12.9749394
            ],
            [
              77.642411,
              12.9749417
            ],
            [
              77.6424139,
              12.9748081
            ]
          ]
        ]
      }
    },
    {
      "type": "Feature",
      "id": "BLDG-343455453",
      "properties": {
        "building_type": "yes",
        "osm_id": 343455453,
        "centroid": {
          "lat": 12.974801668421051,
          "lon": 77.64218978947369
        },
        "area_m2": 384.2035251891201,
        "levels": 2,
        "height": 6.4
      },
      "geometry": {
        "type": "Polygon",
        "coordinates": [
          [
            [
              77.6421166,
              12.9747753
            ],
            [
              77.6421133,
              12.9749244
            ],
            [
              77.6422447,
              12.9749271
            ],
            [
              77.6422453,
              12.974901
            ],
            [
              77.642251,
              12.9749011
            ],
            [
              77.6422515,
              12.97488
            ],
            [
              77.6422658,
              12.9748803
            ],
            [
              77.6422679,
              12.9747833
            ],
            [
              77.6422536,
              12.974783
            ],
            [
              77.6422546,
              12.9747408
            ],
            [
              77.6422148,
              12.97474
            ],
            [
              77.6422073,
              12.9747268
            ],
            [
              77.6421397,
              12.9747254
            ],
            [
              77.6421393,
              12.9747414
            ],
            [
              77.6421344,
              12.9747413
            ],
            [
              77.6421341,
              12.9747549
            ],
            [
              77.642128,
              12.9747547
            ],
            [
              77.6421275,
              12.9747756
            ],
            [
              77.6421166,
              12.9747753
            ]
          ]
        ]
      }
    },
    {
      "type": "Feature",
      "id": "BLDG-343455455",
      "properties": {
        "building_type": "yes",
        "osm_id": 343455455,
        "centroid": {
          "lat": 12.974826519999999,
          "lon": 77.64200522
        },
        "area_m2": 375.6497941692583,
        "levels": 2,
        "height": 6.4
      },
      "geometry": {
        "type": "Polygon",
        "coordinates": [
          [
            [
              77.6419419,
              12.9749002
            ],
            [
              77.6420948,
              12.9749044
            ],
            [
              77.6421002,
              12.974716
            ],
            [
              77.6419473,
              12.9747118
            ],
            [
              77.6419419,
              12.9749002
            ]
          ]
        ]
      }
    },
    {
      "type": "Feature",
      "id": "BLDG-343455457",
      "properties": {
        "building_type": "apartments",
        "osm_id": 343455457,
        "centroid": {
          "lat": 12.974575228571428,
          "lon": 77.6420669857143
        },
        "area_m2": 417.28146751578964,
        "levels": 4,
        "height": 12.8
      },
      "geometry": {
        "type": "Polygon",
        "coordinates": [
          [
            [
              77.6421126,
              12.9745644
            ],
            [
              77.6421141,
              12.9744766
            ],
            [
              77.641963,
              12.9744741
            ],
            [
              77.6419591,
              12.9746902
            ],
            [
              77.6421026,
              12.9746926
            ],
            [
              77.6421049,
              12.9745643
            ],
            [
              77.6421126,
              12.9745644
            ]
          ]
        ]
      }
    },
    {
      "type": "Feature",
      "id": "BLDG-343455458",
      "properties": {
        "building_type": "house",
        "osm_id": 343455458,
        "centroid": {
          "lat": 12.974630355555554,
          "lon": 77.64187923333333
        },
        "area_m2": 299.25947098571993,
        "levels": 2,
        "height": 6.4
      },
      "geometry": {
        "type": "Polygon",
        "coordinates": [
          [
            [
              77.6418796,
              12.9746985
            ],
            [
              77.641945,
              12.9746992
            ],
            [
              77.6419475,
              12.9744987
            ],
            [
              77.641829,
              12.9744973
            ],
            [
              77.6418272,
              12.9746388
            ],
            [
              77.6418626,
              12.9746392
            ],
            [
              77.6418624,
              12.9746514
            ],
            [
              77.6418802,
              12.9746516
            ],
            [
              77.6418796,
              12.9746985
            ]
          ]
        ]
      }
    },
    {
      "type": "Feature",
      "id": "BLDG-343455460",
      "properties": {
        "building_type": "apartments",
        "osm_id": 343455460,
        "centroid": {
          "lat": 12.974842480000001,
          "lon": 77.64187294000001
        },
        "area_m2": 402.1533740922654,
        "levels": 4,
        "height": 12.8
      },
      "geometry": {
        "type": "Polygon",
        "coordinates": [
          [
            [
              77.6419285,
              12.974929
            ],
            [
              77.6419345,
              12.9747166
            ],
            [
              77.6417896,
              12.9747127
            ],
            [
              77.6417836,
              12.9749251
            ],
            [
              77.6419285,
              12.974929
            ]
          ]
        ]
      }
    },
    {
      "type": "Feature",
      "id": "BLDG-343456378",
      "properties": {
        "building_type": "apartments",
        "osm_id": 343456378,
        "centroid": {
          "lat": 12.97435878,
          "lon": 77.6415653
        },
        "area_m2": 422.2544695127646,
        "levels": 3,
        "height": 9.600000000000001
      },
      "geometry": {
        "type": "Polygon",
        "coordinates": [
          [
            [
              77.6414853,
              12.9742943
            ],
            [
              77.641479,
              12.9744474
            ],
            [
              77.6416853,
              12.9744555
            ],
            [
              77.6416916,
              12.9743024
            ],
            [
              77.6414853,
              12.9742943
            ]
          ]
        ]
      }
    },
    {
      "type": "Feature",
      "id": "BLDG-343456379",
      "properties": {
        "building_type": "commercial",
        "osm_id": 343456379,
        "centroid": {
          "lat": 12.9741593,
          "lon": 77.64135086
        },
        "area_m2": 369.50309370122477,
        "levels": 3,
        "height": 9.600000000000001
      },
      "geometry": {
        "type": "Polygon",
        "coordinates": [
          [
            [
              77.6412747,
              12.9740995
            ],
            [
              77.6412696,
              12.9742424
            ],
            [
              77.6414651,
              12.974249
            ],
            [
              77.6414702,
              12.9741061
            ],
            [
              77.6412747,
              12.9740995
            ]
          ]
        ]
      }
    },
    {
      "type": "Feature",
      "id": "BLDG-343456381",
      "properties": {
        "building_type": "apartments",
        "osm_id": 343456381,
        "centroid": {
          "lat": 12.974159080000002,
          "lon": 77.64158012
        },
        "area_m2": 335.1176469056873,
        "levels": 2,
        "height": 6.4
      },
      "geometry": {
        "type": "Polygon",
        "coordinates": [
          [
            [
              77.6415051,
              12.9741027
            ],
            [
              77.6415024,
              12.9742402
            ],
            [
              77.6416927,
              12.9742437
            ],
            [
              77.6416953,
              12.9741061
            ],
            [
              77.6415051,
              12.9741027
            ]
          ]
        ]
      }
    },
    {
      "type": "Feature",
      "id": "BLDG-343456384",
      "properties": {
        "building_type": "retail",
        "osm_id": 343456384,
        "centroid": {
          "lat": 12.974030579999999,
          "lon": 77.64156016
        },
        "area_m2": 228.3948698533662,
        "levels": 2,
        "height": 6.4
      },
      "geometry": {
        "type": "Polygon",
        "coordinates": [
          [
            [
              77.6414935,
              12.9740724
            ],
            [
              77.6416578,
              12.9740757
            ],
            [
              77.6416602,
              12.9739679
            ],
            [
              77.6414958,
              12.9739645
            ],
            [
              77.6414935,
              12.9740724
            ]
          ]
        ]
      }
    },
    {
      "type": "Feature",
      "id": "BLDG-343456385",
      "properties": {
        "building_type": "apartments",
        "osm_id": 343456385,
        "centroid": {
          "lat": 12.974279580000001,
          "lon": 77.6418686
        },
        "area_m2": 172.8116353813539,
        "levels": 3,
        "height": 9.600000000000001
      },
      "geometry": {
        "type": "Polygon",
        "coordinates": [
          [
            [
              77.6418221,
              12.9743255
            ],
            [
              77.6419352,
              12.9743284
            ],
            [
              77.6419384,
              12.9742107
            ],
            [
              77.6418252,
              12.9742078
            ],
            [
              77.6418221,
              12.9743255
            ]
          ]
        ]
      }
    },
    {
      "type": "Feature",
      "id": "BLDG-343456386",
      "properties": {
        "building_type": "apartments",
        "osm_id": 343456386,
        "centroid": {
          "lat": 12.974211875,
          "lon": 77.64201667500001
        },
        "area_m2": 187.03425852257706,
        "levels": 4,
        "height": 12.8
      },
      "geometry": {
        "type": "Polygon",
        "coordinates": [
          [
            [
              77.6420604,
              12.9741649
            ],
            [
              77.6420139,
              12.974164
            ],
            [
              77.6420138,
              12.9741683
            ],
            [
              77.6419498,
              12.9741671
            ],
            [
              77.6419472,
              12.9742965
            ],
            [
              77.6420296,
              12.9742981
            ],
            [
              77.6420583,
              12.9742712
            ],
            [
              77.6420604,
              12.9741649
            ]
          ]
        ]
      }
    },
    {
      "type": "Feature",
      "id": "BLDG-343456388",
      "properties": {
        "building_type": "apartments",
        "osm_id": 343456388,
        "centroid": {
          "lat": 12.974257483999999,
          "lon": 77.642213764
        },
        "area_m2": 565.2441100836353,
        "levels": 2,
        "height": 6.4
      },
      "geometry": {
        "type": "Polygon",
        "coordinates": [
          [
            [
              77.6421524,
              12.9743578
            ],
            [
              77.642268,
              12.9743623
            ],
            [
              77.6422684,
              12.9743524
            ],
            [
              77.6423105,
              12.974354
            ],
            [
              77.6423122,
              12.9743116
            ],
            [
              77.6423381,
              12.9743126
            ],
            [
              77.6423419,
              12.9742184
            ],
            [
              77.642316,
              12.9742174
            ],
            [
              77.6423167,
              12.9742017
            ],
            [
              77.6422821,
              12.9742004
            ],
            [
              77.6422828,
              12.9741832
            ],
            [
              77.6422431,
              12.9741817
            ],
            [
              77.6422424,
              12.9741988
            ],
            [
              77.6421957,
              12.974197
            ],
            [
              77.6421964,
              12.9741799
            ],
            [
              77.6421597,
              12.9741785
            ],
            [
              77.6421592,
              12.9741913
            ],
            [
              77.642119,
              12.9741898
            ],
            [
              77.6421178,
              12.9742191
            ],
            [
              77.6420956,
              12.9742182
            ],
            [
              77.6420923,
              12.9742998
            ],
            [
              77.6421144,
              12.9743007
            ],
            [
              77.6421134,
              12.9743256
            ],
            [
              77.6421536,
              12.9743271
            ],
            [
              77.6421524,
              12.9743578
            ]
          ]
        ]
      }
    },
    {
      "type": "Feature",
      "id": "BLDG-343456389",
      "properties": {
        "building_type": "apartments",
        "osm_id": 343456389,
        "centroid": {
          "lat": 12.974064700000001,
          "lon": 77.64188168181818
        },
        "area_m2": 304.00773795941853,
        "levels": 2,
        "height": 6.4
      },
      "geometry": {
        "type": "Polygon",
        "coordinates": [
          [
            [
              77.6419408,
              12.9741248
            ],
            [
              77.6419417,
              12.9740688
            ],
            [
              77.6419332,
              12.9740687
            ],
            [
              77.6419351,
              12.9739461
            ],
            [
              77.641828,
              12.9739445
            ],
            [
              77.6418267,
              12.9740247
            ],
            [
              77.6418111,
              12.9740244
            ],
            [
              77.6418094,
              12.9741302
            ],
            [
              77.6418658,
              12.974131
            ],
            [
              77.6418659,
              12.9741237
            ],
            [
              77.6419408,
              12.9741248
            ]
          ]
        ]
      }
    },
    {
      "type": "Feature",
      "id": "BLDG-343456390",
      "properties": {
        "building_type": "yes",
        "osm_id": 343456390,
        "centroid": {
          "lat": 12.9740789,
          "lon": 77.64200702000001
        },
        "area_m2": 220.00229748261603,
        "levels": 2,
        "height": 6.4
      },
      "geometry": {
        "type": "Polygon",
        "coordinates": [
          [
            [
              77.6419583,
              12.9741353
            ],
            [
              77.6420766,
              12.9741381
            ],
            [
              77.6420801,
              12.9739943
            ],
            [
              77.6419618,
              12.9739915
            ],
            [
              77.6419583,
              12.9741353
            ]
          ]
        ]
      }
    },
    {
      "type": "Feature",
      "id": "BLDG-343456391",
      "properties": {
        "building_type": "yes",
        "osm_id": 343456391,
        "centroid": {
          "lat": 12.974055246666667,
          "lon": 77.6421972
        },
        "area_m2": 556.5580514969777,
        "levels": 2,
        "height": 6.4
      },
      "geometry": {
        "type": "Polygon",
        "coordinates": [
          [
            [
              77.6420866,
              12.9741577
            ],
            [
              77.6421415,
              12.97416
            ],
            [
              77.6421425,
              12.974138
            ],
            [
              77.6422636,
              12.9741431
            ],
            [
              77.6422681,
              12.974043
            ],
            [
              77.6423215,
              12.9740452
            ],
            [
              77.6423231,
              12.9740089
            ],
            [
              77.6422524,
              12.9740059
            ],
            [
              77.6422531,
              12.9739912
            ],
            [
              77.6422332,
              12.9739904
            ],
            [
              77.642234,
              12.9739733
            ],
            [
              77.6421308,
              12.973969
            ],
            [
              77.6421284,
              12.9740234
            ],
            [
              77.6420926,
              12.9740219
            ],
            [
              77.6420866,
              12.9741577
            ]
          ]
        ]
      }
    },
    {
      "type": "Feature",
      "id": "BLDG-343456392",
      "properties": {
        "building_type": "yes",
        "osm_id": 343456392,
        "centroid": {
          "lat": 12.974299071428572,
          "lon": 77.64254737142858
        },
        "area_m2": 242.00784990001452,
        "levels": 2,
        "height": 6.4
      },
      "geometry": {
        "type": "Polygon",
        "coordinates": [
          [
            [
              77.6425768,
              12.9743596
            ],
            [
              77.642578,
              12.974288
            ],
            [
              77.6425935,
              12.9742883
            ],
            [
              77.6425946,
              12.9742212
            ],
            [
              77.6424571,
              12.9742191
            ],
            [
              77.6424548,
              12.9743577
            ],
            [
              77.6425768,
              12.9743596
            ]
          ]
        ]
      }
    },
    {
      "type": "Feature",
      "id": "BLDG-343456394",
      "properties": {
        "building_type": "yes",
        "osm_id": 343456394,
        "centroid": {
          "lat": 12.974080061538462,
          "lon": 77.64250166923077
        },
        "area_m2": 518.5726549108533,
        "levels": 2,
        "height": 6.4
      },
      "geometry": {
        "type": "Polygon",
        "coordinates": [
          [
            [
              77.6424124,
              12.9741437
            ],
            [
              77.6424619,
              12.974145
            ],
            [
              77.6424615,
              12.9741579
            ],
            [
              77.6425061,
              12.9741591
            ],
            [
              77.6425064,
              12.9741461
            ],
            [
              77.6426232,
              12.9741491
            ],
            [
              77.6426267,
              12.9740192
            ],
            [
              77.6426146,
              12.9740189
            ],
            [
              77.642616,
              12.9739674
            ],
            [
              77.642433,
              12.9739627
            ],
            [
              77.6424316,
              12.9740142
            ],
            [
              77.6424159,
              12.9740138
            ],
            [
              77.6424124,
              12.9741437
            ]
          ]
        ]
      }
    },
    {
      "type": "Feature",
      "id": "BLDG-343456398",
      "properties": {
        "building_type": "yes",
        "osm_id": 343456398,
        "centroid": {
          "lat": 12.9740979,
          "lon": 77.64304408000001
        },
        "area_m2": 666.5550110752245,
        "levels": 2,
        "height": 6.4
      },
      "geometry": {
        "type": "Polygon",
        "coordinates": [
          [
            [
              77.6429389,
              12.9741741
            ],
            [
              77.6431957,
              12.9741817
            ],
            [
              77.6432019,
              12.9739836
            ],
            [
              77.642945,
              12.973976
            ],
            [
              77.6429389,
              12.9741741
            ]
          ]
        ]
      }
    },
    {
      "type": "Feature",
      "id": "BLDG-343456400",
      "properties": {
        "building_type": "apartments",
        "osm_id": 343456400,
        "centroid": {
          "lat": 12.974102980000001,
          "lon": 77.64331562
        },
        "area_m2": 471.4019528257701,
        "levels": 5,
        "height": 16.0
      },
      "geometry": {
        "type": "Polygon",
        "coordinates": [
          [
            [
              77.6432319,
              12.9741713
            ],
            [
              77.6434357,
              12.9741773
            ],
            [
              77.6434412,
              12.9740005
            ],
            [
              77.6432374,
              12.9739945
            ],
            [
              77.6432319,
              12.9741713
            ]
          ]
        ]
      }
    },
    {
      "type": "Feature",
      "id": "BLDG-343456401",
      "properties": {
        "building_type": "house",
        "osm_id": 343456401,
        "centroid": {
          "lat": 12.974306680000002,
          "lon": 77.64332354000001
        },
        "area_m2": 403.0319845640505,
        "levels": 2,
        "height": 6.4
      },
      "geometry": {
        "type": "Polygon",
        "coordinates": [
          [
            [
              77.6432489,
              12.9743725
            ],
            [
              77.6434302,
              12.9743779
            ],
            [
              77.6434355,
              12.9742079
            ],
            [
              77.6432542,
              12.9742026
            ],
            [
              77.6432489,
              12.9743725
            ]
          ]
        ]
      }
    },
    {
      "type": "Feature",
      "id": "BLDG-343458650",
      "properties": {
        "building_type": "school",
        "osm_id": 343458650,
        "centroid": {
          "lat": 12.973704414285715,
          "lon": 77.6413757
        },
        "area_m2": 400.27232699170884,
        "levels": 4,
        "height": 12.8
      },
      "geometry": {
        "type": "Polygon",
        "coordinates": [
          [
            [
              77.6412981,
              12.9736974
            ],
            [
              77.6413002,
              12.9736222
            ],
            [
              77.6415239,
              12.9736279
            ],
            [
              77.6415202,
              12.973765
            ],
            [
              77.641393,
              12.9737617
            ],
            [
              77.6412964,
              12.9737593
            ],
            [
              77.6412981,
              12.9736974
            ]
          ]
        ]
      }
    },
    {
      "type": "Feature",
      "id": "BLDG-343458651",
      "properties": {
        "building_type": "house",
        "osm_id": 343458651,
        "centroid": {
          "lat": 12.973690959999999,
          "lon": 77.64159886
        },
        "area_m2": 174.32736481156223,
        "levels": 2,
        "height": 6.4
      },
      "geometry": {
        "type": "Polygon",
        "coordinates": [
          [
            [
              77.6415422,
              12.9736527
            ],
            [
              77.641539,
              12.9737436
            ],
            [
              77.6416839,
              12.9737483
            ],
            [
              77.641687,
              12.9736575
            ],
            [
              77.6415422,
              12.9736527
            ]
          ]
        ]
      }
    },
    {
      "type": "Feature",
      "id": "BLDG-343458652",
      "properties": {
        "building_type": "retail",
        "osm_id": 343458652,
        "centroid": {
          "lat": 12.973521120000001,
          "lon": 77.64143688
        },
        "area_m2": 162.08632809738006,
        "levels": 3,
        "height": 9.600000000000001
      },
      "geometry": {
        "type": "Polygon",
        "coordinates": [
          [
            [
              77.6413974,
              12.9734695
            ],
            [
              77.6413958,
              12.9735974
            ],
            [
              77.6414961,
              12.9735986
            ],
            [
              77.6414977,
              12.9734706
            ],
            [
              77.6413974,
              12.9734695
            ]
          ]
        ]
      }
    },
    {
      "type": "Feature",
      "id": "BLDG-343458653",
      "properties": {
        "building_type": "house",
        "osm_id": 343458653,
        "centroid": {
          "lat": 12.97356054,
          "lon": 77.64162014
        },
        "area_m2": 221.14802726543516,
        "levels": 2,
        "height": 6.4
      },
      "geometry": {
        "type": "Polygon",
        "coordinates": [
          [
            [
              77.641565,
              12.9735111
            ],
            [
              77.6415614,
              12.9736306
            ],
            [
              77.6417028,
              12.9736348
            ],
            [
              77.6417065,
              12.9735151
            ],
            [
              77.641565,
              12.9735111
            ]
          ]
        ]
      }
    },
    {
      "type": "Feature",
      "id": "BLDG-343458655",
      "properties": {
        "building_type": "house",
        "osm_id": 343458655,
        "centroid": {
          "lat": 12.973410139999999,
          "lon": 77.64163063999999
        },
        "area_m2": 221.91180605373296,
        "levels": 2,
        "height": 6.4
      },
      "geometry": {
        "type": "Polygon",
        "coordinates": [
          [
            [
              77.641578,
              12.9733589
            ],
            [
              77.6415735,
              12.9734824
            ],
            [
              77.6417096,
              12.973487
            ],
            [
              77.6417141,
              12.9733635
            ],
            [
              77.641578,
              12.9733589
            ]
          ]
        ]
      }
    },
    {
      "type": "Feature",
      "id": "BLDG-343458656",
      "properties": {
        "building_type": "apartments",
        "osm_id": 343458656,
        "centroid": {
          "lat": 12.97328124,
          "lon": 77.64163255999999
        },
        "area_m2": 226.52109215657765,
        "levels": 2,
        "height": 6.4
      },
      "geometry": {
        "type": "Polygon",
        "coordinates": [
          [
            [
              77.6415655,
              12.973239
            ],
            [
              77.6415623,
              12.9733393
            ],
            [
              77.6417331,
              12.9733446
            ],
            [
              77.6417364,
              12.9732443
            ],
            [
              77.6415655,
              12.973239
            ]
          ]
        ]
      }
    },
    {
      "type": "Feature",
      "id": "BLDG-343458659",
      "properties": {
        "building_type": "yes",
        "osm_id": 343458659,
        "centroid": {
          "lat": 12.97301038,
          "lon": 77.6416596
        },
        "area_m2": 248.05573594254102,
        "levels": 2,
        "height": 6.4
      },
      "geometry": {
        "type": "Polygon",
        "coordinates": [
          [
            [
              77.6415956,
              12.9729621
            ],
            [
              77.6415922,
              12.9730783
            ],
            [
              77.6417556,
              12.9730828
            ],
            [
              77.641759,
              12.9729666
            ],
            [
              77.6415956,
              12.9729621
            ]
          ]
        ]
      }
    },
    {
      "type": "Feature",
      "id": "BLDG-343458661",
      "properties": {
        "building_type": "retail",
        "osm_id": 343458661,
        "centroid": {
          "lat": 12.972854033333334,
          "lon": 77.6414222
        },
        "area_m2": 308.6219524566114,
        "levels": 3,
        "height": 9.600000000000001
      },
      "geometry": {
        "type": "Polygon",
        "coordinates": [
          [
            [
              77.6413396,
              12.9728131
            ],
            [
              77.641336,
              12.9729285
            ],
            [
              77.641539,
              12.9729344
            ],
            [
              77.6415425,
              12.9728191
            ],
            [
              77.6414365,
              12.972816
            ],
            [
              77.6413396,
              12.9728131
            ]
          ]
        ]
      }
    },
    {
      "type": "Feature",
      "id": "BLDG-343458662",
      "properties": {
        "building_type": "yes",
        "osm_id": 343458662,
        "centroid": {
          "lat": 12.97287092,
          "lon": 77.64166639999999
        },
        "area_m2": 305.5709032275643,
        "levels": 2,
        "height": 6.4
      },
      "geometry": {
        "type": "Polygon",
        "coordinates": [
          [
            [
              77.6415986,
              12.9728142
            ],
            [
              77.6415959,
              12.9729528
            ],
            [
              77.6417681,
              12.972956
            ],
            [
              77.6417708,
              12.9728174
            ],
            [
              77.6415986,
              12.9728142
            ]
          ]
        ]
      }
    },
    {
      "type": "Feature",
      "id": "BLDG-343458663",
      "properties": {
        "building_type": "house",
        "osm_id": 343458663,
        "centroid": {
          "lat": 12.9727252,
          "lon": 77.64141902
        },
        "area_m2": 338.13271881894053,
        "levels": 3,
        "height": 9.600000000000001
      },
      "geometry": {
        "type": "Polygon",
        "coordinates": [
          [
            [
              77.6413393,
              12.972779
            ],
            [
              77.6415374,
              12.9727806
            ],
            [
              77.6415386,
              12.9726445
            ],
            [
              77.6413405,
              12.9726429
            ],
            [
              77.6413393,
              12.972779
            ]
          ]
        ]
      }
    },
    {
      "type": "Feature",
      "id": "BLDG-343458664",
      "properties": {
        "building_type": "retail",
        "osm_id": 343458664,
        "centroid": {
          "lat": 12.972519299999998,
          "lon": 77.6414392
        },
        "area_m2": 387.594018020353,
        "levels": 2,
        "height": 6.4
      },
      "geometry": {
        "type": "Polygon",
        "coordinates": [
          [
            [
              77.6413573,
              12.9724594
            ],
            [
              77.6413547,
              12.9726056
            ],
            [
              77.641562,
              12.9726092
            ],
            [
              77.6415647,
              12.9724629
            ],
            [
              77.6413573,
              12.9724594
            ]
          ]
        ]
      }
    },
    {
      "type": "Feature",
      "id": "BLDG-343458665",
      "properties": {
        "building_type": "yes",
        "osm_id": 343458665,
        "centroid": {
          "lat": 12.97274118,
          "lon": 77.64166134
        },
        "area_m2": 258.37358778025924,
        "levels": 2,
        "height": 6.4
      },
      "geometry": {
        "type": "Polygon",
        "coordinates": [
          [
            [
              77.6415884,
              12.9726963
            ],
            [
              77.641773,
              12.9727
            ],
            [
              77.6417708,
              12.9728085
            ],
            [
              77.6415861,
              12.9728048
            ],
            [
              77.6415884,
              12.9726963
            ]
          ]
        ]
      }
    },
    {
      "type": "Feature",
      "id": "BLDG-343458669",
      "properties": {
        "building_type": "yes",
        "osm_id": 343458669,
        "centroid": {
          "lat": 12.972475359999999,
          "lon": 77.64166158
        },
        "area_m2": 279.19114938198175,
        "levels": 2,
        "height": 6.4
      },
      "geometry": {
        "type": "Polygon",
        "coordinates": [
          [
            [
              77.641593,
              12.9724252
            ],
            [
              77.6417691,
              12.9724317
            ],
            [
              77.6417644,
              12.9725506
            ],
            [
              77.6415884,
              12.9725441
            ],
            [
              77.641593,
              12.9724252
            ]
          ]
        ]
      }
    },
    {
      "type": "Feature",
      "id": "BLDG-343458670",
      "properties": {
        "building_type": "yes",
        "osm_id": 343458670,
        "centroid": {
          "lat": 12.972342059999999,
          "lon": 77.64167012
        },
        "area_m2": 278.69584517652703,
        "levels": 2,
        "height": 6.4
      },
      "geometry": {
        "type": "Polygon",
        "coordinates": [
          [
            [
              77.6416074,
              12.9722889
            ],
            [
              77.6416007,
              12.9724135
            ],
            [
              77.6417642,
              12.9724218
            ],
            [
              77.6417709,
              12.9722972
            ],
            [
              77.6416074,
              12.9722889
            ]
          ]
        ]
      }
    },
    {
      "type": "Feature",
      "id": "BLDG-343458671",
      "properties": {
        "building_type": "retail",
        "osm_id": 343458671,
        "centroid": {
          "lat": 12.972351459999999,
          "lon": 77.6414488
        },
        "area_m2": 406.1317017481199,
        "levels": 4,
        "height": 12.8
      },
      "geometry": {
        "type": "Polygon",
        "coordinates": [
          [
            [
              77.6413653,
              12.97229
            ],
            [
              77.6413624,
              12.9724396
            ],
            [
              77.641574,
              12.9724436
            ],
            [
              77.641577,
              12.9722941
            ],
            [
              77.6413653,
              12.97229
            ]
          ]
        ]
      }
    },
    {
      "type": "Feature",
      "id": "BLDG-343458672",
      "properties": {
        "building_type": "yes",
        "osm_id": 343458672,
        "centroid": {
          "lat": 12.97219666,
          "lon": 77.64169344000001
        },
        "area_m2": 218.53523602194517,
        "levels": 2,
        "height": 6.4
      },
      "geometry": {
        "type": "Polygon",
        "coordinates": [
          [
            [
              77.6416341,
              12.9721504
            ],
            [
              77.6416316,
              12.972263
            ],
            [
              77.6417825,
              12.9722661
            ],
            [
              77.6417849,
              12.9721534
            ],
            [
              77.6416341,
              12.9721504
            ]
          ]
        ]
      }
    },
    {
      "type": "Feature",
      "id": "BLDG-343458674",
      "properties": {
        "building_type": "commercial",
        "osm_id": 343458674,
        "centroid": {
          "lat": 12.973693459999998,
          "lon": 77.6420289
        },
        "area_m2": 331.22236274971436,
        "levels": 2,
        "height": 6.4
      },
      "geometry": {
        "type": "Polygon",
        "coordinates": [
          [
            [
              77.6419703,
              12.9737634
            ],
            [
              77.6421109,
              12.9737677
            ],
            [
              77.6421168,
              12.9735886
            ],
            [
              77.6419762,
              12.9735842
            ],
            [
              77.6419703,
              12.9737634
            ]
          ]
        ]
      }
    },
    {
      "type": "Feature",
      "id": "BLDG-343458675",
      "properties": {
        "building_type": "house",
        "osm_id": 343458675,
        "centroid": {
          "lat": 12.97363862,
          "lon": 77.64189072
        },
        "area_m2": 214.42088449924339,
        "levels": 2,
        "height": 6.4
      },
      "geometry": {
        "type": "Polygon",
        "coordinates": [
          [
            [
              77.6418494,
              12.9735772
            ],
            [
              77.6418444,
              12.9737274
            ],
            [
              77.6419527,
              12.9737308
            ],
            [
              77.6419577,
              12.9735805
            ],
            [
              77.6418494,
              12.9735772
            ]
          ]
        ]
      }
    },
    {
      "type": "Feature",
      "id": "BLDG-343458676",
      "properties": {
        "building_type": "apartments",
        "osm_id": 343458676,
        "centroid": {
          "lat": 12.97348088,
          "lon": 77.64190716
        },
        "area_m2": 150.27159799634828,
        "levels": 2,
        "height": 6.4
      },
      "geometry": {
        "type": "Polygon",
        "coordinates": [
          [
            [
              77.6418722,
              12.9734318
            ],
            [
              77.6418662,
              12.97355
            ],
            [
              77.6419596,
              12.9735545
            ],
            [
              77.6419656,
              12.9734363
            ],
            [
              77.6418722,
              12.9734318
            ]
          ]
        ]
      }
    },
    {
      "type": "Feature",
      "id": "BLDG-343458677",
      "properties": {
        "building_type": "house",
        "osm_id": 343458677,
        "centroid": {
          "lat": 12.973492199999999,
          "lon": 77.64202832000001
        },
        "area_m2": 176.0540297305966,
        "levels": 2,
        "height": 6.4
      },
      "geometry": {
        "type": "Polygon",
        "coordinates": [
          [
            [
              77.6419833,
              12.9734416
            ],
            [
              77.6419835,
              12.9735683
            ],
            [
              77.6420959,
              12.9735681
            ],
            [
              77.6420956,
              12.9734414
            ],
            [
              77.6419833,
              12.9734416
            ]
          ]
        ]
      }
    },
    {
      "type": "Feature",
      "id": "BLDG-343458678",
      "properties": {
        "building_type": "house",
        "osm_id": 343458678,
        "centroid": {
          "lat": 12.973492340000002,
          "lon": 77.6421583
        },
        "area_m2": 162.65814571690797,
        "levels": 2,
        "height": 6.4
      },
      "geometry": {
        "type": "Polygon",
        "coordinates": [
          [
            [
              77.6421236,
              12.9734379
            ],
            [
              77.6421185,
              12.9735706
            ],
            [
              77.6422103,
              12.973574
            ],
            [
              77.6422155,
              12.9734413
            ],
            [
              77.6421236,
              12.9734379
            ]
          ]
        ]
      }
    },
    {
      "type": "Feature",
      "id": "BLDG-343458680",
      "properties": {
        "building_type": "retail",
        "osm_id": 343458680,
        "centroid": {
          "lat": 12.97365714,
          "lon": 77.64217502
        },
        "area_m2": 179.42949090999667,
        "levels": 2,
        "height": 6.4
      },
      "geometry": {
        "type": "Polygon",
        "coordinates": [
          [
            [
              77.6421382,
              12.9735983
            ],
            [
              77.6421347,
              12.9737433
            ],
            [
              77.6422303,
              12.9737454
            ],
            [
              77.6422337,
              12.9736004
            ],
            [
              77.6421382,
              12.9735983
            ]
          ]
        ]
      }
    },
    {
      "type": "Feature",
      "id": "BLDG-343458681",
      "properties": {
        "building_type": "house",
        "osm_id": 343458681,
        "centroid": {
          "lat": 12.973662142857142,
          "lon": 77.64232847142857
        },
        "area_m2": 315.83035350544094,
        "levels": 2,
        "height": 6.4
      },
      "geometry": {
        "type": "Polygon",
        "coordinates": [
          [
            [
              77.6422539,
              12.9735944
            ],
            [
              77.6422487,
              12.9737632
            ],
            [
              77.6423734,
              12.9737669
            ],
            [
              77.6423767,
              12.9736585
            ],
            [
              77.6423954,
              12.973659
            ],
            [
              77.6423973,
              12.9735986
            ],
            [
              77.6422539,
              12.9735944
            ]
          ]
        ]
      }
    },
    {
      "type": "Feature",
      "id": "BLDG-343458682",
      "properties": {
        "building_type": "house",
        "osm_id": 343458682,
        "centroid": {
          "lat": 12.97347598,
          "lon": 77.64228438
        },
        "area_m2": 274.2962625188899,
        "levels": 2,
        "height": 6.4
      },
      "geometry": {
        "type": "Polygon",
        "coordinates": [
          [
            [
              77.6422343,
              12.973411
            ],
            [
              77.6422284,
              12.9735688
            ],
            [
              77.6423595,
              12.9735735
            ],
            [
              77.6423654,
              12.9734156
            ],
            [
              77.6422343,
              12.973411
            ]
          ]
        ]
      }
    },
    {
      "type": "Feature",
      "id": "BLDG-343458683",
      "properties": {
        "building_type": "house",
        "osm_id": 343458683,
        "centroid": {
          "lat": 12.973491999999998,
          "lon": 77.64241756
        },
        "area_m2": 127.56978586058426,
        "levels": 2,
        "height": 6.4
      },
      "geometry": {
        "type": "Polygon",
        "coordinates": [
          [
            [
              77.6423857,
              12.9734478
            ],
            [
              77.6423787,
              12.9735528
            ],
            [
              77.6424653,
              12.9735583
            ],
            [
              77.6424724,
              12.9734533
            ],
            [
              77.6423857,
              12.9734478
            ]
          ]
        ]
      }
    },
    {
      "type": "Feature",
      "id": "BLDG-343458684",
      "properties": {
        "building_type": "house",
        "osm_id": 343458684,
        "centroid": {
          "lat": 12.97348258,
          "lon": 77.64265470000001
        },
        "area_m2": 203.27900418998945,
        "levels": 2,
        "height": 6.4
      },
      "geometry": {
        "type": "Polygon",
        "coordinates": [
          [
            [
              77.6426098,
              12.9734291
            ],
            [
              77.6426042,
              12.973558
            ],
            [
              77.6427221,
              12.9735628
            ],
            [
              77.6427276,
              12.9734339
            ],
            [
              77.6426098,
              12.9734291
            ]
          ]
        ]
      }
    },
    {
      "type": "Feature",
      "id": "BLDG-343458685",
      "properties": {
        "building_type": "house",
        "osm_id": 343458685,
        "centroid": {
          "lat": 12.97367676,
          "lon": 77.64244544
        },
        "area_m2": 178.91582841415448,
        "levels": 2,
        "height": 6.4
      },
      "geometry": {
        "type": "Polygon",
        "coordinates": [
          [
            [
              77.6424052,
              12.9736235
            ],
            [
              77.6424009,
              12.9737534
            ],
            [
              77.6425059,
              12.9737566
            ],
            [
              77.64251,
              12.9736268
            ],
            [
              77.6424052,
              12.9736235
            ]
          ]
        ]
      }
    },
    {
      "type": "Feature",
      "id": "BLDG-343458686",
      "properties": {
        "building_type": "apartments",
        "osm_id": 343458686,
        "centroid": {
          "lat": 12.973660240000001,
          "lon": 77.64260056
        },
        "area_m2": 307.8077807703685,
        "levels": 4,
        "height": 12.8
      },
      "geometry": {
        "type": "Polygon",
        "coordinates": [
          [
            [
              77.6425498,
              12.9735866
            ],
            [
              77.6425454,
              12.9737677
            ],
            [
              77.6426767,
              12.9737707
            ],
            [
              77.6426811,
              12.9735896
            ],
            [
              77.6425498,
              12.9735866
            ]
          ]
        ]
      }
    },
    {
      "type": "Feature",
      "id": "BLDG-343458689",
      "properties": {
        "building_type": "apartments",
        "osm_id": 343458689,
        "centroid": {
          "lat": 12.97350904,
          "lon": 77.64278626000001
        },
        "area_m2": 144.0322435755978,
        "levels": 2,
        "height": 6.4
      },
      "geometry": {
        "type": "Polygon",
        "coordinates": [
          [
            [
              77.6427467,
              12.9735541
            ],
            [
              77.6428421,
              12.9735569
            ],
            [
              77.6428456,
              12.9734414
            ],
            [
              77.6427502,
              12.9734387
            ],
            [
              77.6427467,
              12.9735541
            ]
          ]
        ]
      }
    },
    {
      "type": "Feature",
      "id": "BLDG-343458692",
      "properties": {
        "building_type": "retail",
        "osm_id": 343458692,
        "centroid": {
          "lat": 12.973688820000001,
          "lon": 77.64300856
        },
        "area_m2": 194.88815677746072,
        "levels": 2,
        "height": 6.4
      },
      "geometry": {
        "type": "Polygon",
        "coordinates": [
          [
            [
              77.64297,
              12.9736281
            ],
            [
              77.6429661,
              12.9737775
            ],
            [
              77.6430664,
              12.9737799
            ],
            [
              77.6430703,
              12.9736305
            ],
            [
              77.64297,
              12.9736281
            ]
          ]
        ]
      }
    },
    {
      "type": "Feature",
      "id": "BLDG-343458693",
      "properties": {
        "building_type": "yes",
        "osm_id": 343458693,
        "centroid": {
          "lat": 12.97351702,
          "lon": 77.64303668
        },
        "area_m2": 263.3602661064419,
        "levels": 2,
        "height": 6.4
      },
      "geometry": {
        "type": "Polygon",
        "coordinates": [
          [
            [
              77.6429916,
              12.9734521
            ],
            [
              77.6429821,
              12.9736073
            ],
            [
              77.6431043,
              12.9736144
            ],
            [
              77.6431138,
              12.9734592
            ],
            [
              77.6429916,
              12.9734521
            ]
          ]
        ]
      }
    },
    {
      "type": "Feature",
      "id": "BLDG-343604562",
      "properties": {
        "building_type": "apartments",
        "osm_id": 343604562,
        "centroid": {
          "lat": 12.97193016,
          "lon": 77.6414638
        },
        "area_m2": 341.3725257577244,
        "levels": 3,
        "height": 9.600000000000001
      },
      "geometry": {
        "type": "Polygon",
        "coordinates": [
          [
            [
              77.6413787,
              12.971978
            ],
            [
              77.6415881,
              12.9719833
            ],
            [
              77.6415915,
              12.9718584
            ],
            [
              77.641382,
              12.9718531
            ],
            [
              77.6413787,
              12.971978
            ]
          ]
        ]
      }
    },
    {
      "type": "Feature",
      "id": "BLDG-343604563",
      "properties": {
        "building_type": "apartments",
        "osm_id": 343604563,
        "centroid": {
          "lat": 12.971936959999999,
          "lon": 77.64169282
        },
        "area_m2": 309.50549135274656,
        "levels": 3,
        "height": 9.600000000000001
      },
      "geometry": {
        "type": "Polygon",
        "coordinates": [
          [
            [
              77.641624,
              12.9718829
            ],
            [
              77.6416171,
              12.9720088
            ],
            [
              77.6417961,
              12.9720181
            ],
            [
              77.6418029,
              12.9718921
            ],
            [
              77.641624,
              12.9718829
            ]
          ]
        ]
      }
    },
    {
      "type": "Feature",
      "id": "BLDG-343604564",
      "properties": {
        "building_type": "retail",
        "osm_id": 343604564,
        "centroid": {
          "lat": 12.97173522,
          "lon": 77.64147990000001
        },
        "area_m2": 298.76946480175263,
        "levels": 3,
        "height": 9.600000000000001
      },
      "geometry": {
        "type": "Polygon",
        "coordinates": [
          [
            [
              77.6414089,
              12.9716808
            ],
            [
              77.6414085,
              12.9718164
            ],
            [
              77.6415864,
              12.9718168
            ],
            [
              77.6415868,
              12.9716813
            ],
            [
              77.6414089,
              12.9716808
            ]
          ]
        ]
      }
    },
    {
      "type": "Feature",
      "id": "BLDG-343632871",
      "properties": {
        "building_type": "retail",
        "osm_id": 343632871,
        "centroid": {
          "lat": 12.97193916,
          "lon": 77.64220222
        },
        "area_m2": 222.47290439130768,
        "levels": 2,
        "height": 6.4
      },
      "geometry": {
        "type": "Polygon",
        "coordinates": [
          [
            [
              77.6421435,
              12.9719826
            ],
            [
              77.642284,
              12.9719898
            ],
            [
              77.6422903,
              12.971874
            ],
            [
              77.6421498,
              12.9718668
            ],
            [
              77.6421435,
              12.9719826
            ]
          ]
        ]
      }
    },
    {
      "type": "Feature",
      "id": "BLDG-343632872",
      "properties": {
        "building_type": "apartments",
        "osm_id": 343632872,
        "centroid": {
          "lat": 12.97179252,
          "lon": 77.64201788
        },
        "area_m2": 180.5746046502866,
        "levels": 1,
        "height": 3.2
      },
      "geometry": {
        "type": "Polygon",
        "coordinates": [
          [
            [
              77.6419536,
              12.9718226
            ],
            [
              77.6421098,
              12.9718306
            ],
            [
              77.6421143,
              12.9717474
            ],
            [
              77.6419581,
              12.9717394
            ],
            [
              77.6419536,
              12.9718226
            ]
          ]
        ]
      }
    },
    {
      "type": "Feature",
      "id": "BLDG-343632873",
      "properties": {
        "building_type": "yes",
        "osm_id": 343632873,
        "centroid": {
          "lat": 12.971775680000002,
          "lon": 77.6424729
        },
        "area_m2": 217.0962664225132,
        "levels": 2,
        "height": 6.4
      },
      "geometry": {
        "type": "Polygon",
        "coordinates": [
          [
            [
              77.6424082,
              12.9718157
            ],
            [
              77.6425669,
              12.9718201
            ],
            [
              77.64257,
              12.9717157
            ],
            [
              77.6424112,
              12.9717112
            ],
            [
              77.6424082,
              12.9718157
            ]
          ]
        ]
      }
    },
    {
      "type": "Feature",
      "id": "BLDG-343634296",
      "properties": {
        "building_type": "yes",
        "osm_id": 343634296,
        "centroid": {
          "lat": 12.97178652,
          "lon": 77.64308504
        },
        "area_m2": 206.55170820932983,
        "levels": 2,
        "height": 6.4
      },
      "geometry": {
        "type": "Polygon",
        "coordinates": [
          [
            [
              77.6430235,
              12.9718274
            ],
            [
              77.6431749,
              12.9718308
            ],
            [
              77.6431773,
              12.9717252
            ],
            [
              77.643026,
              12.9717218
            ],
            [
              77.6430235,
              12.9718274
            ]
          ]
        ]
      }
    },
    {
      "type": "Feature",
      "id": "BLDG-343634302",
      "properties": {
        "building_type": "house",
        "osm_id": 343634302,
        "centroid": {
          "lat": 12.971754,
          "lon": 77.64264758
        },
        "area_m2": 204.60745439682753,
        "levels": 2,
        "height": 6.4
      },
      "geometry": {
        "type": "Polygon",
        "coordinates": [
          [
            [
              77.6425808,
              12.9717152
            ],
            [
              77.6425787,
              12.9718085
            ],
            [
              77.6427477,
              12.9718122
            ],
            [
              77.6427499,
              12.9717189
            ],
            [
              77.6425808,
              12.9717152
            ]
          ]
        ]
      }
    },
    {
      "type": "Feature",
      "id": "BLDG-343634337",
      "properties": {
        "building_type": "yes",
        "osm_id": 343634337,
        "centroid": {
          "lat": 12.971887200000001,
          "lon": 77.64247465999999
        },
        "area_m2": 196.68554424134345,
        "levels": 2,
        "height": 6.4
      },
      "geometry": {
        "type": "Polygon",
        "coordinates": [
          [
            [
              77.6424134,
              12.9719256
            ],
            [
              77.6425636,
              12.9719297
            ],
            [
              77.6425666,
              12.9718296
            ],
            [
              77.6424163,
              12.9718255
            ],
            [
              77.6424134,
              12.9719256
            ]
          ]
        ]
      }
    },
    {
      "type": "Feature",
      "id": "BLDG-343634339",
      "properties": {
        "building_type": "house",
        "osm_id": 343634339,
        "centroid": {
          "lat": 12.97186246,
          "lon": 77.64263596
        },
        "area_m2": 192.89597426657625,
        "levels": 2,
        "height": 6.4
      },
      "geometry": {
        "type": "Polygon",
        "coordinates": [
          [
            [
              77.6425744,
              12.9718229
            ],
            [
              77.6425722,
              12.9719183
            ],
            [
              77.6427283,
              12.9719218
            ],
            [
              77.6427305,
              12.9718264
            ],
            [
              77.6425744,
              12.9718229
            ]
          ]
        ]
      }
    },
    {
      "type": "Feature",
      "id": "BLDG-343682069",
      "properties": {
        "building_type": "yes",
        "osm_id": 343682069,
        "centroid": {
          "lat": 12.9717635,
          "lon": 77.64540088
        },
        "area_m2": 105.6284258394465,
        "levels": 2,
        "height": 6.4
      },
      "geometry": {
        "type": "Polygon",
        "coordinates": [
          [
            [
              77.6453635,
              12.9717282
            ],
            [
              77.6453616,
              12.9718145
            ],
            [
              77.645457,
              12.9718164
            ],
            [
              77.6454588,
              12.9717302
            ],
            [
              77.6453635,
              12.9717282
            ]
          ]
        ]
      }
    },
    {
      "type": "Feature",
      "id": "BLDG-343683114",
      "properties": {
        "building_type": "yes",
        "osm_id": 343683114,
        "centroid": {
          "lat": 12.972465385714285,
          "lon": 77.64449604285714
        },
        "area_m2": 790.4127260508809,
        "levels": 2,
        "height": 6.4
      },
      "geometry": {
        "type": "Polygon",
        "coordinates": [
          [
            [
              77.6444034,
              12.9723227
            ],
            [
              77.6443941,
              12.9725515
            ],
            [
              77.6445065,
              12.9725558
            ],
            [
              77.6445053,
              12.9725843
            ],
            [
              77.6446246,
              12.972589
            ],
            [
              77.644635,
              12.9723317
            ],
            [
              77.6444034,
              12.9723227
            ]
          ]
        ]
      }
    },
    {
      "type": "Feature",
      "id": "BLDG-343683118",
      "properties": {
        "building_type": "yes",
        "osm_id": 343683118,
        "centroid": {
          "lat": 12.972017163636364,
          "lon": 77.6437034090909
        },
        "area_m2": 3830.4722401242793,
        "levels": 2,
        "height": 6.4
      },
      "geometry": {
        "type": "Polygon",
        "coordinates": [
          [
            [
              77.6437005,
              12.9722454
            ],
            [
              77.6437096,
              12.9720158
            ],
            [
              77.6438302,
              12.9720203
            ],
            [
              77.6438249,
              12.9721538
            ],
            [
              77.6439802,
              12.9721596
            ],
            [
              77.6439937,
              12.9718196
            ],
            [
              77.643611,
              12.9718051
            ],
            [
              77.6436132,
              12.9717494
            ],
            [
              77.6433966,
              12.9717412
            ],
            [
              77.6433771,
              12.9722332
            ],
            [
              77.6437005,
              12.9722454
            ]
          ]
        ]
      }
    },
    {
      "type": "Feature",
      "id": "BLDG-343683731",
      "properties": {
        "building_type": "yes",
        "osm_id": 343683731,
        "centroid": {
          "lat": 12.97291918,
          "lon": 77.64331490000001
        },
        "area_m2": 167.0636424580736,
        "levels": 2,
        "height": 6.4
      },
      "geometry": {
        "type": "Polygon",
        "coordinates": [
          [
            [
              77.6432539,
              12.9728847
            ],
            [
              77.6432515,
              12.9729664
            ],
            [
              77.6434064,
              12.9729709
            ],
            [
              77.6434088,
              12.9728892
            ],
            [
              77.6432539,
              12.9728847
            ]
          ]
        ]
      }
    },
    {
      "type": "Feature",
      "id": "BLDG-343683732",
      "properties": {
        "building_type": "yes",
        "osm_id": 343683732,
        "centroid": {
          "lat": 12.972801780000001,
          "lon": 77.64331444
        },
        "area_m2": 227.92346838039623,
        "levels": 2,
        "height": 6.4
      },
      "geometry": {
        "type": "Polygon",
        "coordinates": [
          [
            [
              77.6432552,
              12.9727537
            ],
            [
              77.6432523,
              12.9728703
            ],
            [
              77.6434033,
              12.9728739
            ],
            [
              77.6434062,
              12.9727573
            ],
            [
              77.6432552,
              12.9727537
            ]
          ]
        ]
      }
    },
    {
      "type": "Feature",
      "id": "BLDG-343683733",
      "properties": {
        "building_type": "yes",
        "osm_id": 343683733,
        "centroid": {
          "lat": 12.973038120000002,
          "lon": 77.64329524
        },
        "area_m2": 163.5144552024681,
        "levels": 2,
        "height": 6.4
      },
      "geometry": {
        "type": "Polygon",
        "coordinates": [
          [
            [
              77.643234,
              12.9730042
            ],
            [
              77.6432323,
              12.9730859
            ],
            [
              77.6433871,
              12.973089
            ],
            [
              77.6433888,
              12.9730073
            ],
            [
              77.643234,
              12.9730042
            ]
          ]
        ]
      }
    },
    {
      "type": "Feature",
      "id": "BLDG-343683734",
      "properties": {
        "building_type": "yes",
        "osm_id": 343683734,
        "centroid": {
          "lat": 12.97314234,
          "lon": 77.64329404
        },
        "area_m2": 204.60006179668977,
        "levels": 2,
        "height": 6.4
      },
      "geometry": {
        "type": "Polygon",
        "coordinates": [
          [
            [
              77.6432334,
              12.9731003
            ],
            [
              77.6432302,
              12.9732008
            ],
            [
              77.643385,
              12.9732054
            ],
            [
              77.6433882,
              12.9731049
            ],
            [
              77.6432334,
              12.9731003
            ]
          ]
        ]
      }
    },
    {
      "type": "Feature",
      "id": "BLDG-343683735",
      "properties": {
        "building_type": "yes",
        "osm_id": 343683735,
        "centroid": {
          "lat": 12.973045200000001,
          "lon": 77.64346224
        },
        "area_m2": 162.93598425254822,
        "levels": 2,
        "height": 6.4
      },
      "geometry": {
        "type": "Polygon",
        "coordinates": [
          [
            [
              77.6434009,
              12.9730114
            ],
            [
              77.6433993,
              12.9730931
            ],
            [
              77.6435543,
              12.9730959
            ],
            [
              77.6435558,
              12.9730142
            ],
            [
              77.6434009,
              12.9730114
            ]
          ]
        ]
      }
    },
    {
      "type": "Feature",
      "id": "BLDG-343683741",
      "properties": {
        "building_type": "yes",
        "osm_id": 343683741,
        "centroid": {
          "lat": 12.97309024,
          "lon": 77.64396348
        },
        "area_m2": 170.9580641324462,
        "levels": 2,
        "height": 6.4
      },
      "geometry": {
        "type": "Polygon",
        "coordinates": [
          [
            [
              77.6439278,
              12.9730357
            ],
            [
              77.6439215,
              12.9731677
            ],
            [
              77.644017,
              12.973172
            ],
            [
              77.6440233,
              12.9730401
            ],
            [
              77.6439278,
              12.9730357
            ]
          ]
        ]
      }
    },
    {
      "type": "Feature",
      "id": "BLDG-343683744",
      "properties": {
        "building_type": "yes",
        "osm_id": 343683744,
        "centroid": {
          "lat": 12.973257100000001,
          "lon": 77.64417226
        },
        "area_m2": 183.35619360489397,
        "levels": 2,
        "height": 6.4
      },
      "geometry": {
        "type": "Polygon",
        "coordinates": [
          [
            [
              77.6441329,
              12.9732003
            ],
            [
              77.6441297,
              12.97334
            ],
            [
              77.6442313,
              12.9733423
            ],
            [
              77.6442345,
              12.9732026
            ],
            [
              77.6441329,
              12.9732003
            ]
          ]
        ]
      }
    },
    {
      "type": "Feature",
      "id": "BLDG-343683745",
      "properties": {
        "building_type": "yes",
        "osm_id": 343683745,
        "centroid": {
          "lat": 12.97309334,
          "lon": 77.64407666
        },
        "area_m2": 140.8383939500812,
        "levels": 2,
        "height": 6.4
      },
      "geometry": {
        "type": "Polygon",
        "coordinates": [
          [
            [
              77.6440423,
              12.9730433
            ],
            [
              77.6440396,
              12.9731666
            ],
            [
              77.6441282,
              12.9731685
            ],
            [
              77.6441309,
              12.973045
            ],
            [
              77.6440423,
              12.9730433
            ]
          ]
        ]
      }
    },
    {
      "type": "Feature",
      "id": "BLDG-343683746",
      "properties": {
        "building_type": "yes",
        "osm_id": 343683746,
        "centroid": {
          "lat": 12.972796299999999,
          "lon": 77.64429736
        },
        "area_m2": 369.74088900207477,
        "levels": 2,
        "height": 6.4
      },
      "geometry": {
        "type": "Polygon",
        "coordinates": [
          [
            [
              77.6442446,
              12.9727123
            ],
            [
              77.6442391,
              12.9729188
            ],
            [
              77.6443765,
              12.9729223
            ],
            [
              77.644382,
              12.9727158
            ],
            [
              77.6442446,
              12.9727123
            ]
          ]
        ]
      }
    },
    {
      "type": "Feature",
      "id": "BLDG-343683748",
      "properties": {
        "building_type": "house",
        "osm_id": 343683748,
        "centroid": {
          "lat": 12.97309228,
          "lon": 77.64469964
        },
        "area_m2": 164.07271970210837,
        "levels": 2,
        "height": 6.4
      },
      "geometry": {
        "type": "Polygon",
        "coordinates": [
          [
            [
              77.6446472,
              12.9730532
            ],
            [
              77.6446446,
              12.9731474
            ],
            [
              77.6447783,
              12.9731509
            ],
            [
              77.6447809,
              12.9730567
            ],
            [
              77.6446472,
              12.9730532
            ]
          ]
        ]
      }
    },
    {
      "type": "Feature",
      "id": "BLDG-343683749",
      "properties": {
        "building_type": "yes",
        "osm_id": 343683749,
        "centroid": {
          "lat": 12.97308738,
          "lon": 77.64454164
        },
        "area_m2": 164.07271971921486,
        "levels": 2,
        "height": 6.4
      },
      "geometry": {
        "type": "Polygon",
        "coordinates": [
          [
            [
              77.6444892,
              12.9730483
            ],
            [
              77.6444866,
              12.9731425
            ],
            [
              77.6446203,
              12.973146
            ],
            [
              77.6446229,
              12.9730518
            ],
            [
              77.6444892,
              12.9730483
            ]
          ]
        ]
      }
    },
    {
      "type": "Feature",
      "id": "BLDG-343683750",
      "properties": {
        "building_type": "yes",
        "osm_id": 343683750,
        "centroid": {
          "lat": 12.97297438,
          "lon": 77.64455414
        },
        "area_m2": 164.07271970210837,
        "levels": 2,
        "height": 6.4
      },
      "geometry": {
        "type": "Polygon",
        "coordinates": [
          [
            [
              77.6445017,
              12.9729353
            ],
            [
              77.6444991,
              12.9730295
            ],
            [
              77.6446328,
              12.973033
            ],
            [
              77.6446354,
              12.9729388
            ],
            [
              77.6445017,
              12.9729353
            ]
          ]
        ]
      }
    },
    {
      "type": "Feature",
      "id": "BLDG-343683751",
      "properties": {
        "building_type": "apartments",
        "osm_id": 343683751,
        "centroid": {
          "lat": 12.972756780000001,
          "lon": 77.64472088
        },
        "area_m2": 164.19309588206778,
        "levels": 3,
        "height": 9.600000000000001
      },
      "geometry": {
        "type": "Polygon",
        "coordinates": [
          [
            [
              77.6446684,
              12.9727177
            ],
            [
              77.6446658,
              12.9728119
            ],
            [
              77.6447996,
              12.9728154
            ],
            [
              77.6448022,
              12.9727212
            ],
            [
              77.6446684,
              12.9727177
            ]
          ]
        ]
      }
    },
    {
      "type": "Feature",
      "id": "BLDG-343683752",
      "properties": {
        "building_type": "apartments",
        "osm_id": 343683752,
        "centroid": {
          "lat": 12.97286786,
          "lon": 77.64471164
        },
        "area_m2": 163.90478447313626,
        "levels": 2,
        "height": 6.4
      },
      "geometry": {
        "type": "Polygon",
        "coordinates": [
          [
            [
              77.6446592,
              12.9728288
            ],
            [
              77.6446566,
              12.972923
            ],
            [
              77.6447903,
              12.9729264
            ],
            [
              77.6447929,
              12.9728323
            ],
            [
              77.6446592,
              12.9728288
            ]
          ]
        ]
      }
    },
    {
      "type": "Feature",
      "id": "BLDG-343683753",
      "properties": {
        "building_type": "yes",
        "osm_id": 343683753,
        "centroid": {
          "lat": 12.97276536,
          "lon": 77.64456536
        },
        "area_m2": 150.7131826299872,
        "levels": 2,
        "height": 6.4
      },
      "geometry": {
        "type": "Polygon",
        "coordinates": [
          [
            [
              77.6445165,
              12.9728022
            ],
            [
              77.6446352,
              12.9728062
            ],
            [
              77.6446387,
              12.9727101
            ],
            [
              77.6445199,
              12.9727061
            ],
            [
              77.6445165,
              12.9728022
            ]
          ]
        ]
      }
    },
    {
      "type": "Feature",
      "id": "BLDG-343684212",
      "properties": {
        "building_type": "yes",
        "osm_id": 343684212,
        "centroid": {
          "lat": 12.973523460000001,
          "lon": 77.64324326
        },
        "area_m2": 230.39333602873572,
        "levels": 2,
        "height": 6.4
      },
      "geometry": {
        "type": "Polygon",
        "coordinates": [
          [
            [
              77.643189,
              12.9734683
            ],
            [
              77.6431891,
              12.9736062
            ],
            [
              77.6433246,
              12.9736062
            ],
            [
              77.6433246,
              12.9734683
            ],
            [
              77.643189,
              12.9734683
            ]
          ]
        ]
      }
    },
    {
      "type": "Feature",
      "id": "BLDG-343684213",
      "properties": {
        "building_type": "yes",
        "osm_id": 343684213,
        "centroid": {
          "lat": 12.973513739999998,
          "lon": 77.64339324
        },
        "area_m2": 203.75878392710806,
        "levels": 2,
        "height": 6.4
      },
      "geometry": {
        "type": "Polygon",
        "coordinates": [
          [
            [
              77.6433465,
              12.973459
            ],
            [
              77.6433445,
              12.9735942
            ],
            [
              77.6434634,
              12.9735959
            ],
            [
              77.6434653,
              12.9734606
            ],
            [
              77.6433465,
              12.973459
            ]
          ]
        ]
      }
    },
    {
      "type": "Feature",
      "id": "BLDG-343684215",
      "properties": {
        "building_type": "retail",
        "osm_id": 343684215,
        "centroid": {
          "lat": 12.973711400000003,
          "lon": 77.64367806
        },
        "area_m2": 169.19936459752205,
        "levels": 3,
        "height": 9.600000000000001
      },
      "geometry": {
        "type": "Polygon",
        "coordinates": [
          [
            [
              77.6436345,
              12.9736638
            ],
            [
              77.6436313,
              12.9737798
            ],
            [
              77.6437433,
              12.9737828
            ],
            [
              77.6437467,
              12.9736668
            ],
            [
              77.6436345,
              12.9736638
            ]
          ]
        ]
      }
    },
    {
      "type": "Feature",
      "id": "BLDG-343684216",
      "properties": {
        "building_type": "house",
        "osm_id": 343684216,
        "centroid": {
          "lat": 12.97371668,
          "lon": 77.6438199
        },
        "area_m2": 221.83714078728667,
        "levels": 2,
        "height": 6.4
      },
      "geometry": {
        "type": "Polygon",
        "coordinates": [
          [
            [
              77.6437687,
              12.9736621
            ],
            [
              77.6437667,
              12.9737967
            ],
            [
              77.6438967,
              12.9737985
            ],
            [
              77.6438987,
              12.973664
            ],
            [
              77.6437687,
              12.9736621
            ]
          ]
        ]
      }
    },
    {
      "type": "Feature",
      "id": "BLDG-343684217",
      "properties": {
        "building_type": "apartments",
        "osm_id": 343684217,
        "centroid": {
          "lat": 12.97357036,
          "lon": 77.6447001
        },
        "area_m2": 219.9705092962001,
        "levels": 4,
        "height": 12.8
      },
      "geometry": {
        "type": "Polygon",
        "coordinates": [
          [
            [
              77.6446567,
              12.9735106
            ],
            [
              77.6446512,
              12.9736559
            ],
            [
              77.6447652,
              12.97366
            ],
            [
              77.6447707,
              12.9735147
            ],
            [
              77.6446567,
              12.9735106
            ]
          ]
        ]
      }
    },
    {
      "type": "Feature",
      "id": "BLDG-343684218",
      "properties": {
        "building_type": "yes",
        "osm_id": 343684218,
        "centroid": {
          "lat": 12.97356296,
          "lon": 77.64455050000001
        },
        "area_m2": 203.13928403771538,
        "levels": 2,
        "height": 6.4
      },
      "geometry": {
        "type": "Polygon",
        "coordinates": [
          [
            [
              77.644508,
              12.9735064
            ],
            [
              77.6445028,
              12.9736438
            ],
            [
              77.6446143,
              12.9736478
            ],
            [
              77.6446194,
              12.9735104
            ],
            [
              77.644508,
              12.9735064
            ]
          ]
        ]
      }
    },
    {
      "type": "Feature",
      "id": "BLDG-343684219",
      "properties": {
        "building_type": "office",
        "osm_id": 343684219,
        "centroid": {
          "lat": 12.97374078,
          "lon": 77.64453166000001
        },
        "area_m2": 288.14075417753037,
        "levels": 4,
        "height": 12.8
      },
      "geometry": {
        "type": "Polygon",
        "coordinates": [
          [
            [
              77.6444893,
              12.9736625
            ],
            [
              77.6444825,
              12.9738544
            ],
            [
              77.6445952,
              12.9738582
            ],
            [
              77.644602,
              12.9736663
            ],
            [
              77.6444893,
              12.9736625
            ]
          ]
        ]
      }
    },
    {
      "type": "Feature",
      "id": "BLDG-343684220",
      "properties": {
        "building_type": "house",
        "osm_id": 343684220,
        "centroid": {
          "lat": 12.97373872,
          "lon": 77.64395814
        },
        "area_m2": 228.99256155482314,
        "levels": 1,
        "height": 3.2
      },
      "geometry": {
        "type": "Polygon",
        "coordinates": [
          [
            [
              77.643914,
              12.9736718
            ],
            [
              77.643915,
              12.9738397
            ],
            [
              77.6440243,
              12.9738391
            ],
            [
              77.6440234,
              12.9736712
            ],
            [
              77.643914,
              12.9736718
            ]
          ]
        ]
      }
    },
    {
      "type": "Feature",
      "id": "BLDG-343684221",
      "properties": {
        "building_type": "office",
        "osm_id": 343684221,
        "centroid": {
          "lat": 12.97374326,
          "lon": 77.64408796000001
        },
        "area_m2": 233.13771558913334,
        "levels": 3,
        "height": 9.600000000000001
      },
      "geometry": {
        "type": "Polygon",
        "coordinates": [
          [
            [
              77.6440452,
              12.9736755
            ],
            [
              77.6440428,
              12.9738435
            ],
            [
              77.6441521,
              12.9738449
            ],
            [
              77.6441545,
              12.9736769
            ],
            [
              77.6440452,
              12.9736755
            ]
          ]
        ]
      }
    },
    {
      "type": "Feature",
      "id": "BLDG-343684222",
      "properties": {
        "building_type": "house",
        "osm_id": 343684222,
        "centroid": {
          "lat": 12.97375768,
          "lon": 77.64422764
        },
        "area_m2": 232.0285791610479,
        "levels": 1,
        "height": 3.2
      },
      "geometry": {
        "type": "Polygon",
        "coordinates": [
          [
            [
              77.6441847,
              12.97369
            ],
            [
              77.6441827,
              12.973858
            ],
            [
              77.6442921,
              12.9738592
            ],
            [
              77.644294,
              12.9736912
            ],
            [
              77.6441847,
              12.97369
            ]
          ]
        ]
      }
    },
    {
      "type": "Feature",
      "id": "BLDG-343684223",
      "properties": {
        "building_type": "yes",
        "osm_id": 343684223,
        "centroid": {
          "lat": 12.973529840000001,
          "lon": 77.64379126
        },
        "area_m2": 173.8129630399992,
        "levels": 2,
        "height": 6.4
      },
      "geometry": {
        "type": "Polygon",
        "coordinates": [
          [
            [
              77.6437513,
              12.9734753
            ],
            [
              77.6437495,
              12.9736104
            ],
            [
              77.6438512,
              12.9736116
            ],
            [
              77.643853,
              12.9734766
            ],
            [
              77.6437513,
              12.9734753
            ]
          ]
        ]
      }
    },
    {
      "type": "Feature",
      "id": "BLDG-343684224",
      "properties": {
        "building_type": "yes",
        "osm_id": 343684224,
        "centroid": {
          "lat": 12.973539919999999,
          "lon": 77.64391044
        },
        "area_m2": 173.64502782223298,
        "levels": 2,
        "height": 6.4
      },
      "geometry": {
        "type": "Polygon",
        "coordinates": [
          [
            [
              77.6438705,
              12.9734854
            ],
            [
              77.6438687,
              12.9736204
            ],
            [
              77.6439704,
              12.9736217
            ],
            [
              77.6439721,
              12.9734867
            ],
            [
              77.6438705,
              12.9734854
            ]
          ]
        ]
      }
    },
    {
      "type": "Feature",
      "id": "BLDG-343684225",
      "properties": {
        "building_type": "yes",
        "osm_id": 343684225,
        "centroid": {
          "lat": 12.97355642,
          "lon": 77.64404308
        },
        "area_m2": 173.64502781996993,
        "levels": 2,
        "height": 6.4
      },
      "geometry": {
        "type": "Polygon",
        "coordinates": [
          [
            [
              77.6440031,
              12.9735019
            ],
            [
              77.6440014,
              12.9736369
            ],
            [
              77.644103,
              12.9736382
            ],
            [
              77.6441048,
              12.9735032
            ],
            [
              77.6440031,
              12.9735019
            ]
          ]
        ]
      }
    },
    {
      "type": "Feature",
      "id": "BLDG-343684226",
      "properties": {
        "building_type": "yes",
        "osm_id": 343684226,
        "centroid": {
          "lat": 12.97353542,
          "lon": 77.64367336000001
        },
        "area_m2": 173.8129630399992,
        "levels": 2,
        "height": 6.4
      },
      "geometry": {
        "type": "Polygon",
        "coordinates": [
          [
            [
              77.6436334,
              12.9734809
            ],
            [
              77.6436316,
              12.9736159
            ],
            [
              77.6437333,
              12.9736172
            ],
            [
              77.6437351,
              12.9734822
            ],
            [
              77.6436334,
              12.9734809
            ]
          ]
        ]
      }
    },
    {
      "type": "Feature",
      "id": "BLDG-343684227",
      "properties": {
        "building_type": "office",
        "osm_id": 343684227,
        "centroid": {
          "lat": 12.97374318,
          "lon": 77.64438892000001
        },
        "area_m2": 313.4196266564001,
        "levels": 4,
        "height": 12.8
      },
      "geometry": {
        "type": "Polygon",
        "coordinates": [
          [
            [
              77.6443415,
              12.9736635
            ],
            [
              77.6443369,
              12.97386
            ],
            [
              77.6444601,
              12.9738627
            ],
            [
              77.6444646,
              12.9736662
            ],
            [
              77.6443415,
              12.9736635
            ]
          ]
        ]
      }
    },
    {
      "type": "Feature",
      "id": "BLDG-343685125",
      "properties": {
        "building_type": "apartments",
        "osm_id": 343685125,
        "centroid": {
          "lat": 12.974290373333334,
          "lon": 77.64374172
        },
        "area_m2": 573.3587207001606,
        "levels": 3,
        "height": 9.600000000000001
      },
      "geometry": {
        "type": "Polygon",
        "coordinates": [
          [
            [
              77.6436316,
              12.9742227
            ],
            [
              77.6436284,
              12.9743312
            ],
            [
              77.6436838,
              12.9743327
            ],
            [
              77.6436812,
              12.9744195
            ],
            [
              77.6438095,
              12.974423
            ],
            [
              77.6438123,
              12.9743261
            ],
            [
              77.6438237,
              12.9743265
            ],
            [
              77.643825,
              12.9742821
            ],
            [
              77.6438573,
              12.974283
            ],
            [
              77.643859,
              12.9742241
            ],
            [
              77.643753,
              12.9742212
            ],
            [
              77.6437519,
              12.9742591
            ],
            [
              77.6436883,
              12.9742574
            ],
            [
              77.6436892,
              12.9742243
            ],
            [
              77.6436316,
              12.9742227
            ]
          ]
        ]
      }
    },
    {
      "type": "Feature",
      "id": "BLDG-343685127",
      "properties": {
        "building_type": "apartments",
        "osm_id": 343685127,
        "centroid": {
          "lat": 12.97408983076923,
          "lon": 77.64374037692308
        },
        "area_m2": 440.03120830957926,
        "levels": 5,
        "height": 16.0
      },
      "geometry": {
        "type": "Polygon",
        "coordinates": [
          [
            [
              77.6436442,
              12.9740226
            ],
            [
              77.6436413,
              12.974163
            ],
            [
              77.6437123,
              12.9741644
            ],
            [
              77.643712,
              12.9741789
            ],
            [
              77.6437797,
              12.9741802
            ],
            [
              77.64378,
              12.9741657
            ],
            [
              77.6438521,
              12.974167
            ],
            [
              77.6438549,
              12.9740267
            ],
            [
              77.6437868,
              12.9740254
            ],
            [
              77.643787,
              12.9740143
            ],
            [
              77.6437153,
              12.974013
            ],
            [
              77.6437151,
              12.974024
            ],
            [
              77.6436442,
              12.9740226
            ]
          ]
        ]
      }
    },
    {
      "type": "Feature",
      "id": "BLDG-343685129",
      "properties": {
        "building_type": "yes",
        "osm_id": 343685129,
        "centroid": {
          "lat": 12.97409538,
          "lon": 77.64485626000001
        },
        "area_m2": 355.3179264041425,
        "levels": 2,
        "height": 6.4
      },
      "geometry": {
        "type": "Polygon",
        "coordinates": [
          [
            [
              77.6447361,
              12.9741277
            ],
            [
              77.6450341,
              12.9741353
            ],
            [
              77.6450365,
              12.9740469
            ],
            [
              77.6447385,
              12.9740393
            ],
            [
              77.6447361,
              12.9741277
            ]
          ]
        ]
      }
    },
    {
      "type": "Feature",
      "id": "BLDG-343685131",
      "properties": {
        "building_type": "yes",
        "osm_id": 343685131,
        "centroid": {
          "lat": 12.97470252,
          "lon": 77.64553414
        },
        "area_m2": 380.98059802689835,
        "levels": 2,
        "height": 6.4
      },
      "geometry": {
        "type": "Polygon",
        "coordinates": [
          [
            [
              77.6454667,
              12.9747738
            ],
            [
              77.6456323,
              12.9747764
            ],
            [
              77.6456353,
              12.9745956
            ],
            [
              77.6454697,
              12.974593
            ],
            [
              77.6454667,
              12.9747738
            ]
          ]
        ]
      }
    },
    {
      "type": "Feature",
      "id": "BLDG-343685132",
      "properties": {
        "building_type": "yes",
        "osm_id": 343685132,
        "centroid": {
          "lat": 12.97471156,
          "lon": 77.64573573999999
        },
        "area_m2": 383.4481247347166,
        "levels": 2,
        "height": 6.4
      },
      "geometry": {
        "type": "Polygon",
        "coordinates": [
          [
            [
              77.6456729,
              12.9747892
            ],
            [
              77.6458274,
              12.9747912
            ],
            [
              77.64583,
              12.9745951
            ],
            [
              77.6456755,
              12.9745931
            ],
            [
              77.6456729,
              12.9747892
            ]
          ]
        ]
      }
    },
    {
      "type": "Feature",
      "id": "BLDG-343685133",
      "properties": {
        "building_type": "yes",
        "osm_id": 343685133,
        "centroid": {
          "lat": 12.97496274,
          "lon": 77.64591327999999
        },
        "area_m2": 454.9620425373856,
        "levels": 2,
        "height": 6.4
      },
      "geometry": {
        "type": "Polygon",
        "coordinates": [
          [
            [
              77.6458474,
              12.9750497
            ],
            [
              77.6460072,
              12.9750531
            ],
            [
              77.6460121,
              12.9748323
            ],
            [
              77.6458523,
              12.9748289
            ],
            [
              77.6458474,
              12.9750497
            ]
          ]
        ]
      }
    },
    {
      "type": "Feature",
      "id": "BLDG-343685134",
      "properties": {
        "building_type": "yes",
        "osm_id": 343685134,
        "centroid": {
          "lat": 12.97494706,
          "lon": 77.6457195
        },
        "area_m2": 410.01392566925034,
        "levels": 2,
        "height": 6.4
      },
      "geometry": {
        "type": "Polygon",
        "coordinates": [
          [
            [
              77.6456621,
              12.9750375
            ],
            [
              77.6458005,
              12.9750404
            ],
            [
              77.6458056,
              12.9748114
            ],
            [
              77.6456672,
              12.9748085
            ],
            [
              77.6456621,
              12.9750375
            ]
          ]
        ]
      }
    },
    {
      "type": "Feature",
      "id": "BLDG-343685135",
      "properties": {
        "building_type": "yes",
        "osm_id": 343685135,
        "centroid": {
          "lat": 12.9749594,
          "lon": 77.64552280000001
        },
        "area_m2": 432.13492585003,
        "levels": 2,
        "height": 6.4
      },
      "geometry": {
        "type": "Polygon",
        "coordinates": [
          [
            [
              77.6454621,
              12.9750494
            ],
            [
              77.6456088,
              12.9750525
            ],
            [
              77.6456138,
              12.9748244
            ],
            [
              77.6454672,
              12.9748213
            ],
            [
              77.6454621,
              12.9750494
            ]
          ]
        ]
      }
    },
    {
      "type": "Feature",
      "id": "BLDG-343685136",
      "properties": {
        "building_type": "yes",
        "osm_id": 343685136,
        "centroid": {
          "lat": 12.974707318181817,
          "lon": 77.64535940909091
        },
        "area_m2": 420.25748183941926,
        "levels": 2,
        "height": 6.4
      },
      "geometry": {
        "type": "Polygon",
        "coordinates": [
          [
            [
              77.6452903,
              12.974787
            ],
            [
              77.6453357,
              12.974788
            ],
            [
              77.6453361,
              12.9747696
            ],
            [
              77.6454212,
              12.9747715
            ],
            [
              77.6454243,
              12.9746366
            ],
            [
              77.645455,
              12.9746373
            ],
            [
              77.6454562,
              12.9745852
            ],
            [
              77.6453278,
              12.9745824
            ],
            [
              77.6453246,
              12.9747183
            ],
            [
              77.645292,
              12.9747176
            ],
            [
              77.6452903,
              12.974787
            ]
          ]
        ]
      }
    },
    {
      "type": "Feature",
      "id": "BLDG-343685137",
      "properties": {
        "building_type": "apartments",
        "osm_id": 343685137,
        "centroid": {
          "lat": 12.97471948,
          "lon": 77.6459186
        },
        "area_m2": 403.2485877829758,
        "levels": 2,
        "height": 6.4
      },
      "geometry": {
        "type": "Polygon",
        "coordinates": [
          [
            [
              77.6458529,
              12.9747962
            ],
            [
              77.6460124,
              12.9747999
            ],
            [
              77.6460172,
              12.9746044
            ],
            [
              77.6458576,
              12.9746007
            ],
            [
              77.6458529,
              12.9747962
            ]
          ]
        ]
      }
    },
    {
      "type": "Feature",
      "id": "BLDG-343685138",
      "properties": {
        "building_type": "yes",
        "osm_id": 343685138,
        "centroid": {
          "lat": 12.97500924,
          "lon": 77.64531292000001
        },
        "area_m2": 267.43469760478746,
        "levels": 2,
        "height": 6.4
      },
      "geometry": {
        "type": "Polygon",
        "coordinates": [
          [
            [
              77.6452491,
              12.975061
            ],
            [
              77.6454057,
              12.9750643
            ],
            [
              77.6454087,
              12.9749316
            ],
            [
              77.645252,
              12.9749283
            ],
            [
              77.6452491,
              12.975061
            ]
          ]
        ]
      }
    },
    {
      "type": "Feature",
      "id": "BLDG-343685140",
      "properties": {
        "building_type": "detached",
        "osm_id": 343685140,
        "centroid": {
          "lat": 12.97421418,
          "lon": 77.64660596
        },
        "area_m2": 323.6872087922519,
        "levels": 2,
        "height": 6.4
      },
      "geometry": {
        "type": "Polygon",
        "coordinates": [
          [
            [
              77.6465362,
              12.9741575
            ],
            [
              77.6465307,
              12.9742922
            ],
            [
              77.6467106,
              12.9742992
            ],
            [
              77.6467161,
              12.9741645
            ],
            [
              77.6465362,
              12.9741575
            ]
          ]
        ]
      }
    },
    {
      "type": "Feature",
      "id": "BLDG-343685143",
      "properties": {
        "building_type": "yes",
        "osm_id": 343685143,
        "centroid": {
          "lat": 12.97420366,
          "lon": 77.64641014
        },
        "area_m2": 282.8279389448437,
        "levels": 1,
        "height": 3.2
      },
      "geometry": {
        "type": "Polygon",
        "coordinates": [
          [
            [
              77.6463621,
              12.9741333
            ],
            [
              77.6463569,
              12.9743056
            ],
            [
              77.6464822,
              12.9743092
            ],
            [
              77.6464874,
              12.9741369
            ],
            [
              77.6463621,
              12.9741333
            ]
          ]
        ]
      }
    },
    {
      "type": "Feature",
      "id": "BLDG-343685144",
      "properties": {
        "building_type": "yes",
        "osm_id": 343685144,
        "centroid": {
          "lat": 12.974412939999999,
          "lon": 77.64574006000001
        },
        "area_m2": 549.0809294417537,
        "levels": 2,
        "height": 6.4
      },
      "geometry": {
        "type": "Polygon",
        "coordinates": [
          [
            [
              77.6456311,
              12.9744706
            ],
            [
              77.6458976,
              12.9744803
            ],
            [
              77.6459035,
              12.9743265
            ],
            [
              77.645637,
              12.9743167
            ],
            [
              77.6456311,
              12.9744706
            ]
          ]
        ]
      }
    },
    {
      "type": "Feature",
      "id": "BLDG-343685153",
      "properties": {
        "building_type": "apartments",
        "osm_id": 343685153,
        "centroid": {
          "lat": 12.975645700000001,
          "lon": 77.64621538
        },
        "area_m2": 472.0761579527272,
        "levels": 2,
        "height": 6.4
      },
      "geometry": {
        "type": "Polygon",
        "coordinates": [
          [
            [
              77.6461221,
              12.9757071
            ],
            [
              77.6463514,
              12.9757125
            ],
            [
              77.6463553,
              12.9755536
            ],
            [
              77.646126,
              12.9755482
            ],
            [
              77.6461221,
              12.9757071
            ]
          ]
        ]
      }
    },
    {
      "type": "Feature",
      "id": "BLDG-343685154",
      "properties": {
        "building_type": "yes",
        "osm_id": 343685154,
        "centroid": {
          "lat": 12.975626400000001,
          "lon": 77.64646041111112
        },
        "area_m2": 554.6815632008786,
        "levels": 4,
        "height": 12.8
      },
      "geometry": {
        "type": "Polygon",
        "coordinates": [
          [
            [
              77.6464035,
              12.9757052
            ],
            [
              77.646647,
              12.9757124
            ],
            [
              77.6466509,
              12.9755863
            ],
            [
              77.646435,
              12.97558
            ],
            [
              77.646436,
              12.975548
            ],
            [
              77.6463822,
              12.9755464
            ],
            [
              77.6463797,
              12.9756267
            ],
            [
              77.6464059,
              12.9756274
            ],
            [
              77.6464035,
              12.9757052
            ]
          ]
        ]
      }
    },
    {
      "type": "Feature",
      "id": "BLDG-343686189",
      "properties": {
        "building_type": "yes",
        "osm_id": 343686189,
        "centroid": {
          "lat": 12.97589232,
          "lon": 77.64361886
        },
        "area_m2": 481.480777225212,
        "levels": 2,
        "height": 6.4
      },
      "geometry": {
        "type": "Polygon",
        "coordinates": [
          [
            [
              77.6435637,
              12.9757932
            ],
            [
              77.6435538,
              12.9760353
            ],
            [
              77.6437016,
              12.976041
            ],
            [
              77.6437115,
              12.9757989
            ],
            [
              77.6435637,
              12.9757932
            ]
          ]
        ]
      }
    },
    {
      "type": "Feature",
      "id": "BLDG-343686190",
      "properties": {
        "building_type": "yes",
        "osm_id": 343686190,
        "centroid": {
          "lat": 12.975898,
          "lon": 77.64379815999999
        },
        "area_m2": 461.55944521721796,
        "levels": 2,
        "height": 6.4
      },
      "geometry": {
        "type": "Polygon",
        "coordinates": [
          [
            [
              77.6437428,
              12.9758028
            ],
            [
              77.6437333,
              12.9760351
            ],
            [
              77.6438812,
              12.9760408
            ],
            [
              77.6438907,
              12.9758085
            ],
            [
              77.6437428,
              12.9758028
            ]
          ]
        ]
      }
    },
    {
      "type": "Feature",
      "id": "BLDG-343686191",
      "properties": {
        "building_type": "yes",
        "osm_id": 343686191,
        "centroid": {
          "lat": 12.97589016,
          "lon": 77.64414096
        },
        "area_m2": 481.6750794408737,
        "levels": 2,
        "height": 6.4
      },
      "geometry": {
        "type": "Polygon",
        "coordinates": [
          [
            [
              77.6440858,
              12.975791
            ],
            [
              77.6440759,
              12.9760332
            ],
            [
              77.6442237,
              12.9760389
            ],
            [
              77.6442336,
              12.9757967
            ],
            [
              77.6440858,
              12.975791
            ]
          ]
        ]
      }
    },
    {
      "type": "Feature",
      "id": "BLDG-343686192",
      "properties": {
        "building_type": "yes",
        "osm_id": 343686192,
        "centroid": {
          "lat": 12.97591362,
          "lon": 77.64431046
        },
        "area_m2": 481.4807772685998,
        "levels": 2,
        "height": 6.4
      },
      "geometry": {
        "type": "Polygon",
        "coordinates": [
          [
            [
              77.6442553,
              12.9758145
            ],
            [
              77.6442454,
              12.9760566
            ],
            [
              77.6443932,
              12.9760623
            ],
            [
              77.6444031,
              12.9758202
            ],
            [
              77.6442553,
              12.9758145
            ]
          ]
        ]
      }
    },
    {
      "type": "Feature",
      "id": "BLDG-343686193",
      "properties": {
        "building_type": "yes",
        "osm_id": 343686193,
        "centroid": {
          "lat": 12.97592626,
          "lon": 77.6449561
        },
        "area_m2": 394.3779605991768,
        "levels": 2,
        "height": 6.4
      },
      "geometry": {
        "type": "Polygon",
        "coordinates": [
          [
            [
              77.6448945,
              12.9758505
            ],
            [
              77.644887,
              12.9760336
            ],
            [
              77.6450485,
              12.9760399
            ],
            [
              77.645056,
              12.9758568
            ],
            [
              77.6448945,
              12.9758505
            ]
          ]
        ]
      }
    },
    {
      "type": "Feature",
      "id": "BLDG-343686194",
      "properties": {
        "building_type": "yes",
        "osm_id": 343686194,
        "centroid": {
          "lat": 12.97587852,
          "lon": 77.64532356
        },
        "area_m2": 254.0755301542552,
        "levels": 2,
        "height": 6.4
      },
      "geometry": {
        "type": "Polygon",
        "coordinates": [
          [
            [
              77.645255,
              12.9758316
            ],
            [
              77.6452528,
              12.9759457
            ],
            [
              77.6454264,
              12.9759489
            ],
            [
              77.6454286,
              12.9758348
            ],
            [
              77.645255,
              12.9758316
            ]
          ]
        ]
      }
    },
    {
      "type": "Feature",
      "id": "BLDG-343686195",
      "properties": {
        "building_type": "yes",
        "osm_id": 343686195,
        "centroid": {
          "lat": 12.976206719999999,
          "lon": 77.64527444000001
        },
        "area_m2": 385.55341397687044,
        "levels": 2,
        "height": 6.4
      },
      "geometry": {
        "type": "Polygon",
        "coordinates": [
          [
            [
              77.6452067,
              12.9761342
            ],
            [
              77.6452051,
              12.976314
            ],
            [
              77.645376,
              12.9763155
            ],
            [
              77.6453777,
              12.9761357
            ],
            [
              77.6452067,
              12.9761342
            ]
          ]
        ]
      }
    },
    {
      "type": "Feature",
      "id": "BLDG-343686196",
      "properties": {
        "building_type": "yes",
        "osm_id": 343686196,
        "centroid": {
          "lat": 12.97619422,
          "lon": 77.64365702
        },
        "area_m2": 496.13069268639765,
        "levels": 2,
        "height": 6.4
      },
      "geometry": {
        "type": "Polygon",
        "coordinates": [
          [
            [
              77.6435647,
              12.9761281
            ],
            [
              77.6435583,
              12.9762842
            ],
            [
              77.6437955,
              12.9762934
            ],
            [
              77.6438019,
              12.9761373
            ],
            [
              77.6435647,
              12.9761281
            ]
          ]
        ]
      }
    },
    {
      "type": "Feature",
      "id": "BLDG-343686197",
      "properties": {
        "building_type": "yes",
        "osm_id": 343686197,
        "centroid": {
          "lat": 12.97655834,
          "lon": 77.64362402
        },
        "area_m2": 620.9897353216908,
        "levels": 2,
        "height": 6.4
      },
      "geometry": {
        "type": "Polygon",
        "coordinates": [
          [
            [
              77.6435166,
              12.9764869
            ],
            [
              77.6435098,
              12.9766547
            ],
            [
              77.6437851,
              12.9766655
            ],
            [
              77.643792,
              12.9764977
            ],
            [
              77.6435166,
              12.9764869
            ]
          ]
        ]
      }
    },
    {
      "type": "Feature",
      "id": "BLDG-343686198",
      "properties": {
        "building_type": "yes",
        "osm_id": 343686198,
        "centroid": {
          "lat": 12.976622459999998,
          "lon": 77.64526004000001
        },
        "area_m2": 443.85663239398946,
        "levels": 2,
        "height": 6.4
      },
      "geometry": {
        "type": "Polygon",
        "coordinates": [
          [
            [
              77.6451746,
              12.9765587
            ],
            [
              77.6451684,
              12.9767096
            ],
            [
              77.6453882,
              12.9767181
            ],
            [
              77.6453944,
              12.9765672
            ],
            [
              77.6451746,
              12.9765587
            ]
          ]
        ]
      }
    }
  ]
}